{
"type": "FeatureCollection",
"name": "red_zones",
"crs": { "type": "name", "properties": { "name": "urn:ogc:def:crs:OGC:1.3:CRS84" } },
"features": [
{ "type": "Feature", "properties": { "zone_class": "Orange", "h_mean": 0.55913761467889911, "h_max": 0.6999, "source": "DERIVED", "area_ha": 234680.60811590232 }, "geometry": { "type": "MultiPolygon", "coordinates": [ [ [ [ 79.443536117117446, 30.678160839051657 ], [ 79.436238199653843, 30.6780731842831 ], [ 79.436136533650199, 30.684381012715363 ], [ 79.421539847132692, 30.684204430005682 ], [ 79.421437200777845, 30.690512207930887 ], [ 79.443333701168712, 30.690776533242158 ], [ 79.443434925110637, 30.684468689363403 ], [ 79.465330290504639, 30.684729260404147 ], [ 79.465230489053411, 30.69103716931626 ], [ 79.501725763436426, 30.69146336400712 ], [ 79.501530810259254, 30.704079375282216 ], [ 79.494230744412278, 30.703994914113039 ], [ 79.493936659457134, 30.722918819695597 ], [ 79.479333771851842, 30.722748539502081 ], [ 79.479432780997854, 30.716440619854701 ], [ 79.464830968211928, 30.716268740700468 ], [ 79.464530996553378, 30.735192351737656 ], [ 79.442624238665104, 30.734931260198312 ], [ 79.44252275893065, 30.741239052582657 ], [ 79.457128183148328, 30.741413567752851 ], [ 79.45702762241406, 30.74772139720422 ], [ 79.471634124532741, 30.747894312487265 ], [ 79.471733734219356, 30.741586439937716 ], [ 79.493642296053096, 30.741842667507886 ], [ 79.493740448140514, 30.735534724657427 ], [ 79.501042888800754, 30.735619291215009 ], [ 79.500847504635956, 30.748235212668661 ], [ 79.508150927092586, 30.748319410514391 ], [ 79.508248159011714, 30.742011432010884 ], [ 79.515551136562181, 30.742095198080829 ], [ 79.515647862388462, 30.735787192280267 ], [ 79.522950395016196, 30.735870526775738 ], [ 79.523046615049381, 30.729562493786617 ], [ 79.530348702737868, 30.729645396908957 ], [ 79.53044441727765, 30.723337336839716 ], [ 79.523142804734675, 30.723254454388389 ], [ 79.523238964080321, 30.716946408581904 ], [ 79.501335734026156, 30.716695360902371 ], [ 79.501433287528869, 30.710387371299564 ], [ 79.508733858811368, 30.710471443269114 ], [ 79.508927924314776, 30.697855402883288 ], [ 79.516227577009914, 30.697939022841986 ], [ 79.516131034095537, 30.704247067105509 ], [ 79.523431191785505, 30.704330297747465 ], [ 79.523335093094531, 30.71063835636798 ], [ 79.530635755795785, 30.710721197485192 ], [ 79.530826973619853, 30.698105032514778 ], [ 79.523527260161472, 30.698022232721161 ], [ 79.523623298230646, 30.691714161289937 ], [ 79.516324089467872, 30.691630972170895 ], [ 79.516420571477639, 30.68532291509305 ], [ 79.509121867394001, 30.685239336856519 ], [ 79.509218793045264, 30.678931294229866 ], [ 79.516517023047484, 30.679014851609292 ], [ 79.516613444185609, 30.67270678172045 ], [ 79.523911230679346, 30.672789908574913 ], [ 79.524486278399465, 30.634941230323811 ], [ 79.531781254614344, 30.635023823656891 ], [ 79.531495286481217, 30.653948253489091 ], [ 79.538791712400609, 30.654030499356921 ], [ 79.538601863657391, 30.666646795013072 ], [ 79.545899266709597, 30.666728672377065 ], [ 79.545710245878269, 30.679344983339419 ], [ 79.538411895046281, 30.679263065087028 ], [ 79.538221806502406, 30.69187930957214 ], [ 79.545521105712226, 30.691961268723333 ], [ 79.545615690716133, 30.685653129229099 ], [ 79.55000900014204, 30.685702252001359 ], [ 79.550012747284583, 30.654156184161511 ], [ 79.546088168270742, 30.654112335842889 ], [ 79.546182574345167, 30.647804157988457 ], [ 79.538886591842015, 30.647722341937602 ], [ 79.538981441340752, 30.641414178125224 ], [ 79.550014123014108, 30.641537715466374 ], [ 79.550014784503603, 30.635228472216369 ], [ 79.546371297121993, 30.635187783109014 ], [ 79.546465613840496, 30.628879586085695 ], [ 79.539171050542606, 30.628797831324629 ], [ 79.539549909990129, 30.603565061043366 ], [ 79.546842583102773, 30.603646734120971 ], [ 79.54721907657192, 30.578413780001956 ], [ 79.53263753580211, 30.578250188974508 ], [ 79.532827490272723, 30.565633755438959 ], [ 79.540117302739745, 30.565715714021273 ], [ 79.54002281192281, 30.572023954485392 ], [ 79.5473131256567, 30.572105525516839 ], [ 79.547501134743371, 30.559488997406014 ], [ 79.540211763718915, 30.559407467174946 ], [ 79.540400596196221, 30.546790954338924 ], [ 79.525823827965766, 30.546626752523775 ], [ 79.525728484696344, 30.552934971038603 ], [ 79.518439674714557, 30.552852237976659 ], [ 79.517960149394668, 30.584393131210149 ], [ 79.510669012697051, 30.584309886369912 ], [ 79.510572544896732, 30.590618025024838 ], [ 79.503280966821592, 30.59053435103058 ], [ 79.503086995698752, 30.603150567304507 ], [ 79.488502043357315, 30.602981910024166 ], [ 79.488404067314292, 30.609289966399814 ], [ 79.48111116520586, 30.609205003739209 ], [ 79.481012685819294, 30.615513032471895 ], [ 79.488306060333727, 30.615598016368917 ], [ 79.488208022407292, 30.621906059930652 ], [ 79.502795809259993, 30.622074843710624 ], [ 79.502892902051201, 30.61576675797701 ], [ 79.510186368956056, 30.615850515675838 ], [ 79.510379517890726, 30.603234283145746 ], [ 79.517672070564871, 30.603317590446277 ], [ 79.517383718736681, 30.62224199212681 ], [ 79.510089748744903, 30.622158622342237 ], [ 79.509993098026854, 30.628466722608422 ], [ 79.495404304262962, 30.628298714531276 ], [ 79.495111330844622, 30.647222850969278 ], [ 79.502407131452273, 30.647307122608083 ], [ 79.502309885298203, 30.653615176318986 ], [ 79.516902525092121, 30.653782533631773 ], [ 79.516709834900283, 30.666398705427365 ], [ 79.509412552612503, 30.666315189754211 ], [ 79.50931568811535, 30.672623245195478 ], [ 79.502017962618012, 30.672539299006072 ], [ 79.501823193899838, 30.685155348751053 ], [ 79.494524551144707, 30.685070950782755 ], [ 79.494720267843036, 30.672454943158304 ], [ 79.487422603939876, 30.672370177658298 ], [ 79.487619144516628, 30.659754186699168 ], [ 79.48032245898365, 30.659669054071752 ], [ 79.480519822293942, 30.647053079967499 ], [ 79.473224114649454, 30.64696758061682 ], [ 79.473422299549256, 30.634351623556899 ], [ 79.466127569311681, 30.634265757887007 ], [ 79.466028019514994, 30.640573718173552 ], [ 79.458732847718764, 30.64048742193561 ], [ 79.458632793368579, 30.646795354246912 ], [ 79.465928438291243, 30.646881672041228 ], [ 79.465828825631945, 30.653189619489197 ], [ 79.473124975274359, 30.653275549521748 ], [ 79.472926602631503, 30.665891468077277 ], [ 79.480223730601963, 30.665977031500383 ], [ 79.480026180343316, 30.678592967106439 ], [ 79.458132047674596, 30.678334919450055 ], [ 79.458432589905243, 30.659411199601372 ], [ 79.451136029883756, 30.659324429269311 ], [ 79.451638667267048, 30.627784876009649 ], [ 79.444344504543622, 30.627697805070511 ], [ 79.44373840536025, 30.665545119132485 ], [ 79.451035407187703, 30.665632320644018 ], [ 79.450934752731825, 30.671940205590992 ], [ 79.443637277197766, 30.67185298230773 ], [ 79.443536117117446, 30.678160839051657 ] ], [ [ 79.479234731467542, 30.72905645272515 ], [ 79.486536634821505, 30.729141819339077 ], [ 79.486438038435807, 30.735449747424724 ], [ 79.471833312492393, 30.735278560958616 ], [ 79.47203237483177, 30.722662783715098 ], [ 79.479333771851842, 30.722748539502081 ], [ 79.479234731467542, 30.72905645272515 ] ], [ [ 79.501238149742804, 30.723003344089761 ], [ 79.515841222531364, 30.723171161442249 ], [ 79.515744557708757, 30.729479180067127 ], [ 79.50844253086585, 30.729395455756542 ], [ 79.508345360266688, 30.735703447091325 ], [ 79.501042888800754, 30.735619291215009 ], [ 79.501238149742804, 30.723003344089761 ] ], [ [ 79.525537707792225, 30.565551388910215 ], [ 79.525633111307869, 30.559243183167709 ], [ 79.53292242252418, 30.559325529093531 ], [ 79.532827490272723, 30.565633755438959 ], [ 79.525537707792225, 30.565551388910215 ] ], [ [ 79.517287540756058, 30.628550113226286 ], [ 79.517095093688809, 30.64116633622919 ], [ 79.50979970503721, 30.641082903936809 ], [ 79.509993098026854, 30.628466722608422 ], [ 79.517287540756058, 30.628550113226286 ] ], [ [ 79.517768127163691, 30.597009443761522 ], [ 79.517864153437571, 30.590701290682532 ], [ 79.525155792295195, 30.590784147997628 ], [ 79.525251316400869, 30.58447596780983 ], [ 79.532542513566781, 30.584558396162972 ], [ 79.532447461320658, 30.590866596964123 ], [ 79.539739160365045, 30.590948637576034 ], [ 79.539644550116606, 30.597256852502895 ], [ 79.517768127163691, 30.597009443761522 ] ], [ [ 79.524869038938505, 30.609708650213033 ], [ 79.524964653572155, 30.603400489200062 ], [ 79.53225726676358, 30.603482979401086 ], [ 79.532162124436425, 30.609791161035236 ], [ 79.524869038938505, 30.609708650213033 ] ] ], [ [ [ 79.414653709031725, 30.65888443657839 ], [ 79.42924654092414, 30.659061661835452 ], [ 79.429144497582357, 30.665369487596667 ], [ 79.436441435442006, 30.665457508114592 ], [ 79.436644542995822, 30.652841806213051 ], [ 79.414756666929293, 30.652576648629609 ], [ 79.414653709031725, 30.65888443657839 ] ] ], [ [ [ 79.436339833581556, 30.671765349415892 ], [ 79.443637277197766, 30.67185298230773 ], [ 79.44373840536025, 30.665545119132485 ], [ 79.436441435442006, 30.665457508114592 ], [ 79.436339833581556, 30.671765349415892 ] ] ], [ [ [ 79.442725686395164, 30.728623461374244 ], [ 79.435423972768717, 30.728535631491802 ], [ 79.435322049844714, 30.734843408414115 ], [ 79.442624238665104, 30.734931260198312 ], [ 79.442725686395164, 30.728623461374244 ] ] ], [ [ [ 79.464930895694849, 30.709960857495734 ], [ 79.457630511291526, 30.709874323987066 ], [ 79.457730881874653, 30.703566455938006 ], [ 79.450431003754034, 30.703479533880685 ], [ 79.450229281543059, 30.716095220173091 ], [ 79.464830968211928, 30.716268740700468 ], [ 79.464930895694849, 30.709960857495734 ] ] ], [ [ [ 79.465030791657057, 30.703652967862897 ], [ 79.465230489053411, 30.69103716931626 ], [ 79.457931528063995, 30.690950700550676 ], [ 79.457730881874653, 30.703566455938006 ], [ 79.465030791657057, 30.703652967862897 ] ] ], [ [ [ 78.786589593764759, 30.359532529143443 ], [ 78.772046859220751, 30.359285354137409 ], [ 78.750810234624097, 30.333689038223927 ], [ 78.750377449711365, 30.352605940795165 ], [ 78.771903857933339, 30.365591062052868 ], [ 78.750041599369183, 30.37769453618769 ], [ 78.750041770896701, 30.396756792398484 ], [ 78.77118817297773, 30.397119501118272 ], [ 78.75692830117444, 30.384259104633127 ], [ 78.793436082355299, 30.378572893110601 ], [ 78.814693223950371, 30.404163140689153 ], [ 78.84379299655788, 30.404647026570338 ], [ 78.843376916628245, 30.423564909127872 ], [ 78.872893470246041, 30.405124435507371 ], [ 78.864794143571515, 30.442841935641297 ], [ 78.842821529394172, 30.448788659157216 ], [ 78.871935089855967, 30.449266906783066 ], [ 78.880577382878386, 30.386324384840556 ], [ 78.924621148082963, 30.368106417389761 ], [ 78.924087856557435, 30.39333170852068 ], [ 78.909404438124056, 30.399405846288978 ], [ 78.916143408471299, 30.424747175229136 ], [ 78.879486692388454, 30.436773294036019 ], [ 78.879213588613695, 30.449385454825464 ], [ 78.923152972279709, 30.437475712935363 ], [ 78.922751674027182, 30.456394472528512 ], [ 78.834985286356627, 30.473891605770788 ], [ 78.863968436499945, 30.480677940959641 ], [ 78.863692852811369, 30.493289889406643 ], [ 78.878666863032919, 30.474609696539794 ], [ 78.914934920268379, 30.481503132347207 ], [ 78.907248864914052, 30.500304911319617 ], [ 78.870837199193602, 30.499715045856025 ], [ 78.907113779445183, 30.506611046420659 ], [ 78.906573010716457, 30.531835520331366 ], [ 78.88471883933849, 30.531482378515889 ], [ 78.906437711763488, 30.538141622180966 ], [ 78.906166985652121, 30.550753805919907 ], [ 78.884308583274432, 30.550400398951215 ], [ 78.883760970343474, 30.575624332867665 ], [ 78.913318248733859, 30.557176904959196 ], [ 78.912507612860963, 30.59501343214599 ], [ 78.941932714473566, 30.582865742539997 ], [ 78.920604981614503, 30.557293514776934 ], [ 78.928159746364187, 30.544797371852216 ], [ 78.913588119629139, 30.54456467600237 ], [ 78.914531326637317, 30.500421665216596 ], [ 78.922081997721904, 30.487925605834036 ], [ 78.936512132650734, 30.49446323029705 ], [ 78.922349995194878, 30.475313172419927 ], [ 78.931893874197655, 30.368221749604935 ], [ 78.975661062489323, 30.362598712388088 ], [ 78.967866620293918, 30.387711840968102 ], [ 78.975401111076735, 30.375211785535274 ], [ 78.982415411296813, 30.387937418971838 ], [ 79.004367117064547, 30.38196611849126 ], [ 78.996706886494948, 30.40077456762933 ], [ 78.945647659782281, 30.406289617617478 ], [ 78.960067826153193, 30.412824232021165 ], [ 78.952396483490318, 30.43162950228621 ], [ 78.974098885738485, 30.43827675535449 ], [ 78.966558898061535, 30.450776395014426 ], [ 78.988525720888532, 30.444808492660826 ], [ 79.002825891865868, 30.457645273570833 ], [ 79.025173952490832, 30.432751266724519 ], [ 79.046630673632535, 30.452000107496541 ], [ 79.075872823254102, 30.446126081009314 ], [ 79.07612057994308, 30.433512379638199 ], [ 79.112390685976493, 30.440350854773808 ], [ 79.119911659287865, 30.427841928464325 ], [ 79.127069125272129, 30.434253624127688 ], [ 79.156302095440694, 30.428361120537538 ], [ 79.127310177875444, 30.421639524849123 ], [ 79.134947650887639, 30.402822466269626 ], [ 79.105477661633998, 30.421324439751317 ], [ 79.10608663458477, 30.3897894722937 ], [ 79.09820023308086, 30.421218600763783 ], [ 79.069090907109043, 30.420791191909785 ], [ 79.069339285445821, 30.408177491995733 ], [ 79.083892001093957, 30.408391899397277 ], [ 79.077357016645607, 30.370443479574551 ], [ 79.04763603828377, 30.401546064581243 ], [ 79.048137767998682, 30.376318885535518 ], [ 79.026062763185692, 30.388604440785702 ], [ 79.026569772599601, 30.363377538470449 ], [ 79.055536521076846, 30.370120532336909 ], [ 79.070331229797631, 30.357722430187433 ], [ 79.120757680981711, 30.383692604642452 ], [ 79.158077712058315, 30.333753083717564 ], [ 79.172620150273175, 30.333957152551807 ], [ 79.172268495072885, 30.352879030953456 ], [ 79.150213282696527, 30.365186489455773 ], [ 79.172033872838497, 30.365493584049471 ], [ 79.179657956756643, 30.34667322412173 ], [ 79.201359404721771, 30.353282625188488 ], [ 79.201128511880526, 30.365897381045588 ], [ 79.186581118728839, 30.365696291495112 ], [ 79.193506784107598, 30.38471904801392 ], [ 79.164288749250034, 30.39062054934762 ], [ 79.200666287872124, 30.391126814867807 ], [ 79.199740084356151, 30.441585370744178 ], [ 79.170740795046612, 30.434873160911884 ], [ 79.163225564851373, 30.447385251284256 ], [ 79.199624144147123, 30.447892660983044 ], [ 79.198927732935331, 30.485736265842938 ], [ 79.220775758411534, 30.486036292791159 ], [ 79.21372345454779, 30.47332208090457 ], [ 79.257414636660698, 30.473913303129979 ], [ 79.257189857490687, 30.486528208787135 ], [ 79.228172790165317, 30.479828137686493 ], [ 79.227829830196399, 30.498750171845604 ], [ 79.256852422294102, 30.505450518653056 ], [ 79.270974476823071, 30.530874435661005 ], [ 79.249002669186112, 30.536889806141321 ], [ 79.25583819591381, 30.562217097966396 ], [ 79.263351455464061, 30.549699755345962 ], [ 79.292391870878348, 30.556392808750921 ], [ 79.278038166162219, 30.543585890014164 ], [ 79.278594394144548, 30.512048505176658 ], [ 79.264136757628108, 30.505547755485377 ], [ 79.272090048232201, 30.467799615981626 ], [ 79.286542803441733, 30.474299325911655 ], [ 79.28598997545366, 30.505837025219478 ], [ 79.300449231524169, 30.512335405902629 ], [ 79.292833439971062, 30.531162773588132 ], [ 79.307296857363596, 30.537660528871346 ], [ 79.314801611122178, 30.525139850272332 ], [ 79.293384617346049, 30.499625083992996 ], [ 79.301216619911912, 30.468182292503752 ], [ 79.279593393018175, 30.455280804511307 ], [ 79.308934221653701, 30.443046358573614 ], [ 79.330451358565028, 30.462250761868603 ], [ 79.337839867128977, 30.456036029744872 ], [ 79.352614073006578, 30.44360518879839 ], [ 79.35240182708587, 30.456220775753092 ], [ 79.374140251081826, 30.462802701847867 ], [ 79.396191835820588, 30.450457341461682 ], [ 79.396398394622508, 30.437841468721718 ], [ 79.381838846178923, 30.437661730797469 ], [ 79.382255315503315, 30.412430088536066 ], [ 79.41126485904779, 30.41909559225741 ], [ 79.425517881964765, 30.438196075025818 ], [ 79.425112130208205, 30.463428150607228 ], [ 79.410446117622868, 30.469559440568958 ], [ 79.417320078180083, 30.494879859131007 ], [ 79.409830701661249, 30.507407057268921 ], [ 79.359048128520442, 30.494159284039799 ], [ 79.358730312501862, 30.513082569274534 ], [ 79.337196695359481, 30.493882358074778 ], [ 79.329697350965176, 30.506404580630164 ], [ 79.344052892730346, 30.519205922872146 ], [ 79.329481613746339, 30.51901989933852 ], [ 79.321870752973368, 30.537849136291559 ], [ 79.336659786674275, 30.525420787644531 ], [ 79.351018954155577, 30.538221462833324 ], [ 79.307187423614721, 30.543968088512145 ], [ 79.314256795117899, 30.556677766738147 ], [ 79.299570135794426, 30.562795718854986 ], [ 79.314147728637465, 30.562985330631584 ], [ 79.313820322469866, 30.581907983496826 ], [ 79.357562406986631, 30.582467452101902 ], [ 79.358093776155783, 30.550928965732137 ], [ 79.379433904628428, 30.582741677131224 ], [ 79.372880459081401, 30.53849643026626 ], [ 79.358518267751649, 30.525698060545679 ], [ 79.373405952929929, 30.506957489402776 ], [ 79.38797575392617, 30.507138537268482 ], [ 79.38048167891337, 30.519663857894219 ], [ 79.385234598133323, 30.526031972941666 ], [ 79.380377050346439, 30.525971668795169 ], [ 79.380062966270515, 30.544895062871984 ], [ 79.394638476555514, 30.545075567847487 ], [ 79.394742263013569, 30.538767731094183 ], [ 79.402442533712417, 30.513625848843514 ], [ 79.416911291288187, 30.520111615381428 ], [ 79.416194670128775, 30.564266941536435 ], [ 79.38703773595627, 30.563908923156674 ], [ 79.415989630058107, 30.576882691169537 ], [ 79.423585985303063, 30.558047519937087 ], [ 79.459831363411652, 30.571099742871738 ], [ 79.467617050781371, 30.539645583899183 ], [ 79.489480104058956, 30.539900994093276 ], [ 79.503765359016981, 30.55899369838361 ], [ 79.504152322402931, 30.533761061160337 ], [ 79.518535488942618, 30.546544040161514 ], [ 79.526014424179863, 30.534010296340174 ], [ 79.547876796809248, 30.534255864645274 ], [ 79.548064449916353, 30.521639260008744 ], [ 79.533396634266381, 30.527784301623374 ], [ 79.548439400598326, 30.496405974256717 ], [ 79.526585490808088, 30.496160774618531 ], [ 79.51910973914454, 30.508694719161845 ], [ 79.519396456290679, 30.489769972487011 ], [ 79.497544316761747, 30.48951995369567 ], [ 79.519587450109455, 30.477153442802543 ], [ 79.50511759418751, 30.470679020841825 ], [ 79.512879382425965, 30.439220933933424 ], [ 79.498028612470719, 30.457978894729663 ], [ 79.49094141409789, 30.445278420971317 ], [ 79.454339238177823, 30.457468516503106 ], [ 79.46201697785915, 30.432322058205955 ], [ 79.505695294732291, 30.432829490227498 ], [ 79.520540610292898, 30.414070411817612 ], [ 79.527629638236235, 30.426769388564473 ], [ 79.542282372554013, 30.420624423545139 ], [ 79.549281308743261, 30.439630708724586 ], [ 79.549654722027981, 30.41439709190481 ], [ 79.528008428923314, 30.401535966144621 ], [ 79.528292207695031, 30.382610832488201 ], [ 79.550026795439635, 30.376598270650874 ], [ 79.55002662923313, 30.364032931214094 ], [ 79.528481244023425, 30.369994044900604 ], [ 79.543218808689844, 30.35754020328547 ], [ 79.52895331199386, 30.338451964622635 ], [ 79.550025723283213, 30.326602972547843 ], [ 79.550024691600981, 30.299683279477392 ], [ 79.544152287399896, 30.294455347572605 ], [ 79.550024457413627, 30.294520545481369 ], [ 79.550021976323919, 30.250353442688422 ], [ 79.544803967063913, 30.250295570931204 ], [ 79.545361401368893, 30.212444086532855 ], [ 79.538097752188932, 30.212363272037088 ], [ 79.538004456849109, 30.218671848252942 ], [ 79.530740374066113, 30.218590611042423 ], [ 79.53092786134475, 30.205973493192765 ], [ 79.545454204165367, 30.206135483622106 ], [ 79.545546977576763, 30.199826874377163 ], [ 79.550018094203324, 30.199876400658312 ], [ 79.550017530496504, 30.193566743939492 ], [ 79.538377461002909, 30.19343750536726 ], [ 79.538470638231999, 30.187128903806098 ], [ 79.545732436275628, 30.187209636888003 ], [ 79.545825121578744, 30.180901008645492 ], [ 79.550016350812285, 30.180947412867265 ], [ 79.55001510144848, 30.168328058287646 ], [ 79.546010404131508, 30.168283733168874 ], [ 79.546103001396801, 30.161975085936493 ], [ 79.538843052146916, 30.161894434227904 ], [ 79.538749992902694, 30.168203061120778 ], [ 79.531489611158293, 30.168121987527833 ], [ 79.531302479827573, 30.180739181428663 ], [ 79.52404120334856, 30.180657665205182 ], [ 79.524417195632637, 30.155423334239664 ], [ 79.517157797060264, 30.155341498858355 ], [ 79.517252182371436, 30.149032920915275 ], [ 79.509993275361296, 30.148950704948334 ], [ 79.510182879164674, 30.136333571523419 ], [ 79.502924925055382, 30.136250996011704 ], [ 79.502829676817882, 30.142559545058212 ], [ 79.495571291537686, 30.142476547600701 ], [ 79.495475551623841, 30.148785069367211 ], [ 79.502734398396711, 30.148868087763663 ], [ 79.502639089783827, 30.155176624127193 ], [ 79.50989842839526, 30.155259262152221 ], [ 79.509803551375683, 30.161567813015953 ], [ 79.495283980774445, 30.161402093865831 ], [ 79.495188149822738, 30.167710596596212 ], [ 79.480667776799407, 30.167543229616442 ], [ 79.48076453158933, 30.161234769083148 ], [ 79.466245204990173, 30.161065838716112 ], [ 79.4664404693726, 30.14844898378368 ], [ 79.459181775750565, 30.148363959418624 ], [ 79.459377839200869, 30.135747121952704 ], [ 79.452120099388623, 30.135661739501195 ], [ 79.452218545683039, 30.129353332774294 ], [ 79.444961298212107, 30.129267570997367 ], [ 79.445060174313866, 30.122959179551589 ], [ 79.437803419167608, 30.122873038654937 ], [ 79.438001998936784, 30.11025628015733 ], [ 79.430746196787069, 30.1101697821824 ], [ 79.430546695494826, 30.122786497005869 ], [ 79.416033343153529, 30.122612211475353 ], [ 79.415932623146801, 30.128920515354405 ], [ 79.423189744398357, 30.129007880532964 ], [ 79.423089453581369, 30.135316200086709 ], [ 79.43760471350457, 30.135489771703252 ], [ 79.437505313441903, 30.141798128681724 ], [ 79.444763451992742, 30.141884334806562 ], [ 79.444664481858467, 30.148192707168253 ], [ 79.422888776592046, 30.147932820084801 ], [ 79.422989130982089, 30.141624513270934 ], [ 79.415731087365288, 30.141537103997489 ], [ 79.415529423836432, 30.154153667148108 ], [ 79.422788390402772, 30.154241120527409 ], [ 79.422687972405797, 30.160549414597913 ], [ 79.437206924228732, 30.160723161424119 ], [ 79.437007840481755, 30.173339818082813 ], [ 79.444268287629185, 30.173426132975386 ], [ 79.444367383257031, 30.167117786071277 ], [ 79.451627399778673, 30.167203677738254 ], [ 79.451430101315125, 30.179820408498149 ], [ 79.458691073279539, 30.179905941808116 ], [ 79.458789275960612, 30.173597558050844 ], [ 79.466049816852035, 30.173682668221382 ], [ 79.465952076353958, 30.179991073436693 ], [ 79.487735270773825, 30.180244058172871 ], [ 79.487542471392189, 30.192860977082024 ], [ 79.502066603629927, 30.193027709080141 ], [ 79.501971083449718, 30.199336201026259 ], [ 79.509233657684987, 30.199418985006474 ], [ 79.50913857006617, 30.205727491464941 ], [ 79.516401637236683, 30.205809894177545 ], [ 79.516496262029918, 30.199501366959215 ], [ 79.523758896338052, 30.199583346878555 ], [ 79.523476320977124, 30.218508971482827 ], [ 79.516212297728686, 30.21842692958003 ], [ 79.516117582997921, 30.22473543776248 ], [ 79.523382069519585, 30.224817500331572 ], [ 79.523287788213523, 30.231126022835912 ], [ 79.516022838271965, 30.231043939597935 ], [ 79.51592806354283, 30.237352435085526 ], [ 79.508662680045944, 30.237269928534829 ], [ 79.508567411600367, 30.243578396898329 ], [ 79.523099136023887, 30.2437430488079 ], [ 79.523004765124355, 30.250051552273863 ], [ 79.515738424042979, 30.249969407013761 ], [ 79.515358784652378, 30.27520327465848 ], [ 79.508090616721958, 30.275120643416507 ], [ 79.508186036077916, 30.26881220682229 ], [ 79.500918362785086, 30.268729193226495 ], [ 79.501014216227261, 30.262420771163892 ], [ 79.508281425235666, 30.262503763872505 ], [ 79.508376784203293, 30.256195314568014 ], [ 79.501110039332417, 30.256112342743961 ], [ 79.501205832108681, 30.249803907967582 ], [ 79.493939581549341, 30.249720554193438 ], [ 79.493843324790461, 30.256028967986495 ], [ 79.486576640724195, 30.255945190301617 ], [ 79.486479889368283, 30.26225357664827 ], [ 79.493747037555835, 30.262337375420472 ], [ 79.4935543716269, 30.274954171207746 ], [ 79.500822478997819, 30.275037608930933 ], [ 79.500726564857331, 30.281346018276349 ], [ 79.515263799676475, 30.281511725687263 ], [ 79.515168784633204, 30.287820170361378 ], [ 79.493361583697336, 30.287570941548442 ], [ 79.486383107381641, 30.268561956632329 ], [ 79.471847974533787, 30.268393107541655 ], [ 79.471945685032139, 30.262084770041717 ], [ 79.464678629177271, 30.261999762219553 ], [ 79.464580454435435, 30.268308078325347 ], [ 79.450045507624267, 30.26813681058141 ], [ 79.449847207088226, 30.280753337476856 ], [ 79.478628832380394, 30.300019432101283 ], [ 79.478336446612019, 30.318944374737018 ], [ 79.464089114366715, 30.299849563266037 ], [ 79.398559393694498, 30.305373255992578 ], [ 79.391495394638113, 30.292667938724751 ], [ 79.420571831855341, 30.293022116583487 ], [ 79.42067291977672, 30.286713956527709 ], [ 79.391598341596577, 30.286359867737016 ], [ 79.391495394638113, 30.292667938724751 ], [ 79.384433157094648, 30.27996228228421 ], [ 79.362733796839748, 30.273383345562443 ], [ 79.384536503356983, 30.273654221009387 ], [ 79.399583405652976, 30.242292162009804 ], [ 79.348832132845672, 30.235352928531235 ], [ 79.385259011977496, 30.22949761286381 ], [ 79.378201720668628, 30.216791696260401 ], [ 79.356411632599844, 30.216520227170147 ], [ 79.371146183192053, 30.204085442408189 ], [ 79.335046682452202, 30.191013239731909 ], [ 79.321058938544283, 30.159288238843509 ], [ 79.298848732715456, 30.184239311411556 ], [ 79.313155201587406, 30.197042726037004 ], [ 79.291370186599892, 30.196760611379922 ], [ 79.284764442663487, 30.158818758340324 ], [ 79.277286242024331, 30.171339306678345 ], [ 79.262877550813045, 30.164840034334201 ], [ 79.270467074027835, 30.146012531840576 ], [ 79.284873631353292, 30.152510900649762 ], [ 79.292349351398357, 30.139989792938575 ], [ 79.321165819468447, 30.152980262776293 ], [ 79.321486259156174, 30.134056296108277 ], [ 79.29256656472586, 30.127373984846503 ], [ 79.329062167758408, 30.115224800576495 ], [ 79.322019648893146, 30.102516223493382 ], [ 79.293000578639663, 30.102142291631345 ], [ 79.263319773743376, 30.139608879660905 ], [ 79.234178408173534, 30.145529252623941 ], [ 79.226469187130661, 30.170662033052981 ], [ 79.197316818567629, 30.176573733165942 ], [ 79.190863378658833, 30.132320977101113 ], [ 79.169210448221605, 30.125711645473398 ], [ 79.155284822986701, 30.093971184192259 ], [ 79.184068681867757, 30.106990569779562 ], [ 79.204805320477121, 30.164058176815665 ], [ 79.219323163724738, 30.16425604881471 ], [ 79.234290756144134, 30.139221552013584 ], [ 79.220342273771791, 30.107487130437832 ], [ 79.242441776772182, 30.08885695187146 ], [ 79.206288414661159, 30.082059108396528 ], [ 79.206516041197077, 30.06944377030295 ], [ 79.257170178891258, 30.076434554765942 ], [ 79.264753133463685, 30.057606916360577 ], [ 79.242999264094905, 30.057317971829193 ], [ 79.235524237132594, 30.069836420081181 ], [ 79.228496860869257, 30.057123344308298 ], [ 79.177624018942439, 30.062737146905175 ], [ 79.150823734972903, 30.05060875273659 ], [ 79.14909233164434, 30.050608752335798 ], [ 79.155636080727348, 30.075048738625078 ], [ 79.170256608846032, 30.068943964187849 ], [ 79.199149827256676, 30.075652255734123 ], [ 79.184645098644509, 30.075452682586754 ], [ 79.177045669214849, 30.094274971913414 ], [ 79.148383918619402, 30.074946753163047 ], [ 79.133642813550779, 30.087356397932716 ], [ 79.15458130490039, 30.131815900511157 ], [ 79.183260162569226, 30.151143340382578 ], [ 79.182913105064586, 30.170065859334798 ], [ 79.16862795748527, 30.157249019712467 ], [ 79.168394702746497, 30.16986392407912 ], [ 79.146617376760403, 30.169558011379713 ], [ 79.139121245185294, 30.182069910272109 ], [ 79.124720933762035, 30.175555774392173 ], [ 79.153994017388754, 30.163352985940346 ], [ 79.154229044021321, 30.150738171213597 ], [ 79.132574936416049, 30.144122744483933 ], [ 79.14732500111387, 30.131713683093494 ], [ 79.132812505673087, 30.131508046217192 ], [ 79.125913767848488, 30.112482608965504 ], [ 79.141355425064205, 30.050608471828596 ], [ 79.104452078141975, 30.050600866032546 ], [ 79.097861170673767, 30.061607083337719 ], [ 79.083480854824018, 30.055089177488693 ], [ 79.06086859411721, 30.09892029058469 ], [ 79.046361622478756, 30.098705310006327 ], [ 79.046609702571899, 30.086091159953611 ], [ 79.068980082434251, 30.054876972932924 ], [ 79.047229215282272, 30.054555670702392 ], [ 79.03172978903784, 30.104795739705885 ], [ 79.009968484919341, 30.10446778523373 ], [ 79.003095253422998, 30.085436947154871 ], [ 79.002587897534184, 30.110664560256858 ], [ 78.987951861836422, 30.116749898135289 ], [ 79.002206958415215, 30.129585201350743 ], [ 78.987440016610876, 30.141977156631569 ], [ 78.95167983285792, 30.116189020236664 ], [ 78.951940113789718, 30.103575634676936 ], [ 78.973700447803239, 30.103913191879155 ], [ 78.995970183032284, 30.079019620510042 ], [ 79.010473841011716, 30.079240034809278 ], [ 79.025478701337974, 30.054230774180613 ], [ 78.996478572295615, 30.053791988062223 ], [ 78.988846031552484, 30.072601943468182 ], [ 78.960229317991363, 30.053234520981722 ], [ 78.909216958612703, 30.065050442621612 ], [ 78.923586085764569, 30.07158695348576 ], [ 78.915541296873997, 30.109311590101523 ], [ 78.92991710923107, 30.11584769017653 ], [ 78.908154760731321, 30.115502757895332 ], [ 78.900366777264864, 30.140612862560459 ], [ 78.914878567543212, 30.140844251465683 ], [ 78.915143785247636, 30.128231206693567 ], [ 78.944164183495786, 30.128688945860123 ], [ 78.936515278493388, 30.147494929324672 ], [ 78.951028408569783, 30.147722369114376 ], [ 78.928599398897944, 30.178913361716361 ], [ 78.950114679712911, 30.191868781305484 ], [ 78.965023511463684, 30.173174994382048 ], [ 78.986799297431091, 30.173511082191695 ], [ 78.98705570686495, 30.160897531648917 ], [ 79.016086963996599, 30.161339808571498 ], [ 79.015834246614858, 30.173953582143451 ], [ 79.037735873160358, 30.1679742778906 ], [ 79.036734813253531, 30.218429823497416 ], [ 79.015581369119829, 30.186567329520393 ], [ 78.979283165873994, 30.186012922147569 ], [ 79.000807080549365, 30.198960380888792 ], [ 78.971635711582408, 30.204820904413115 ], [ 78.964634436187168, 30.192095016804245 ], [ 78.927938977231491, 30.210445950348749 ], [ 78.935595088741607, 30.191640939872794 ], [ 78.913948981462397, 30.184989700425543 ], [ 78.91448042583292, 30.15976376917089 ], [ 78.856150202308086, 30.171440398237781 ], [ 78.849166264044527, 30.158709102604895 ], [ 78.892842794221252, 30.153109410185614 ], [ 78.863816206175457, 30.152639985966378 ], [ 78.900633837507144, 30.12799993448434 ], [ 78.886661353453732, 30.102541360203308 ], [ 78.87215542638414, 30.102307121271362 ], [ 78.83506583211269, 30.13955178289741 ], [ 78.842870005317337, 30.114446349970471 ], [ 78.80715939576524, 30.088621018528197 ], [ 78.814827076548426, 30.069823390723116 ], [ 78.793216416852559, 30.063153809907107 ], [ 78.793496227331772, 30.050541623196832 ], [ 78.763904717337411, 30.050041589649851 ], [ 78.757232849391897, 30.050021817421701 ], [ 78.750007628327609, 30.083641353031922 ], [ 78.750008540533656, 30.087905724602983 ], [ 78.770760370875493, 30.094316697622645 ], [ 78.763082314259933, 30.113111169325794 ], [ 78.785404763991465, 30.08825604658109 ], [ 78.798789049156355, 30.138948274861573 ], [ 78.78329094821602, 30.182845737278182 ], [ 78.754686870812719, 30.163434202185034 ], [ 78.768489819380804, 30.195211215871929 ], [ 78.750028829595792, 30.205451644835286 ], [ 78.750029050271195, 30.207121609271884 ], [ 78.804646490974463, 30.202130127744692 ], [ 78.78201783117342, 30.239598831839729 ], [ 78.840119616134317, 30.240569953254344 ], [ 78.861771922110108, 30.247233688717618 ], [ 78.861361899260316, 30.266152250216933 ], [ 78.875891751625616, 30.266388833946035 ], [ 78.868354166574221, 30.278883144148971 ], [ 78.832025439956766, 30.278286352298384 ], [ 78.816795657624056, 30.309574647436701 ], [ 78.802260007637429, 30.309331194461244 ], [ 78.801414650346729, 30.347166404719641 ], [ 78.83049728801052, 30.347652429726281 ], [ 78.809106726692448, 30.328370849699738 ], [ 78.830914584137062, 30.32873448854513 ], [ 78.844900615925653, 30.354199046478886 ], [ 78.838322503852666, 30.322548870386843 ], [ 78.86767181808564, 30.310414029906514 ], [ 78.867944887004626, 30.297801695520473 ], [ 78.874803880485857, 30.31683851546557 ], [ 78.889341332849639, 30.317073961839995 ], [ 78.875620041915454, 30.27900129412993 ], [ 78.897552409997331, 30.273047011838013 ], [ 78.889881896182231, 30.291848937547805 ], [ 78.897148828328383, 30.291965937880807 ], [ 78.904817992529175, 30.27316352119637 ], [ 78.919349284643999, 30.273395331658087 ], [ 78.911147831821239, 30.317424105573554 ], [ 78.87466770291654, 30.323144695792454 ], [ 78.874122561747271, 30.348369350696277 ], [ 78.859580629771244, 30.348131992670712 ], [ 78.866577813426403, 30.360863101725027 ], [ 78.881257665067565, 30.354793600592235 ], [ 78.888122562047954, 30.373829878487509 ], [ 78.873440164913077, 30.379900019846005 ], [ 78.859305937680958, 30.360744161032621 ], [ 78.837351762797709, 30.366690898291544 ], [ 78.851206188503866, 30.398460981761961 ], [ 78.822108106780519, 30.397978836034827 ], [ 78.83679608820745, 30.391914767630762 ], [ 78.822527859102323, 30.379061146051747 ], [ 78.823086909948287, 30.353837465970319 ], [ 78.808404032054284, 30.359900261414051 ], [ 78.779603139822626, 30.346797645573602 ], [ 78.786589593764759, 30.359532529143443 ] ], [ [ 78.982026329524047, 30.406857024408193 ], [ 78.981896553582104, 30.413163546360433 ], [ 78.960067826153193, 30.412824232021165 ], [ 78.982026329524047, 30.406857024408193 ] ], [ [ 79.387454962060815, 30.538677704896397 ], [ 79.387611286000364, 30.529215971497525 ], [ 79.394742263013569, 30.538767731094183 ], [ 79.387454962060815, 30.538677704896397 ] ], [ [ 79.521775221402081, 30.332061519369613 ], [ 79.529047636020437, 30.332143529492264 ], [ 79.52895331199386, 30.338451964622635 ], [ 79.521775221402081, 30.332061519369613 ] ], [ [ 79.536976256247684, 30.288065768102609 ], [ 79.522437911958662, 30.287902439735461 ], [ 79.522532462260585, 30.281593974369226 ], [ 79.529801154765067, 30.28167581969425 ], [ 79.529895210544254, 30.275367327387826 ], [ 79.522626982642123, 30.275285502650899 ], [ 79.522721473111275, 30.268977024581357 ], [ 79.529989236557995, 30.269058828732742 ], [ 79.530083232814263, 30.262750323729854 ], [ 79.537350561702013, 30.262831704239709 ], [ 79.537163468211801, 30.275448748863351 ], [ 79.54443175549784, 30.275529767071589 ], [ 79.544152287399896, 30.294455347572605 ], [ 79.536976256247684, 30.288065768102609 ] ], [ [ 79.522815933676043, 30.262668540161435 ], [ 79.522910364344398, 30.256360049391976 ], [ 79.530177199321017, 30.256441812379997 ], [ 79.530083232814263, 30.262750323729854 ], [ 79.522815933676043, 30.262668540161435 ] ], [ [ 79.517063381841766, 30.16165007046385 ], [ 79.516968936707926, 30.167958635730876 ], [ 79.509708644294534, 30.167876357538624 ], [ 79.509803551375683, 30.161567813015953 ], [ 79.517063381841766, 30.16165007046385 ] ], [ [ 79.437306418812369, 30.154414823543025 ], [ 79.444565480363309, 30.154501073166834 ], [ 79.444466447498968, 30.160809432801486 ], [ 79.437206924228732, 30.160723161424119 ], [ 79.437306418812369, 30.154414823543025 ] ], [ [ 79.502162093562092, 30.186719210786119 ], [ 79.509423742601641, 30.186801953051869 ], [ 79.509613707143828, 30.17418489571941 ], [ 79.516874461650801, 30.174267194658594 ], [ 79.516685421734806, 30.186884293492668 ], [ 79.531208869696385, 30.187047768875669 ], [ 79.531115229910796, 30.193356349985915 ], [ 79.502066603629927, 30.193027709080141 ], [ 79.502162093562092, 30.186719210786119 ] ], [ [ 79.523193477050938, 30.237434538994965 ], [ 79.530458920423513, 30.237516240257232 ], [ 79.530365043117698, 30.243824770642842 ], [ 79.523099136023887, 30.2437430488079 ], [ 79.523193477050938, 30.237434538994965 ] ], [ [ 79.530552768011574, 30.231207703528046 ], [ 79.537817777519464, 30.231288981668463 ], [ 79.537724393513855, 30.237597538866417 ], [ 79.530458920423513, 30.237516240257232 ], [ 79.530552768011574, 30.231207703528046 ] ], [ [ 79.405625155863859, 30.31807823349936 ], [ 79.384019444832958, 30.305194463340911 ], [ 79.398559393694498, 30.305373255992578 ], [ 79.405625155863859, 30.31807823349936 ] ], [ [ 79.19857800996833, 30.107190395038785 ], [ 79.191667907111423, 30.08816789384171 ], [ 79.22045532893604, 30.101179440591658 ], [ 79.220342273771791, 30.107487130437832 ], [ 79.19857800996833, 30.107190395038785 ] ], [ [ 79.009715566573774, 30.117081621198373 ], [ 79.002460958055423, 30.116971447169021 ], [ 79.002587897534184, 30.110664560256858 ], [ 79.009715566573774, 30.117081621198373 ] ], [ [ 78.944294887553596, 30.122382298123391 ], [ 78.929785525944368, 30.122154286967039 ], [ 78.92991710923107, 30.11584769017653 ], [ 78.944294887553596, 30.122382298123391 ] ], [ [ 78.842184040197836, 30.145977499579409 ], [ 78.849440032463619, 30.146096629085939 ], [ 78.849166264044527, 30.158709102604895 ], [ 78.842184040197836, 30.145977499579409 ] ], [ [ 78.799768117754738, 30.094805848413042 ], [ 78.799907807537494, 30.088499760900209 ], [ 78.80715939576524, 30.088621018528197 ], [ 78.799768117754738, 30.094805848413042 ] ], [ [ 78.831192561681391, 30.316122494441569 ], [ 78.83846100580395, 30.316242839760147 ], [ 78.838322503852666, 30.322548870386843 ], [ 78.831192561681391, 30.316122494441569 ] ], [ [ 79.536507707598119, 30.31960820509962 ], [ 79.53660147664425, 30.313299730400878 ], [ 79.543872553845446, 30.313380870958841 ], [ 79.536507707598119, 30.31960820509962 ] ], [ [ 79.529330429109066, 30.313218185966861 ], [ 79.522059411387119, 30.313136237662654 ], [ 79.522248721561681, 30.300519351408305 ], [ 79.536788925746308, 30.300682761950711 ], [ 79.529330429109066, 30.313218185966861 ] ], [ [ 79.518918443340326, 30.521311185033987 ], [ 79.52620490001506, 30.521393814623636 ], [ 79.526109677140767, 30.527702058673093 ], [ 79.518918443340326, 30.521311185033987 ] ], [ [ 79.514693258124822, 30.319362298382192 ], [ 79.521964711363225, 30.319444671255752 ], [ 79.521869981370884, 30.325753098491688 ], [ 79.514693258124822, 30.319362298382192 ] ], [ [ 79.505887618219134, 30.420212928992719 ], [ 79.491329928200841, 30.420045492072607 ], [ 79.477457622421255, 30.375718858414594 ], [ 79.46300542608877, 30.369240268923505 ], [ 79.521016061535249, 30.382528657402666 ], [ 79.498801895348649, 30.40751286847847 ], [ 79.505887618219134, 30.420212928992719 ] ], [ [ 79.492395811754662, 30.350654411314203 ], [ 79.521585611503014, 30.344678342048017 ], [ 79.521111061604984, 30.37622028741939 ], [ 79.499380575251962, 30.369663080937638 ], [ 79.492395811754662, 30.350654411314203 ] ], [ [ 79.507230482266138, 30.331896286623778 ], [ 79.514502836768216, 30.331979105078133 ], [ 79.514407580896275, 30.338287498884331 ], [ 79.507230482266138, 30.331896286623778 ] ], [ [ 79.512016367598036, 30.495995274087793 ], [ 79.511632016892591, 30.521228148223656 ], [ 79.497059255272106, 30.521060852964979 ], [ 79.482976376651408, 30.489351241025606 ], [ 79.512016367598036, 30.495995274087793 ] ], [ [ 79.486092577555624, 30.287487058400547 ], [ 79.485995672964265, 30.293795412925771 ], [ 79.471456823130964, 30.293626393845507 ], [ 79.486092577555624, 30.287487058400547 ] ], [ [ 79.493168673701931, 30.300187686435713 ], [ 79.48589873770122, 30.300103761084138 ], [ 79.485995672964265, 30.293795412925771 ], [ 79.493168673701931, 30.300187686435713 ] ], [ [ 79.507804177384131, 30.294045915057293 ], [ 79.492879079692443, 30.319112756026534 ], [ 79.493168673701931, 30.300187686435713 ], [ 79.507804177384131, 30.294045915057293 ] ], [ [ 79.499765752238559, 30.344429761796729 ], [ 79.492492526505941, 30.344346092997018 ], [ 79.492589210667163, 30.338037768308798 ], [ 79.499765752238559, 30.344429761796729 ] ], [ [ 79.499958158043142, 30.33181306401254 ], [ 79.485316481558058, 30.337953716282815 ], [ 79.478238922996795, 30.32525267620424 ], [ 79.499958158043142, 30.33181306401254 ] ], [ [ 79.470673033437819, 30.344092660534617 ], [ 79.470771115674737, 30.337784399516018 ], [ 79.485316481558058, 30.337953716282815 ], [ 79.470673033437819, 30.344092660534617 ] ], [ [ 79.490649705972416, 30.464203050609957 ], [ 79.490357721129286, 30.483127622764282 ], [ 79.475790781583669, 30.482958139193659 ], [ 79.490649705972416, 30.464203050609957 ] ], [ [ 79.438971085393376, 30.507759386974982 ], [ 79.431280657472314, 30.532903796346421 ], [ 79.452941817253603, 30.545781286348085 ], [ 79.423687953436996, 30.551739606920794 ], [ 79.425010612092294, 30.469736153475708 ], [ 79.454040311024443, 30.476392787145379 ], [ 79.446456832252977, 30.495230385450594 ], [ 79.468408560252144, 30.489180901631759 ], [ 79.482780565369055, 30.501967535359292 ], [ 79.489675345782572, 30.52728473411279 ], [ 79.460528434731344, 30.526943543057698 ], [ 79.438971085393376, 30.507759386974982 ] ], [ [ 79.47765313295659, 30.363102351128518 ], [ 79.463104099102438, 30.362932054863084 ], [ 79.463301351524493, 30.350315607590343 ], [ 79.485122150431252, 30.350570317042255 ], [ 79.47765313295659, 30.363102351128518 ] ], [ [ 79.477164124651139, 30.394643571487148 ], [ 79.483953578726258, 30.426269385900728 ], [ 79.454836820642967, 30.425927937448886 ], [ 79.447057785106693, 30.457382031914182 ], [ 79.432393956728163, 30.463515875586367 ], [ 79.425720565539407, 30.425579998782585 ], [ 79.462313840562246, 30.413397588515615 ], [ 79.477164124651139, 30.394643571487148 ] ], [ [ 79.461422407212709, 30.470170824935522 ], [ 79.47618378566996, 30.457725533362126 ], [ 79.468606125208495, 30.476564667062163 ], [ 79.461422407212709, 30.470170824935522 ] ], [ [ 79.469985588413749, 30.388250309004889 ], [ 79.440479313829968, 30.413138589828172 ], [ 79.396811120658029, 30.412609646216204 ], [ 79.455631318340764, 30.375462678440794 ], [ 79.469985588413749, 30.388250309004889 ] ], [ [ 79.442080226211857, 30.312208152597034 ], [ 79.463892360549565, 30.312466112618424 ], [ 79.463793936938472, 30.318774377728925 ], [ 79.442080226211857, 30.312208152597034 ] ], [ [ 79.456423808431566, 30.324997010558217 ], [ 79.463695482181279, 30.325082636461161 ], [ 79.463596996269615, 30.331390888814283 ], [ 79.456423808431566, 30.324997010558217 ] ], [ [ 79.405318521893136, 30.337002465492503 ], [ 79.390670645250424, 30.343132276070644 ], [ 79.412489094808834, 30.343399050586928 ], [ 79.427337427921884, 30.324650466881643 ], [ 79.455730489304827, 30.369154492306819 ], [ 79.433805296579777, 30.375202855040669 ], [ 79.434106914557077, 30.356278473152461 ], [ 79.419660599762025, 30.349795269379324 ], [ 79.426530019418976, 30.375115437619467 ], [ 79.405011596776745, 30.355926639860758 ], [ 79.4117755219293, 30.387555478671629 ], [ 79.38963676923531, 30.406212120869323 ], [ 79.360527292493188, 30.405849853458538 ], [ 79.353567520809378, 30.386834728951087 ], [ 79.324356645513433, 30.392772397054255 ], [ 79.324679561981327, 30.373849092640668 ], [ 79.310238535473275, 30.367353976479201 ], [ 79.346716420815028, 30.361511422515502 ], [ 79.346928594978124, 30.348895688723896 ], [ 79.325217075735765, 30.342310123172986 ], [ 79.376021002595479, 30.349260373223316 ], [ 79.36168490847173, 30.336462988138869 ], [ 79.3622097675145, 30.304923247043089 ], [ 79.376749519449888, 30.30510446154452 ], [ 79.405318521893136, 30.337002465492503 ] ], [ [ 79.359894166460137, 30.443696906721115 ], [ 79.360105341915556, 30.431081248029045 ], [ 79.381734646539073, 30.443969625302383 ], [ 79.359894166460137, 30.443696906721115 ] ], [ [ 79.370418103337585, 30.248241912668803 ], [ 79.384949561456239, 30.248421911893619 ], [ 79.384846345956461, 30.254729998773282 ], [ 79.370418103337585, 30.248241912668803 ] ], [ [ 79.374872926557899, 30.418647599156884 ], [ 79.374663756108831, 30.431263374922345 ], [ 79.367384532402582, 30.431172514307338 ], [ 79.374872926557899, 30.418647599156884 ] ], [ [ 79.36968840833201, 30.292398069099399 ], [ 79.347670148333876, 30.304740418040421 ], [ 79.340612889611876, 30.292032594957078 ], [ 79.362629057298861, 30.279691338684124 ], [ 79.36968840833201, 30.292398069099399 ] ], [ [ 79.355886777067937, 30.248060302566468 ], [ 79.363152423648273, 30.248151308974069 ], [ 79.362943176497325, 30.260767340086833 ], [ 79.355886777067937, 30.248060302566468 ] ], [ [ 79.338588694294614, 30.411881686793887 ], [ 79.353144101139719, 30.412066108772297 ], [ 79.353038162524939, 30.418373937647122 ], [ 79.338588694294614, 30.411881686793887 ] ], [ [ 79.347458443495, 30.317356241783113 ], [ 79.354729166833522, 30.317447904169221 ], [ 79.354623729596213, 30.323755829448679 ], [ 79.347458443495, 30.317356241783113 ] ], [ [ 79.343410508888255, 30.557052003552368 ], [ 79.321545172273687, 30.556771937437698 ], [ 79.321653733451541, 30.550464343519248 ], [ 79.350912343888794, 30.544529162864873 ], [ 79.343410508888255, 30.557052003552368 ] ], [ [ 79.326931416961642, 30.241384340315072 ], [ 79.341461548725675, 30.24156912549331 ], [ 79.355571464751748, 30.266984270886439 ], [ 79.348093156289579, 30.279508693508294 ], [ 79.341143553355295, 30.260492974680936 ], [ 79.333663986189734, 30.273016534675108 ], [ 79.3118619818719, 30.272737194022579 ], [ 79.326931416961642, 30.241384340315072 ] ], [ [ 79.32872545927323, 30.563173311389786 ], [ 79.343303326512412, 30.563359661075136 ], [ 79.33579896704444, 30.575881939276719 ], [ 79.321219282961522, 30.575694680401067 ], [ 79.32872545927323, 30.563173311389786 ] ], [ [ 79.338802340726829, 30.399266102273511 ], [ 79.346079092511857, 30.399358469566476 ], [ 79.345972753518907, 30.405666288226939 ], [ 79.338802340726829, 30.399266102273511 ] ], [ [ 79.349253670507281, 30.21012092175733 ], [ 79.349148336137517, 30.216428933065014 ], [ 79.34188507303304, 30.216337236766627 ], [ 79.349253670507281, 30.21012092175733 ] ], [ [ 79.341779242235035, 30.222645218568154 ], [ 79.33451554957341, 30.222553096884596 ], [ 79.334621843432885, 30.216245138281622 ], [ 79.341779242235035, 30.222645218568154 ] ], [ [ 79.32030982341999, 30.203443891713484 ], [ 79.334834330208295, 30.203629201832559 ], [ 79.33472810364151, 30.209937173263988 ], [ 79.32030982341999, 30.203443891713484 ] ], [ [ 79.316322525415288, 30.436832824884966 ], [ 79.330881471759596, 30.437019866398522 ], [ 79.330666483133925, 30.449635327027625 ], [ 79.316322525415288, 30.436832824884966 ] ], [ [ 79.323709892943285, 30.430618831920516 ], [ 79.316430904876285, 30.430525131802177 ], [ 79.31664756104523, 30.417909726286531 ], [ 79.331203699964263, 30.418096627117379 ], [ 79.323709892943285, 30.430618831920516 ] ], [ [ 79.325539176174019, 30.32338666426384 ], [ 79.3328102639707, 30.323479561421461 ], [ 79.332703396670112, 30.329787410840868 ], [ 79.325539176174019, 30.32338666426384 ] ], [ [ 79.318160323939296, 30.329601165828979 ], [ 79.310888838661498, 30.329507437332882 ], [ 79.296891600479825, 30.297780045670194 ], [ 79.325968168150794, 30.298155295667435 ], [ 79.318160323939296, 30.329601165828979 ] ], [ [ 79.309695672715634, 30.398892581884649 ], [ 79.316972288553842, 30.398986569650958 ], [ 79.316755837771552, 30.411602013855397 ], [ 79.309695672715634, 30.398892581884649 ] ], [ [ 79.320631076132472, 30.184520078978156 ], [ 79.320524025805611, 30.190828022973843 ], [ 79.313262748270589, 30.190734811948875 ], [ 79.320631076132472, 30.184520078978156 ] ], [ [ 79.317296708189048, 30.380063355001859 ], [ 79.317188602503506, 30.386371099662721 ], [ 79.30991292082156, 30.386277159063063 ], [ 79.317296708189048, 30.380063355001859 ] ], [ [ 79.313585184032718, 30.171811031168758 ], [ 79.320845075099427, 30.171904171739442 ], [ 79.320738092560731, 30.17821212856639 ], [ 79.313585184032718, 30.171811031168758 ] ], [ [ 79.224657079749733, 30.271583556813678 ], [ 79.231697729989705, 30.284297033473049 ], [ 79.180707401804781, 30.289907125717377 ], [ 79.1665233373962, 30.270782225528414 ], [ 79.224657079749733, 30.271583556813678 ] ], [ [ 79.22499754941353, 30.252660897116311 ], [ 79.253836487409231, 30.265666905837996 ], [ 79.254282811608178, 30.240436260799747 ], [ 79.276517230366267, 30.215493872485212 ], [ 79.297871560607661, 30.241009939071105 ], [ 79.319773723597621, 30.234983451219591 ], [ 79.312077859788687, 30.260121513630658 ], [ 79.283232164530489, 30.247128090741427 ], [ 79.289950901883827, 30.278761985080262 ], [ 79.26792646621648, 30.291090672360536 ], [ 79.260880600909985, 30.278378954987183 ], [ 79.2462334566018, 30.284492628933226 ], [ 79.246457830079848, 30.271877406933623 ], [ 79.224657079749733, 30.271583556813678 ], [ 79.22499754941353, 30.252660897116311 ] ], [ [ 79.302091559068998, 30.417721203803183 ], [ 79.309369542865397, 30.417815667748023 ], [ 79.30915195106337, 30.430431026067382 ], [ 79.294594146791084, 30.430241597775598 ], [ 79.302091559068998, 30.417721203803183 ] ], [ [ 79.265702161009372, 30.417242803223882 ], [ 79.287535695217471, 30.417531059721814 ], [ 79.287315296627355, 30.43014627523231 ], [ 79.272757700983732, 30.429954413385399 ], [ 79.279704217613499, 30.448973249859463 ], [ 79.264808492936282, 30.467702931370095 ], [ 79.213838603833281, 30.467014766487566 ], [ 79.207365639709863, 30.422763625049118 ], [ 79.25103412732993, 30.423356095342005 ], [ 79.244320539069321, 30.391720971896643 ], [ 79.22249325094316, 30.391425715504507 ], [ 79.222721635239523, 30.378810861563267 ], [ 79.244658860582035, 30.372798458994545 ], [ 79.237610764509071, 30.36008552711694 ], [ 79.30361738763834, 30.329413304852352 ], [ 79.310455440343674, 30.354738489199185 ], [ 79.259319533522969, 30.366685559141089 ], [ 79.251821022965316, 30.37920352971183 ], [ 79.258872243105799, 30.391915784816195 ], [ 79.295690075441755, 30.367165022961732 ], [ 79.295361660617232, 30.386088063175894 ], [ 79.309804313941868, 30.392584873697874 ], [ 79.294923289287084, 30.411318693113735 ], [ 79.273202099872989, 30.40472414894322 ], [ 79.265702161009372, 30.417242803223882 ] ], [ [ 79.289841484040849, 30.2850697379941 ], [ 79.304377771804425, 30.285258881722804 ], [ 79.304269248580937, 30.29156667577082 ], [ 79.289841484040849, 30.2850697379941 ] ], [ [ 79.297436367371418, 30.266241161926342 ], [ 79.304703135486662, 30.266335460965863 ], [ 79.304486260690425, 30.278951081238706 ], [ 79.297436367371418, 30.266241161926342 ] ], [ [ 79.30556926300541, 30.215872722608378 ], [ 79.29093410558805, 30.221991919111204 ], [ 79.291152215135, 30.209376278108348 ], [ 79.30556926300541, 30.215872722608378 ] ], [ [ 79.282133514927082, 30.310205412693065 ], [ 79.296673452267854, 30.310395554088352 ], [ 79.28918424940143, 30.322916120163985 ], [ 79.274642520470806, 30.322725075438839 ], [ 79.282133514927082, 30.310205412693065 ] ], [ [ 79.287205045068944, 30.436453873294603 ], [ 79.2944843632431, 30.436549219745537 ], [ 79.29437454498823, 30.442856835255355 ], [ 79.287205045068944, 30.436453873294603 ] ], [ [ 79.27706669833546, 30.18395492908234 ], [ 79.277176487563409, 30.177647121096797 ], [ 79.284436668998481, 30.177742292844854 ], [ 79.27706669833546, 30.18395492908234 ] ], [ [ 79.259989409089357, 30.32884002667873 ], [ 79.281803241568667, 30.32912848357228 ], [ 79.281693080774872, 30.335436160964168 ], [ 79.259989409089357, 30.32884002667873 ] ], [ [ 79.282353523073411, 30.297589999862762 ], [ 79.2822435364033, 30.303897709501733 ], [ 79.27497408492566, 30.303802057372142 ], [ 79.282353523073411, 30.297589999862762 ] ], [ [ 79.245896630016318, 30.303415413479218 ], [ 79.274863598406299, 30.310109736512889 ], [ 79.253054059206917, 30.309820286125191 ], [ 79.245559483560726, 30.322338139859795 ], [ 79.231584560885722, 30.290604585584767 ], [ 79.253389597811662, 30.290897447605392 ], [ 79.245896630016318, 30.303415413479218 ] ], [ [ 79.269585482131362, 30.196474880199997 ], [ 79.269143847893005, 30.221705899882231 ], [ 79.25461718407773, 30.221513209283831 ], [ 79.255173766223606, 30.189974661138688 ], [ 79.269585482131362, 30.196474880199997 ] ], [ [ 79.25707741462692, 30.492835651892634 ], [ 79.256964936231242, 30.499143088514902 ], [ 79.242397311537999, 30.49894744351252 ], [ 79.25707741462692, 30.492835651892634 ] ], [ [ 79.248470811610559, 30.158339247286719 ], [ 79.255507292742649, 30.171051454919692 ], [ 79.240988168959376, 30.170857546751908 ], [ 79.248470811610559, 30.158339247286719 ] ], [ [ 79.262656229140489, 30.177455573051606 ], [ 79.255396152445101, 30.177359196768261 ], [ 79.255507292742649, 30.171051454919692 ], [ 79.262656229140489, 30.177455573051606 ] ], [ [ 79.254505761871854, 30.227820899571849 ], [ 79.254394304385158, 30.234128583410794 ], [ 79.24713009896962, 30.234031585962462 ], [ 79.254505761871854, 30.227820899571849 ] ], [ [ 79.23817589417385, 30.328547934359069 ], [ 79.245447030282222, 30.32864570239019 ], [ 79.24533454142454, 30.334953258454217 ], [ 79.23817589417385, 30.328547934359069 ] ], [ [ 79.239641054300108, 30.246549436540018 ], [ 79.246906151187943, 30.24664688544112 ], [ 79.246794124118225, 30.252954525498676 ], [ 79.239641054300108, 30.246549436540018 ] ], [ [ 79.2481361109554, 30.17726241898702 ], [ 79.247912800441526, 30.189877834563809 ], [ 79.226356199182405, 30.176969676725644 ], [ 79.2481361109554, 30.17726241898702 ] ], [ [ 79.232940229016236, 30.2149135336646 ], [ 79.225790722392802, 30.208507798258594 ], [ 79.233052969074393, 30.208605904016224 ], [ 79.232940229016236, 30.2149135336646 ] ], [ [ 79.247465754889561, 30.215108588349022 ], [ 79.240090661348162, 30.221318909860251 ], [ 79.232940229016236, 30.2149135336646 ], [ 79.247465754889561, 30.215108588349022 ] ], [ [ 79.240427493174735, 30.202395947077211 ], [ 79.240315251447797, 30.208703607791037 ], [ 79.233052969074393, 30.208605904016224 ], [ 79.240427493174735, 30.202395947077211 ] ], [ [ 79.138646599460131, 30.207299177110418 ], [ 79.145198087945417, 30.245245967063671 ], [ 79.160079918880598, 30.226528872782826 ], [ 79.166874940786059, 30.25186017050433 ], [ 79.144842422480394, 30.264167809822816 ], [ 79.13043002816589, 30.257653859683629 ], [ 79.137933502833008, 30.245142882452182 ], [ 79.124123098466256, 30.207092113468704 ], [ 79.138646599460131, 30.207299177110418 ] ], [ [ 79.160432132544756, 30.207606758389673 ], [ 79.167460204999315, 30.220323282341347 ], [ 79.211152208332493, 30.214617936025522 ], [ 79.239753509441954, 30.240241814554647 ], [ 79.217845977837428, 30.246254674280859 ], [ 79.210923843184503, 30.227233027031957 ], [ 79.189133370021977, 30.226933660086427 ], [ 79.188902080731808, 30.239548574442946 ], [ 79.203545615779163, 30.233441151080942 ], [ 79.217618178364447, 30.258869750471948 ], [ 79.173906701060034, 30.26457643153725 ], [ 79.181753862473158, 30.233140501694081 ], [ 79.160079918880598, 30.226528872782826 ], [ 79.160432132544756, 30.207606758389673 ] ], [ [ 79.211494485023735, 30.195695251025015 ], [ 79.226017020556469, 30.19589256901509 ], [ 79.218414845948331, 30.214716870644089 ], [ 79.211152208332493, 30.214617936025522 ], [ 79.211494485023735, 30.195695251025015 ] ], [ [ 79.233390975135862, 30.189682976341246 ], [ 79.233278342124692, 30.195990625353659 ], [ 79.226017020556469, 30.19589256901509 ], [ 79.233390975135862, 30.189682976341246 ] ], [ [ 79.117221606494198, 30.188066273566253 ], [ 79.131742257812462, 30.188273983912893 ], [ 79.124123098466256, 30.207092113468704 ], [ 79.117221606494198, 30.188066273566253 ] ], [ [ 79.23045089838763, 30.353679750859104 ], [ 79.194318300815453, 30.340567601601148 ], [ 79.216248349657675, 30.334559663978482 ], [ 79.209206488843549, 30.321845384472397 ], [ 79.223747578844623, 30.322043698033024 ], [ 79.23045089838763, 30.353679750859104 ] ], [ [ 79.231131526214625, 30.315834729350787 ], [ 79.231018177935155, 30.322142249117611 ], [ 79.223747578844623, 30.322043698033024 ], [ 79.231131526214625, 30.315834729350787 ] ], [ [ 79.20782672549845, 30.397534220649035 ], [ 79.229655198450899, 30.397831981275647 ], [ 79.22942753194225, 30.410446845924138 ], [ 79.20782672549845, 30.397534220649035 ] ], [ [ 79.20851726171469, 30.359689919315194 ], [ 79.215790583236313, 30.359789427874603 ], [ 79.215676051114727, 30.366096852642801 ], [ 79.20851726171469, 30.359689919315194 ] ], [ [ 79.201013010683852, 30.372204749238971 ], [ 79.215561482767242, 30.372404270926868 ], [ 79.215446878184125, 30.378711682725932 ], [ 79.201013010683852, 30.372204749238971 ] ], [ [ 79.211722488909771, 30.183080095374603 ], [ 79.204462199708487, 30.182980883751075 ], [ 79.204576609523897, 30.176673321235761 ], [ 79.211722488909771, 30.183080095374603 ] ], [ [ 79.202281516825479, 30.302823342287219 ], [ 79.20955061215713, 30.302923029545475 ], [ 79.209321232906959, 30.315537939309902 ], [ 79.202281516825479, 30.302823342287219 ] ], [ [ 79.158785603468658, 30.295909459001663 ], [ 79.180590944307568, 30.296214495953034 ], [ 79.201705470250076, 30.334360442740479 ], [ 79.179774709362221, 30.34036590583149 ], [ 79.180357918741194, 30.308829216953367 ], [ 79.151162058535206, 30.314728737645957 ], [ 79.158785603468658, 30.295909459001663 ] ], [ [ 79.166171400033051, 30.289704222117386 ], [ 79.158903454780599, 30.289602165461744 ], [ 79.159139045560153, 30.276987558886681 ], [ 79.166171400033051, 30.289704222117386 ] ], [ [ 79.152108436184548, 30.264270569480729 ], [ 79.159374487280346, 30.264372926324011 ], [ 79.159256785047702, 30.270680245853345 ], [ 79.152108436184548, 30.264270569480729 ] ], [ [ 79.15364119817194, 30.182275159399961 ], [ 79.153523517255181, 30.188582537581382 ], [ 79.146263059973862, 30.188480087948665 ], [ 79.15364119817194, 30.182275159399961 ] ], [ [ 79.146144879554953, 30.194787433824963 ], [ 79.138883997471879, 30.194684556680777 ], [ 79.139002640110874, 30.188377236723365 ], [ 79.146144879554953, 30.194787433824963 ] ], [ [ 79.129472805654544, 30.308111456681459 ], [ 79.136741994992121, 30.308215204427665 ], [ 79.136622636718684, 30.314522400828931 ], [ 79.129472805654544, 30.308111456681459 ] ], [ [ 79.130310507833755, 30.263961082092827 ], [ 79.13019094966991, 30.270268297994015 ], [ 79.122924585063188, 30.270164303776546 ], [ 79.130310507833755, 30.263961082092827 ] ], [ [ 79.121119688923102, 30.364771367914788 ], [ 79.113846385464711, 30.364666576493203 ], [ 79.11420944814968, 30.345745359955679 ], [ 79.128753297146531, 30.345954380850529 ], [ 79.121119688923102, 30.364771367914788 ] ], [ [ 79.128873310080621, 30.339647243116669 ], [ 79.121601832247734, 30.339542960920138 ], [ 79.121722272802231, 30.333235842863633 ], [ 79.128873310080621, 30.339647243116669 ] ], [ [ 79.125079180816755, 30.15663389295684 ], [ 79.132337216596753, 30.156737416787937 ], [ 79.132218300201231, 30.16304474320162 ], [ 79.125079180816755, 30.15663389295684 ] ], [ [ 79.122564290726899, 30.289085833922336 ], [ 79.115296571385798, 30.28898135801435 ], [ 79.115658258444995, 30.270059906672991 ], [ 79.122564290726899, 30.289085833922336 ] ], [ [ 79.119136912754442, 30.087149524197315 ], [ 79.097619834721911, 30.074221661670762 ], [ 79.11248286066251, 30.055508793690876 ], [ 79.126746505801407, 30.068331006996353 ], [ 79.119136912754442, 30.087149524197315 ] ], [ [ 79.118060747643781, 30.143915400359344 ], [ 79.125317823136669, 30.144019272852944 ], [ 79.125198520874989, 30.15032658615231 ], [ 79.118060747643781, 30.143915400359344 ] ], [ [ 79.115899192457846, 30.257445573199789 ], [ 79.101004267399091, 30.276157007967939 ], [ 79.101247133694429, 30.263542793185451 ], [ 79.115899192457846, 30.257445573199789 ] ], [ [ 79.123404445719302, 30.244935505748842 ], [ 79.123164591327736, 30.257549917783464 ], [ 79.115899192457846, 30.257445573199789 ], [ 79.123404445719302, 30.244935505748842 ] ], [ [ 79.12232390442459, 30.301700154779642 ], [ 79.122083365964926, 30.31431444956991 ], [ 79.107544247449951, 30.314104883928902 ], [ 79.12232390442459, 30.301700154779642 ] ], [ [ 79.109479143093424, 30.213190638076433 ], [ 79.109599749021498, 30.206883442332114 ], [ 79.116861404727061, 30.206987978833524 ], [ 79.109479143093424, 30.213190638076433 ] ], [ [ 79.11128422774533, 30.118582018817918 ], [ 79.118539422136038, 30.118686186997159 ], [ 79.118419810376324, 30.124993500080272 ], [ 79.11128422774533, 30.118582018817918 ] ], [ [ 79.0818979725356, 30.13708286411449 ], [ 79.096289749343512, 30.14360137777777 ], [ 79.096531927983065, 30.130986942467402 ], [ 79.110803710083346, 30.143811127010597 ], [ 79.103063738221095, 30.168935351373623 ], [ 78.99444114318014, 30.154701889289587 ], [ 79.016970215170403, 30.117191394892146 ], [ 79.038235452866303, 30.142746348156379 ], [ 79.053244054227804, 30.117734258051716 ], [ 79.074396566156111, 30.14959087548452 ], [ 79.0818979725356, 30.13708286411449 ] ], [ [ 79.056409485023835, 30.325972480009348 ], [ 79.070702562470345, 30.33880167393712 ], [ 79.107058991030485, 30.339333184531132 ], [ 79.106816132493336, 30.351947295662949 ], [ 79.084876479666505, 30.3579364074957 ], [ 79.077850497745501, 30.345215736188585 ], [ 79.05603559425019, 30.34489311318535 ], [ 79.056409485023835, 30.325972480009348 ] ], [ [ 79.093249539901208, 30.301279620655983 ], [ 79.107786645496574, 30.301490694473078 ], [ 79.10766546564497, 30.307797792463131 ], [ 79.093249539901208, 30.301279620655983 ] ], [ [ 79.100761247347975, 30.28877119665842 ], [ 79.108028890210562, 30.288876478923846 ], [ 79.107907787015023, 30.295183589959699 ], [ 79.100761247347975, 30.28877119665842 ] ], [ [ 79.101611145024975, 30.244621422105212 ], [ 79.108875540397491, 30.244726519121535 ], [ 79.108754705175812, 30.25103367578884 ], [ 79.101611145024975, 30.244621422105212 ] ], [ [ 79.092149162975616, 30.35804278975256 ], [ 79.099421885004844, 30.358148767734324 ], [ 79.099299893561025, 30.364455780459281 ], [ 79.092149162975616, 30.35804278975256 ] ], [ [ 79.094468511691701, 30.238208812451226 ], [ 79.087204656561127, 30.23810293717921 ], [ 79.087326804862414, 30.231795847129181 ], [ 79.094468511691701, 30.238208812451226 ] ], [ [ 79.057404794104272, 30.275517170052861 ], [ 79.0289693267991, 30.243548317996822 ], [ 79.021326052560539, 30.262359272294809 ], [ 78.99940231870184, 30.268334766738967 ], [ 79.014948474326346, 30.218101583310652 ], [ 79.043872157694636, 30.224845374045241 ], [ 79.09507655229649, 30.206673163760779 ], [ 79.079818189819477, 30.244303716336567 ], [ 79.065536861537922, 30.231475887850074 ], [ 79.043622342983696, 30.237459236636656 ], [ 79.057653227970818, 30.262903277114177 ], [ 79.065166130917703, 30.250396896723949 ], [ 79.079450005969889, 30.263224847476188 ], [ 79.094346788040099, 30.24451592263053 ], [ 79.094103225124016, 30.257130123423003 ], [ 79.086837979593469, 30.257024168180774 ], [ 79.08671567654855, 30.263331232128696 ], [ 79.093981385838958, 30.263437214034344 ], [ 79.093371610731367, 30.294972569205342 ], [ 79.079327200317081, 30.269531878128294 ], [ 79.057404794104272, 30.275517170052861 ] ], [ [ 79.090125566427815, 30.086730977431845 ], [ 79.097378345737255, 30.08683621401628 ], [ 79.097257543832214, 30.093143480441427 ], [ 79.090125566427815, 30.086730977431845 ] ], [ [ 79.082751104018115, 30.092932554107538 ], [ 79.097015825145874, 30.105757993791848 ], [ 79.096652959772996, 30.124679715053976 ], [ 79.053367771579133, 30.11142717866835 ], [ 79.082751104018115, 30.092932554107538 ] ], [ [ 79.085981044970509, 30.301173478699997 ], [ 79.085858470726095, 30.30748049693393 ], [ 79.078589549792355, 30.307373924835105 ], [ 79.085981044970509, 30.301173478699997 ] ], [ [ 79.064299722738497, 30.29454568862527 ], [ 79.078835588914245, 30.294759935406748 ], [ 79.078712588813673, 30.301066933389254 ], [ 79.064299722738497, 30.29454568862527 ] ], [ [ 79.064547463795606, 30.281931780780674 ], [ 79.079081472394762, 30.282145919835365 ], [ 79.078958550104474, 30.288452930888475 ], [ 79.064547463795606, 30.281931780780674 ] ], [ [ 79.081165209692799, 30.174925732993387 ], [ 79.080920645813293, 30.187539970483407 ], [ 79.066400531656953, 30.187326638523004 ], [ 79.081165209692799, 30.174925732993387 ] ], [ [ 79.061564202753644, 30.433296946079402 ], [ 79.068842371704321, 30.433404865593989 ], [ 79.06871804507513, 30.439711692597605 ], [ 79.061564202753644, 30.433296946079402 ] ], [ [ 79.059387868318694, 30.174605294335944 ], [ 79.066646943152989, 30.174712508531609 ], [ 79.066523756913057, 30.181019576790248 ], [ 79.059387868318694, 30.174605294335944 ] ], [ [ 79.061688957796648, 30.42699013957505 ], [ 79.047007983307296, 30.433079890670246 ], [ 79.0472593244168, 30.42046637993683 ], [ 79.061688957796648, 30.42699013957505 ] ], [ [ 79.051880573606795, 30.187111700524657 ], [ 79.059140533045507, 30.187219370274711 ], [ 79.059016806655052, 30.193526398449308 ], [ 79.051880573606795, 30.187111700524657 ] ], [ [ 78.983580444708508, 30.33117824666342 ], [ 78.969040040722518, 30.330953177867499 ], [ 78.969300347570794, 30.318340069074502 ], [ 78.983838891011544, 30.318565024791074 ], [ 78.984226254023682, 30.299645142603573 ], [ 79.013171030920446, 30.306396621698784 ], [ 79.012279352442306, 30.350543658280827 ], [ 79.019932167579299, 30.331733852865781 ], [ 79.026823036928235, 30.350764047890699 ], [ 79.055910885136029, 30.351199977805411 ], [ 79.01942409658399, 30.356960776081312 ], [ 79.018915382510656, 30.382187594140433 ], [ 78.99722168321621, 30.375548162659239 ], [ 78.997607353719431, 30.356628289780325 ], [ 78.975790976560376, 30.356292165922639 ], [ 78.983580444708508, 30.33117824666342 ] ], [ [ 79.057280518197274, 30.281824106708001 ], [ 79.057156202960428, 30.288131036819095 ], [ 79.049888832397357, 30.28802293254326 ], [ 79.057280518197274, 30.281824106708001 ] ], [ [ 79.051632157301782, 30.19972569607441 ], [ 79.058893041081419, 30.199833420092801 ], [ 79.058769236314191, 30.206140435204293 ], [ 79.051632157301782, 30.19972569607441 ] ], [ [ 79.049764013378834, 30.294329828922717 ], [ 79.042496217872127, 30.294221294245482 ], [ 79.042621501321435, 30.287914425154021 ], [ 79.049764013378834, 30.294329828922717 ] ], [ [ 79.041994687523697, 30.319448705075136 ], [ 79.049264342222159, 30.319557348938527 ], [ 79.049014269446317, 30.332171069632317 ], [ 79.041994687523697, 30.319448705075136 ] ], [ [ 79.042871949328884, 30.275300667316753 ], [ 79.050138351983563, 30.2754091201402 ], [ 79.050013611928748, 30.281716029615446 ], [ 79.042871949328884, 30.275300667316753 ] ], [ [ 79.038983636511674, 30.104904257559149 ], [ 79.046237523459908, 30.105012375247306 ], [ 79.045989207425507, 30.117626486153785 ], [ 79.038983636511674, 30.104904257559149 ] ], [ [ 79.040486283808605, 30.395130307914705 ], [ 79.039982209408933, 30.420357298781258 ], [ 79.017896022370238, 30.432640914552362 ], [ 78.996191438409525, 30.426000867171414 ], [ 79.011385697853683, 30.394690372696513 ], [ 79.040486283808605, 30.395130307914705 ] ], [ [ 79.035605586286948, 30.275191811590343 ], [ 79.035354209879443, 30.287805514659233 ], [ 79.02808695821814, 30.287696201066741 ], [ 79.035605586286948, 30.275191811590343 ] ], [ [ 79.027960745939097, 30.294003015278246 ], [ 79.020693069806413, 30.293893271003981 ], [ 79.020819746484321, 30.287586484384423 ], [ 79.027960745939097, 30.294003015278246 ] ], [ [ 79.013679675669806, 30.281169599128372 ], [ 79.020946383087988, 30.281279691202819 ], [ 79.020819746484321, 30.287586484384423 ], [ 79.013679675669806, 30.281169599128372 ] ], [ [ 79.02119953611539, 30.268666085157072 ], [ 79.028465355533058, 30.268775719084239 ], [ 79.028339263004455, 30.275082552968819 ], [ 79.02119953611539, 30.268666085157072 ] ], [ [ 79.031604730342053, 30.111102743739892 ], [ 79.031479632015674, 30.117409741241339 ], [ 79.024224903699604, 30.117300768242419 ], [ 79.031604730342053, 30.111102743739892 ] ], [ [ 78.94127819756288, 30.267433530365942 ], [ 78.94154139124511, 30.25482051812865 ], [ 78.970858734592724, 30.242660862914082 ], [ 78.971117890904907, 30.230047569723666 ], [ 78.956592502413827, 30.229821796312773 ], [ 78.948936905883599, 30.248627980095289 ], [ 78.927145090138765, 30.248284839007084 ], [ 78.935068349574181, 30.216867086650428 ], [ 78.993290543273162, 30.211462971391178 ], [ 78.992393362886602, 30.255610112100879 ], [ 78.977346744667415, 30.280613094325883 ], [ 78.94127819756288, 30.267433530365942 ] ], [ [ 79.022462900433126, 30.205597661520279 ], [ 79.022336743886655, 30.211904533374199 ], [ 78.993290543273162, 30.211462971391178 ], [ 79.022462900433126, 30.205597661520279 ] ], [ [ 78.984742166472714, 30.274418540885385 ], [ 79.00654053318064, 30.274752359812446 ], [ 79.006157837942709, 30.293672572913763 ], [ 78.984484291864263, 30.287031854903482 ], [ 78.984742166472714, 30.274418540885385 ] ], [ [ 78.995933469886722, 30.4386139773884 ], [ 79.00321174635144, 30.438725573758475 ], [ 79.003083168832291, 30.445032146955132 ], [ 78.995933469886722, 30.4386139773884 ] ], [ [ 79.000424448646342, 30.217880746704108 ], [ 79.007686441361642, 30.217991365983632 ], [ 79.007559279371307, 30.224298169323145 ], [ 79.000424448646342, 30.217880746704108 ] ], [ [ 78.981377039432559, 30.438389568178302 ], [ 78.981766736613011, 30.419470061714478 ], [ 78.989043528628457, 30.419582384533676 ], [ 78.996062474530575, 30.432307425576859 ], [ 78.981377039432559, 30.438389568178302 ] ], [ [ 78.990077182060332, 30.369129851751904 ], [ 78.9899481183067, 30.375436441417822 ], [ 78.982674594211105, 30.37532431570714 ], [ 78.990077182060332, 30.369129851751904 ] ], [ [ 78.965282689709895, 30.160561613233213 ], [ 78.979797993694405, 30.160785959851633 ], [ 78.979669347871749, 30.167092710274325 ], [ 78.965282689709895, 30.160561613233213 ] ], [ [ 78.966834315822609, 30.084880774618217 ], [ 78.98133856918696, 30.085104443038237 ], [ 78.981210411492384, 30.09141127216958 ], [ 78.966834315822609, 30.084880774618217 ] ], [ [ 78.895935782772241, 30.348722358233449 ], [ 78.896340515023539, 30.3298036111042 ], [ 78.925685709705974, 30.317655517412298 ], [ 78.926747580896091, 30.267204194217182 ], [ 78.977217322777364, 30.286919719849426 ], [ 78.962031137511687, 30.318226985913732 ], [ 78.933219502038853, 30.305157769127696 ], [ 78.932689753954321, 30.330383440658679 ], [ 78.961900539625006, 30.324533515186243 ], [ 78.961639219897108, 30.33714655394305 ], [ 78.932424628475871, 30.342996236761678 ], [ 78.918149931612675, 30.330152719860202 ], [ 78.925020674342363, 30.349187379524764 ], [ 78.968779569160134, 30.343566260287989 ], [ 78.968649271583601, 30.349872791606217 ], [ 78.939298927774715, 30.362030280378985 ], [ 78.917615788915711, 30.355378053692998 ], [ 78.90280322309637, 30.367757995014127 ], [ 78.881393592494533, 30.348487423817346 ], [ 78.895935782772241, 30.348722358233449 ] ], [ [ 78.958414942114771, 30.141528802699554 ], [ 78.965671149390573, 30.141641492227816 ], [ 78.965541703840941, 30.147948205799302 ], [ 78.958414942114771, 30.141528802699554 ] ], [ [ 78.958674631671741, 30.128915412685696 ], [ 78.965929917512597, 30.129028045380462 ], [ 78.965800553944149, 30.13533477208788 ], [ 78.958674631671741, 30.128915412685696 ] ], [ [ 78.959841200499895, 30.072154832514137 ], [ 78.959970614004305, 30.0658480685636 ], [ 78.967221301409538, 30.065960417302367 ], [ 78.959841200499895, 30.072154832514137 ] ], [ [ 78.95802509918785, 30.160448838428238 ], [ 78.950767549840549, 30.160335662636896 ], [ 78.950897999860004, 30.154029019164341 ], [ 78.95802509918785, 30.160448838428238 ] ], [ [ 78.952590094927672, 30.072042055822394 ], [ 78.95246018107818, 30.078348784727247 ], [ 78.945208657360809, 30.078235579885387 ], [ 78.952590094927672, 30.072042055822394 ] ], [ [ 78.952330226050591, 30.084655507066064 ], [ 78.952200229833934, 30.090962222837927 ], [ 78.937695385622575, 30.090735298933424 ], [ 78.952330226050591, 30.084655507066064 ] ], [ [ 78.930968275945915, 30.065394678965976 ], [ 78.945469362371895, 30.065622172677049 ], [ 78.945339030522632, 30.071928879565522 ], [ 78.930968275945915, 30.065394678965976 ] ], [ [ 78.937433430314144, 30.103348596181061 ], [ 78.937302390395843, 30.109655234939961 ], [ 78.930048650836966, 30.10954108680361 ], [ 78.937433430314144, 30.103348596181061 ] ], [ [ 78.944817289890096, 30.097155641423768 ], [ 78.944686751368181, 30.103462315459687 ], [ 78.937433430314144, 30.103348596181061 ], [ 78.944817289890096, 30.097155641423768 ] ], [ [ 78.930705734042107, 30.078007971236346 ], [ 78.937957174966968, 30.078121975385695 ], [ 78.937826301034775, 30.084428640446593 ], [ 78.930705734042107, 30.078007971236346 ] ], [ [ 78.87616328943912, 30.253776347238865 ], [ 78.876298993913309, 30.247470093941459 ], [ 78.883562594297771, 30.247587693092154 ], [ 78.87616328943912, 30.253776347238865 ] ], [ [ 78.905621227004218, 30.235325314615121 ], [ 78.906022272615331, 30.216406122058498 ], [ 78.927674515709967, 30.223058939631667 ], [ 78.927409886708844, 30.235671902520313 ], [ 78.912750767968447, 30.24174765955053 ], [ 78.883562594297771, 30.247587693092154 ], [ 78.905621227004218, 30.235325314615121 ] ], [ [ 78.890691459608291, 30.254011202311084 ], [ 78.912350604342492, 30.260666860337288 ], [ 78.91221713202205, 30.266973247377802 ], [ 78.883156742342806, 30.266506521894001 ], [ 78.890691459608291, 30.254011202311084 ] ], [ [ 78.881801116960943, 30.3295688536593 ], [ 78.889070794594588, 30.329686434203552 ], [ 78.88880008515828, 30.342298880035223 ], [ 78.881801116960943, 30.3295688536593 ] ], [ [ 78.891230315241501, 30.228785913043392 ], [ 78.869171561142892, 30.241045862247979 ], [ 78.869987405021988, 30.203208341642313 ], [ 78.891902926080903, 30.197254152567606 ], [ 78.891230315241501, 30.228785913043392 ] ], [ [ 78.885182153797487, 30.171911781960791 ], [ 78.884912654311464, 30.184524499988303 ], [ 78.87765367885703, 30.184407196588776 ], [ 78.885182153797487, 30.171911781960791 ] ], [ [ 78.877518403265498, 30.190713516122461 ], [ 78.870259008812724, 30.190595781764092 ], [ 78.870394746228015, 30.184289491890013 ], [ 78.877518403265498, 30.190713516122461 ] ], [ [ 78.873303556047688, 30.386206133735751 ], [ 78.873166903989087, 30.392512240976508 ], [ 78.851344283727215, 30.392154970822002 ], [ 78.873303556047688, 30.386206133735751 ] ], [ [ 78.870530440671828, 30.177983195393892 ], [ 78.86327201268054, 30.177865119161307 ], [ 78.863408125684586, 30.171558845797332 ], [ 78.870530440671828, 30.177983195393892 ] ], [ [ 78.856832426495131, 30.139909081295585 ], [ 78.864088044516237, 30.140027379639491 ], [ 78.86395214687019, 30.146333686112918 ], [ 78.856832426495131, 30.139909081295585 ] ], [ [ 78.83915285878858, 30.284712586788043 ], [ 78.860951487005195, 30.285070751972057 ], [ 78.846281205700706, 30.291138472095732 ], [ 78.845867487171517, 30.31005671427496 ], [ 78.831331484526842, 30.309816487397857 ], [ 78.83915285878858, 30.284712586788043 ] ], [ [ 78.848892322172063, 30.171321549606553 ], [ 78.841221862291491, 30.190120830497765 ], [ 78.862454429027778, 30.215702620190999 ], [ 78.854645501903676, 30.24080871211827 ], [ 78.811347895715784, 30.227475611522372 ], [ 78.811766853120389, 30.208557564467885 ], [ 78.833548282803562, 30.208919469593255 ], [ 78.834514607496885, 30.16477648918374 ], [ 78.848892322172063, 30.171321549606553 ] ], [ [ 78.827395652070152, 30.158350331276935 ], [ 78.834652479121829, 30.158470322566405 ], [ 78.834514607496885, 30.16477648918374 ], [ 78.827395652070152, 30.158350331276935 ] ], [ [ 78.855877010030383, 30.184052878628698 ], [ 78.855740349002005, 30.190359108880457 ], [ 78.848481083936193, 30.190240170372206 ], [ 78.855877010030383, 30.184052878628698 ] ], [ [ 78.828224729432122, 30.120513373659758 ], [ 78.82836275586584, 30.114207190829653 ], [ 78.835616358804657, 30.114326970468767 ], [ 78.828224729432122, 30.120513373659758 ] ], [ [ 78.790690127685039, 30.176662293285066 ], [ 78.790971538269218, 30.164050346071736 ], [ 78.79822860596984, 30.164172372206462 ], [ 78.790690127685039, 30.176662293285066 ] ], [ [ 78.820693605286991, 30.1330054486594 ], [ 78.834928091418107, 30.145857969422259 ], [ 78.813021340524685, 30.151803063990624 ], [ 78.812742874413502, 30.164415221762798 ], [ 78.79822860596984, 30.164172372206462 ], [ 78.820693605286991, 30.1330054486594 ] ], [ [ 78.813577743870241, 30.126578668688285 ], [ 78.820832179624617, 30.12669930943267 ], [ 78.820693605286991, 30.1330054486594 ], [ 78.813577743870241, 30.126578668688285 ] ], [ [ 78.81218541284494, 30.18963945751025 ], [ 78.819444459344652, 30.18976040276328 ], [ 78.819305445480609, 30.196066475541805 ], [ 78.81218541284494, 30.18963945751025 ] ], [ [ 78.806741572607535, 30.107539352977899 ], [ 78.806880891122233, 30.101233248137476 ], [ 78.821386038208232, 30.101474686140747 ], [ 78.806741572607535, 30.107539352977899 ] ], [ [ 78.807981881715449, 30.378817828300264 ], [ 78.815254848229145, 30.378939689360188 ], [ 78.815114508728399, 30.385245562212194 ], [ 78.807981881715449, 30.378817828300264 ] ], [ [ 78.809387493584353, 30.315759038286885 ], [ 78.816655805424759, 30.315880593696228 ], [ 78.816515908984599, 30.322186533287169 ], [ 78.809387493584353, 30.315759038286885 ] ], [ [ 78.805345957578865, 30.170600035795132 ], [ 78.812603575207248, 30.170721290675733 ], [ 78.812324844434727, 30.183333408550439 ], [ 78.797807807462235, 30.18309037532314 ], [ 78.805345957578865, 30.170600035795132 ] ], [ [ 78.793861028478531, 30.359655510607645 ], [ 78.808263359761497, 30.366206123723245 ], [ 78.80812264298585, 30.3725119793523 ], [ 78.7863054093893, 30.372144062405859 ], [ 78.793861028478531, 30.359655510607645 ] ], [ [ 78.790408538838093, 30.189274213848446 ], [ 78.797667452445637, 30.189396363044086 ], [ 78.797527052985643, 30.195702344104397 ], [ 78.790408538838093, 30.189274213848446 ] ], [ [ 78.785826323138807, 30.069337928715669 ], [ 78.800326611404742, 30.069581458495776 ], [ 78.800187054350758, 30.075887565940601 ], [ 78.785826323138807, 30.069337928715669 ] ], [ [ 78.763792475359722, 30.081581537976078 ], [ 78.763650533126921, 30.087887477576242 ], [ 78.756399212608173, 30.087763821936282 ], [ 78.763792475359722, 30.081581537976078 ] ] ], [ [ [ 79.429647373545166, 30.179561398541651 ], [ 79.429747424874904, 30.173253101628639 ], [ 79.422487040954891, 30.173165983619086 ], [ 79.422587522592664, 30.166857702295424 ], [ 79.415327632492165, 30.166770204799313 ], [ 79.41542854414547, 30.160461939161589 ], [ 79.408169147847516, 30.160374062384822 ], [ 79.40877671477692, 30.122524467606489 ], [ 79.401520118457654, 30.122436323010266 ], [ 79.401418476549225, 30.128744582499351 ], [ 79.394161451495179, 30.128656014835524 ], [ 79.394059316290907, 30.134964245598322 ], [ 79.401316802428951, 30.135052835611546 ], [ 79.401011586711448, 30.153977556678061 ], [ 79.393752716445093, 30.153888899599988 ], [ 79.393548154600822, 30.166505303686755 ], [ 79.364509305161548, 30.16614648231841 ], [ 79.364405127873198, 30.172454584308806 ], [ 79.407966368760484, 30.172990542959031 ], [ 79.407864931032762, 30.179298773676241 ], [ 79.400604180935332, 30.179210428770709 ], [ 79.400502248811492, 30.185518630836391 ], [ 79.407763461170831, 30.185606998012357 ], [ 79.40766195916612, 30.191915215966489 ], [ 79.414923666085045, 30.192003203575599 ], [ 79.414822594492165, 30.198311437321664 ], [ 79.429347029350424, 30.198486251040109 ], [ 79.429246851188822, 30.204794522456503 ], [ 79.421984155099523, 30.204707294599238 ], [ 79.421883482335716, 30.211015537661584 ], [ 79.429146641298132, 30.211102787496596 ], [ 79.428745484274998, 30.236335783876417 ], [ 79.421480472354673, 30.236248446102977 ], [ 79.421379640085391, 30.242556657257012 ], [ 79.414114196485684, 30.242468894829138 ], [ 79.414012868545555, 30.248777077503387 ], [ 79.435810686236081, 30.2490392227744 ], [ 79.435710717912457, 30.255347465051607 ], [ 79.413911508523512, 30.255085253789741 ], [ 79.413708692199421, 30.267701587195361 ], [ 79.428243323074497, 30.267876885780176 ], [ 79.428343818908445, 30.261568678165901 ], [ 79.44287764862753, 30.261742320751129 ], [ 79.443275603283325, 30.236509251713169 ], [ 79.436010527966772, 30.236422719081901 ], [ 79.436110401390692, 30.230114457668353 ], [ 79.443375013230977, 30.230200968513536 ], [ 79.443673054289164, 30.211276080672071 ], [ 79.450936308024723, 30.211362124000043 ], [ 79.451035129245483, 30.205053793634285 ], [ 79.458297951372359, 30.205139413208123 ], [ 79.458396278543177, 30.198831054904197 ], [ 79.451133919176556, 30.198745456900365 ], [ 79.451430101315125, 30.179820408498149 ], [ 79.429647373545166, 30.179561398541651 ] ], [ [ 79.415024705672948, 30.185694963449471 ], [ 79.444070002182272, 30.186042807683073 ], [ 79.443970812346464, 30.19235113548492 ], [ 79.414923666085045, 30.192003203575599 ], [ 79.415024705672948, 30.185694963449471 ] ] ], [ [ [ 79.4096859018766, 30.065749645303327 ], [ 79.402433447513403, 30.065661700792674 ], [ 79.402534767774085, 30.059353377582774 ], [ 79.395282805017516, 30.05926505557931 ], [ 79.395079213263671, 30.071881650990374 ], [ 79.402332095126397, 30.071970017634431 ], [ 79.402027845122021, 30.090894929942081 ], [ 79.394773583507657, 30.090806496316372 ], [ 79.394977368970274, 30.078189939138667 ], [ 79.387724059625086, 30.078101150162826 ], [ 79.387621723133989, 30.084409409510229 ], [ 79.380367986323549, 30.084320198004217 ], [ 79.380265157343374, 30.090628428443285 ], [ 79.365756861570048, 30.090448759784078 ], [ 79.365964326780713, 30.077832383255334 ], [ 79.373217538384637, 30.077922372214729 ], [ 79.373320761941002, 30.071614151645726 ], [ 79.380573546525341, 30.071703717989614 ], [ 79.380676277764238, 30.065395468415844 ], [ 79.373423952779973, 30.06530592469656 ], [ 79.373527110910231, 30.058997691368123 ], [ 79.366275278080437, 30.058907770585478 ], [ 79.366068010074059, 30.071524185414731 ], [ 79.358815291070144, 30.07143381930311 ], [ 79.358919401083128, 30.065125637906089 ], [ 79.344414981385739, 30.06494375202303 ], [ 79.344099794021503, 30.083868139170704 ], [ 79.322339277285337, 30.083592103062532 ], [ 79.322126225460082, 30.096208189753163 ], [ 79.329380617574856, 30.096300648524196 ], [ 79.329274501274753, 30.102608705610265 ], [ 79.33652938729206, 30.102700787374324 ], [ 79.33663504331642, 30.096392707043442 ], [ 79.343889502539014, 30.096484365304274 ], [ 79.343784306799293, 30.102792468778947 ], [ 79.351039259650648, 30.10288374981754 ], [ 79.351248697353554, 30.090267490390477 ], [ 79.358502762944326, 30.090358325175835 ], [ 79.35839852084419, 30.096666481024343 ], [ 79.365653079635265, 30.09675693847047 ], [ 79.36554926480251, 30.103065110770352 ], [ 79.372804316811411, 30.103155190671529 ], [ 79.372494056672593, 30.122079737479371 ], [ 79.379750523303159, 30.122169484921194 ], [ 79.379956474781793, 30.109553081477031 ], [ 79.387212052649701, 30.109642383127866 ], [ 79.387007022574821, 30.122258831661235 ], [ 79.39426355434162, 30.122347777693058 ], [ 79.394365624838855, 30.116039534171808 ], [ 79.401621728162809, 30.116128057145172 ], [ 79.40192636414433, 30.097203221302511 ], [ 79.409181118136402, 30.097291276944233 ], [ 79.4096859018766, 30.065749645303327 ] ], [ [ 79.394671642321299, 30.097114765344045 ], [ 79.387416952813069, 30.097025909075192 ], [ 79.387519354199526, 30.090717662481307 ], [ 79.394773583507657, 30.090806496316372 ], [ 79.394671642321299, 30.097114765344045 ] ], [ [ 79.37290767132427, 30.096846995631971 ], [ 79.380162295765487, 30.096936652502364 ], [ 79.380059401581178, 30.103244870180564 ], [ 79.372804316811411, 30.103155190671529 ], [ 79.37290767132427, 30.096846995631971 ] ] ], [ [ [ 78.758366947224289, 30.321202549597881 ], [ 78.758079581822813, 30.333813914240064 ], [ 78.765348974473241, 30.333938386668457 ], [ 78.765205688763643, 30.340244090204912 ], [ 78.772475591893652, 30.340368190203787 ], [ 78.772332726188822, 30.346673918211902 ], [ 78.779603139822626, 30.346797645573602 ], [ 78.779887895541648, 30.334186120726073 ], [ 78.772618412428486, 30.334062455500106 ], [ 78.772761187805401, 30.327756714101792 ], [ 78.765492214878023, 30.32763267643346 ], [ 78.765778559821584, 30.315021235871821 ], [ 78.751242609149358, 30.314772075295426 ], [ 78.75109852988588, 30.321077736309661 ], [ 78.758366947224289, 30.321202549597881 ] ] ], [ [ [ 78.835264355650565, 30.461279857958896 ], [ 78.827985182947771, 30.461158816069304 ], [ 78.828265011972221, 30.448547102191586 ], [ 78.820986819480311, 30.448425715451044 ], [ 78.821127135468132, 30.442119878911413 ], [ 78.806571819173797, 30.441875950106386 ], [ 78.806854188308947, 30.429264379248117 ], [ 78.81413088915842, 30.429386485104587 ], [ 78.81399019435338, 30.435692304495991 ], [ 78.828544664215599, 30.435935361589173 ], [ 78.828684424074055, 30.429629481268602 ], [ 78.821407634462616, 30.429508185781025 ], [ 78.821547817493098, 30.423202329192161 ], [ 78.799719117015869, 30.422836103470598 ], [ 78.799577532061761, 30.429141868220391 ], [ 78.785024353964246, 30.428895630686682 ], [ 78.785166873474139, 30.422589927670437 ], [ 78.763338846275602, 30.422217626169321 ], [ 78.763194925022773, 30.428523235824024 ], [ 78.750041510427366, 30.428297083942933 ], [ 78.750041376883146, 30.434605125366772 ], [ 78.75577410537602, 30.434703865569865 ], [ 78.755629625618113, 30.441009430465918 ], [ 78.76290694604306, 30.441134434992982 ], [ 78.762762888291732, 30.447440024505315 ], [ 78.770040721906497, 30.447564654945445 ], [ 78.769897086456908, 30.453870268979401 ], [ 78.777175433285862, 30.453994525124461 ], [ 78.777032220433284, 30.460300163585398 ], [ 78.784311080500785, 30.460424045227231 ], [ 78.784168290540563, 30.46672970802042 ], [ 78.791447663870912, 30.466853214950849 ], [ 78.791732262518721, 30.454241820780357 ], [ 78.784453825355698, 30.454118375727759 ], [ 78.784596525117379, 30.447812699523016 ], [ 78.777318600897573, 30.447688879954338 ], [ 78.777461723280567, 30.441383228075974 ], [ 78.770184311979747, 30.441259034199334 ], [ 78.770327856688837, 30.434953406742061 ], [ 78.799435902357871, 30.435447626276527 ], [ 78.798727082170942, 30.466976316118505 ], [ 78.806006545292931, 30.467099011514502 ], [ 78.80614793074443, 30.460793256203438 ], [ 78.813426970346981, 30.46091551518278 ], [ 78.813567843090411, 30.45460972254482 ], [ 78.820846459149578, 30.454731545305673 ], [ 78.820565605411701, 30.467343184956064 ], [ 78.827845202112982, 30.467464662983989 ], [ 78.827705177047278, 30.473770503214634 ], [ 78.834985286356627, 30.473891605770788 ], [ 78.835264355650565, 30.461279857958896 ] ] ], [ [ [ 78.791305297098489, 30.473158901981581 ], [ 78.798585183715844, 30.473282033992408 ], [ 78.798727082170942, 30.466976316118505 ], [ 78.791447663870912, 30.466853214950849 ], [ 78.791305297098489, 30.473158901981581 ] ] ], [ [ [ 78.884855505015381, 30.525176358376218 ], [ 78.877571337145454, 30.52505786029791 ], [ 78.877434201677161, 30.531363850780082 ], [ 78.88471883933849, 30.531482378515889 ], [ 78.884855505015381, 30.525176358376218 ] ] ], [ [ [ 78.870149607328528, 30.531244916159867 ], [ 78.870287212576571, 30.524938955436941 ], [ 78.86300313145685, 30.524819643801912 ], [ 78.862726937815623, 30.537431498851177 ], [ 78.877297022896187, 30.537669834595178 ], [ 78.877434201677161, 30.531363850780082 ], [ 78.870149607328528, 30.531244916159867 ] ] ], [ [ [ 78.905218096895283, 30.594896239324552 ], [ 78.904810787989533, 30.613814325164654 ], [ 78.912101718812451, 30.613931605870917 ], [ 78.912507612860963, 30.59501343214599 ], [ 78.905218096895283, 30.594896239324552 ] ] ], [ [ [ 78.935445623252676, 30.544913109060293 ], [ 78.935579084331721, 30.538606897442794 ], [ 78.928293677611663, 30.538491189187294 ], [ 78.928159746364187, 30.544797371852216 ], [ 78.935445623252676, 30.544913109060293 ] ] ], [ [ [ 79.075748886172789, 30.452432921858751 ], [ 79.083028537607191, 30.452540111011118 ], [ 79.083152006522297, 30.446233243296206 ], [ 79.075872823254102, 30.446126081009314 ], [ 79.075748886172789, 30.452432921858751 ] ] ], [ [ [ 79.142223868520389, 30.402926200554891 ], [ 79.142343289367531, 30.396619069378669 ], [ 79.15689490360046, 30.396825271078079 ], [ 79.157013352827619, 30.390518081640423 ], [ 79.135187388819261, 30.390208249445472 ], [ 79.134947650887639, 30.402822466269626 ], [ 79.142223868520389, 30.402926200554891 ] ] ], [ [ [ 79.330343745279038, 30.46855846961639 ], [ 79.337625612024027, 30.468651498310628 ], [ 79.337732756504522, 30.462343767250665 ], [ 79.330451358565028, 30.462250761868603 ], [ 79.330343745279038, 30.46855846961639 ] ] ], [ [ [ 79.337732756504522, 30.462343767250665 ], [ 79.345014188300055, 30.462436366487417 ], [ 79.34512083025794, 30.456128605774101 ], [ 79.337839867128977, 30.456036029744872 ], [ 79.337732756504522, 30.462343767250665 ] ] ], [ [ [ 79.410548573554308, 30.463251481984145 ], [ 79.403266843716565, 30.463162538352972 ], [ 79.403163918890385, 30.469470474643277 ], [ 79.410446117622868, 30.469559440568958 ], [ 79.410548573554308, 30.463251481984145 ] ] ], [ [ [ 79.381317518479179, 30.469201139054341 ], [ 79.381213154044815, 30.475509001421095 ], [ 79.403060961531907, 30.475778404512713 ], [ 79.403163918890385, 30.469470474643277 ], [ 79.381317518479179, 30.469201139054341 ] ] ], [ [ [ 79.359259838566757, 30.481543728341418 ], [ 79.344694060142089, 30.481359609966407 ], [ 79.344800803251189, 30.47505186858443 ], [ 79.337518433678369, 30.474959222923893 ], [ 79.337411221458481, 30.481266941089579 ], [ 79.330128416658241, 30.481173865762138 ], [ 79.330020701305131, 30.487481554158379 ], [ 79.344587283297784, 30.487667344902864 ], [ 79.344480472709179, 30.493975073392953 ], [ 79.359048128520442, 30.494159284039799 ], [ 79.359259838566757, 30.481543728341418 ] ] ], [ [ [ 79.357243182557838, 30.60139046648866 ], [ 79.364535063820014, 30.60148235183086 ], [ 79.364852872815661, 30.582559268554903 ], [ 79.357562406986631, 30.582467452101902 ], [ 79.357243182557838, 30.60139046648866 ] ] ], [ [ [ 79.379013867581918, 30.607972624419066 ], [ 79.371721447418636, 30.607881533146251 ], [ 79.371615882971867, 30.614189231082058 ], [ 79.386201701031752, 30.614371050531918 ], [ 79.386724470314519, 30.582832269241329 ], [ 79.379433904628428, 30.582741677131224 ], [ 79.379013867581918, 30.607972624419066 ] ] ], [ [ [ 79.45973165593189, 30.577407745774149 ], [ 79.474312584739536, 30.577579499327346 ], [ 79.47421378904906, 30.583887538772732 ], [ 79.481504771970378, 30.583972824724622 ], [ 79.481799650957669, 30.565048623199232 ], [ 79.496378880711021, 30.565217843450871 ], [ 79.496476169201813, 30.558909721140097 ], [ 79.474608784683767, 30.558655342548292 ], [ 79.474411349236533, 30.571271453474257 ], [ 79.459831363411652, 30.571099742871738 ], [ 79.45973165593189, 30.577407745774149 ] ] ], [ [ [ 79.526680563370746, 30.489852498669652 ], [ 79.526775605895367, 30.483544216343397 ], [ 79.53405927353154, 30.483626315237089 ], [ 79.534153816692466, 30.477318005965174 ], [ 79.541437044868601, 30.477399677770261 ], [ 79.541531088962344, 30.471091341660568 ], [ 79.548813877662425, 30.471172586577389 ], [ 79.548907422985351, 30.464864223737695 ], [ 79.534342813401324, 30.46470136830294 ], [ 79.534248329979718, 30.471009690320184 ], [ 79.526965600862738, 30.470927632562177 ], [ 79.526870618390006, 30.477235927640624 ], [ 79.519587450109455, 30.477153442802543 ], [ 79.519396456290679, 30.489769972487011 ], [ 79.526680563370746, 30.489852498669652 ] ] ], [ [ [ 79.520350219228291, 30.426687069000479 ], [ 79.520254978542042, 30.432995388035007 ], [ 79.52753486569101, 30.43307772824917 ], [ 79.527629638236235, 30.426769388564473 ], [ 79.520350219228291, 30.426687069000479 ] ] ], [ [ [ 79.508472112988827, 30.249886858909679 ], [ 79.508567411600367, 30.243578396898329 ], [ 79.501301594564154, 30.243495466835569 ], [ 79.501205832108681, 30.249803907967582 ], [ 79.508472112988827, 30.249886858909679 ] ] ], [ [ [ 79.516117582997921, 30.22473543776248 ], [ 79.508853126471422, 30.224652972754789 ], [ 79.508948304467424, 30.218344485339962 ], [ 79.501684341339939, 30.218261638768553 ], [ 79.501779952312774, 30.211953165871332 ], [ 79.509043452329664, 30.212035991576396 ], [ 79.50913857006617, 30.205727491464941 ], [ 79.501875533013362, 30.205644686623597 ], [ 79.501971083449718, 30.199336201026259 ], [ 79.487446025894045, 30.199169427007302 ], [ 79.487156506072608, 30.218094738655669 ], [ 79.494420408492815, 30.218178389871795 ], [ 79.494228169053102, 30.230795274668303 ], [ 79.486963340004309, 30.230711581306451 ], [ 79.486866711089462, 30.237019993094826 ], [ 79.472336217864026, 30.236851356371719 ], [ 79.472433773822871, 30.230542987040945 ], [ 79.465169036983553, 30.230458086149447 ], [ 79.465267025422278, 30.224149731833219 ], [ 79.45073857168083, 30.223978765623539 ], [ 79.450639656540957, 30.23028707687957 ], [ 79.457904331174035, 30.230372782760274 ], [ 79.457805848204146, 30.236681109228126 ], [ 79.465071017515044, 30.236766434099419 ], [ 79.46497296700845, 30.24307477568227 ], [ 79.450441732283622, 30.242903680275887 ], [ 79.45024368266705, 30.255520258178795 ], [ 79.479309987280459, 30.255861009695394 ], [ 79.479407171980156, 30.24955263817311 ], [ 79.486673361457576, 30.249636797593276 ], [ 79.486770051576613, 30.243328398524042 ], [ 79.49403580784066, 30.243412134042142 ], [ 79.494132003672547, 30.237103707533482 ], [ 79.501397326706936, 30.23718701934882 ], [ 79.501493028545099, 30.230878565508164 ], [ 79.516022838271965, 30.231043939597935 ], [ 79.516117582997921, 30.22473543776248 ] ] ], [ [ [ 79.516306982472273, 30.212118415051439 ], [ 79.509043452329664, 30.212035991576396 ], [ 79.508948304467424, 30.218344485339962 ], [ 79.516212297728686, 30.21842692958003 ], [ 79.516306982472273, 30.212118415051439 ] ] ], [ [ [ 79.473018461318134, 30.192692637451007 ], [ 79.472921090534641, 30.199001044950439 ], [ 79.487446025894045, 30.199169427007302 ], [ 79.487542471392189, 30.192860977082024 ], [ 79.473018461318134, 30.192692637451007 ] ] ], [ [ [ 79.430945571668815, 30.097553041905702 ], [ 79.423690722044455, 30.09746618725212 ], [ 79.423490426239979, 30.110082883663402 ], [ 79.430746196787069, 30.1101697821824 ], [ 79.430945571668815, 30.097553041905702 ] ] ], [ [ [ 79.424290848168354, 30.059615945303367 ], [ 79.417038789495066, 30.05952882245111 ], [ 79.416435904151712, 30.097378932262863 ], [ 79.423690722044455, 30.09746618725212 ], [ 79.424290848168354, 30.059615945303367 ] ] ], [ [ [ 79.417139158942945, 30.053220448544497 ], [ 79.409887591448069, 30.053132948083103 ], [ 79.409786762648451, 30.059441299875477 ], [ 79.417038789495066, 30.05952882245111 ], [ 79.417139158942945, 30.053220448544497 ] ] ], [ [ [ 79.409181118136402, 30.097291276944233 ], [ 79.408978980537199, 30.109907885018369 ], [ 79.416234687441388, 30.10999558460664 ], [ 79.416435904151712, 30.097378932262863 ], [ 79.409181118136402, 30.097291276944233 ] ] ], [ [ [ 79.395384552495116, 30.052956748318294 ], [ 79.388133081328064, 30.052868049027545 ], [ 79.388030874524304, 30.059176333871463 ], [ 79.395282805017516, 30.05926505557931 ], [ 79.395384552495116, 30.052956748318294 ] ] ], [ [ [ 79.380778976440027, 30.059087212465592 ], [ 79.380676277764238, 30.065395468415844 ], [ 79.387928635311638, 30.065484612342562 ], [ 79.388030874524304, 30.059176333871463 ], [ 79.380778976440027, 30.059087212465592 ] ] ], [ [ [ 79.380881642561334, 30.052778950139732 ], [ 79.37363023634046, 30.052689451661269 ], [ 79.373527110910231, 30.058997691368123 ], [ 79.380778976440027, 30.059087212465592 ], [ 79.380881642561334, 30.052778950139732 ] ] ], [ [ [ 79.322445752561592, 30.077284050113899 ], [ 79.307939829566692, 30.077098072792307 ], [ 79.307832434658025, 30.083406078763694 ], [ 79.322339277285337, 30.083592103062532 ], [ 79.322445752561592, 30.077284050113899 ] ] ], [ [ [ 79.32969876475029, 30.077376438864793 ], [ 79.330016609525828, 30.0584521716222 ], [ 79.301010278127038, 30.058080498786012 ], [ 79.300902525935996, 30.064388500343963 ], [ 79.308154517282446, 30.064482041629887 ], [ 79.308047190438486, 30.070790060414069 ], [ 79.322552194092239, 30.070975990764239 ], [ 79.322445752561592, 30.077284050113899 ], [ 79.32969876475029, 30.077376438864793 ] ] ], [ [ [ 79.293542322896116, 30.070602530752698 ], [ 79.293434042719326, 30.076910495755655 ], [ 79.307939829566692, 30.077098072792307 ], [ 79.308047190438486, 30.070790060414069 ], [ 79.293542322896116, 30.070602530752698 ] ] ], [ [ [ 79.301117996162802, 30.051772490820952 ], [ 79.293866957548886, 30.051678597276442 ], [ 79.2937587803018, 30.057986581512207 ], [ 79.301010278127038, 30.058080498786012 ], [ 79.301117996162802, 30.051772490820952 ] ] ], [ [ [ 79.33726827667239, 30.058544090733058 ], [ 79.337373698516274, 30.052235965635411 ], [ 79.330122490625982, 30.0521440697492 ], [ 79.330016609525828, 30.0584521716222 ], [ 79.33726827667239, 30.058544090733058 ] ] ], [ [ [ 79.300579064340411, 30.083312466566294 ], [ 79.30047117543748, 30.089620442486918 ], [ 79.307725005703418, 30.089714078327336 ], [ 79.307832434658025, 30.083406078763694 ], [ 79.300579064340411, 30.083312466566294 ] ] ], [ [ [ 79.307617542693848, 30.096022071482363 ], [ 79.31487186711783, 30.096115330736986 ], [ 79.314978870024319, 30.089807314037014 ], [ 79.307725005703418, 30.089714078327336 ], [ 79.307617542693848, 30.096022071482363 ] ] ], [ [ [ 79.350829689154466, 30.115499983672365 ], [ 79.358085596246269, 30.115590910230363 ], [ 79.358294245700321, 30.102974630483519 ], [ 79.351039259650648, 30.10288374981754 ], [ 79.350829689154466, 30.115499983672365 ] ] ], [ [ [ 79.416134031248902, 30.116303901225812 ], [ 79.423390230719207, 30.116391222320441 ], [ 79.423490426239979, 30.110082883663402 ], [ 79.416234687441388, 30.10999558460664 ], [ 79.416134031248902, 30.116303901225812 ] ] ], [ [ [ 79.46673313404834, 30.12952365372427 ], [ 79.4664404693726, 30.14844898378368 ], [ 79.473699193917071, 30.148533606967153 ], [ 79.473602038797495, 30.15484205895752 ], [ 79.488120503306362, 30.155010144144253 ], [ 79.488312936587292, 30.142393149038543 ], [ 79.4810546121128, 30.142309349377758 ], [ 79.481151244365705, 30.136000863443684 ], [ 79.495667001121745, 30.136168019490519 ], [ 79.495762680384075, 30.129859485037546 ], [ 79.50302014311724, 30.129942440625001 ], [ 79.503115331011458, 30.12363387889895 ], [ 79.510372362849793, 30.123716412748063 ], [ 79.510561726480546, 30.111099228629133 ], [ 79.503305616329158, 30.111016736432273 ], [ 79.503780802251356, 30.079473769387253 ], [ 79.496527023867813, 30.079390981176104 ], [ 79.496431586889187, 30.085699566340516 ], [ 79.481923200973256, 30.08553274751393 ], [ 79.481826813403487, 30.091841284208197 ], [ 79.474572206041103, 30.091757253299043 ], [ 79.474281478618423, 30.110682761654584 ], [ 79.467025520644015, 30.110598266492641 ], [ 79.467317629381455, 30.091672822112123 ], [ 79.460063083570304, 30.091587990653494 ], [ 79.459965284566422, 30.097896457038697 ], [ 79.445455365529241, 30.097725550180865 ], [ 79.445257832543234, 30.110342377582011 ], [ 79.452513697460518, 30.110428074450244 ], [ 79.452218545683039, 30.129353332774294 ], [ 79.46673313404834, 30.12952365372427 ] ] ], [ [ [ 79.482212180422124, 30.066607099387703 ], [ 79.474959412804424, 30.06652315333746 ], [ 79.475056137799584, 30.060214612491961 ], [ 79.467803860415842, 30.060130287877175 ], [ 79.467901014167225, 30.05382176199786 ], [ 79.460649227001113, 30.053737059023913 ], [ 79.460703302115107, 30.050241450249786 ], [ 79.45345021461489, 30.050258397932367 ], [ 79.453103159785556, 30.072577386234869 ], [ 79.460356294649031, 30.072662553401727 ], [ 79.4601608515799, 30.085279517918366 ], [ 79.481923200973256, 30.08553274751393 ], [ 79.482212180422124, 30.066607099387703 ] ] ], [ [ [ 79.489464978564314, 30.066690645558197 ], [ 79.489369142342369, 30.072999222383093 ], [ 79.496622430597171, 30.073082389676628 ], [ 79.496717807085332, 30.066773791842962 ], [ 79.503970665839532, 30.066856538235992 ], [ 79.504160409077571, 30.05423928176176 ], [ 79.496908469370069, 30.054156577176489 ], [ 79.496968977835422, 30.050150707323265 ], [ 79.47520952519686, 30.050206353985406 ], [ 79.475152832132721, 30.053906065306141 ], [ 79.482404680752083, 30.053989968942698 ], [ 79.482212180422124, 30.066607099387703 ], [ 79.489464978564314, 30.066690645558197 ] ] ], [ [ [ 79.488024240931765, 30.161318632175561 ], [ 79.495283980774445, 30.161402093865831 ], [ 79.495379781372122, 30.155093584789206 ], [ 79.488120503306362, 30.155010144144253 ], [ 79.488024240931765, 30.161318632175561 ] ] ], [ [ [ 79.545361401368893, 30.212444086532855 ], [ 79.550019169335584, 30.21249569645741 ], [ 79.550018640483756, 30.206186051497887 ], [ 79.545454204165367, 30.206135483622106 ], [ 79.545361401368893, 30.212444086532855 ] ] ], [ [ [ 79.386801862519306, 30.134875254668295 ], [ 79.386493878571017, 30.153799841301716 ], [ 79.393752716445093, 30.153888899599988 ], [ 79.394059316290907, 30.134964245598322 ], [ 79.386801862519306, 30.134875254668295 ] ] ], [ [ [ 79.421581272705822, 30.229940228565543 ], [ 79.414316756154477, 30.229852510320491 ], [ 79.414215492352469, 30.236160705767897 ], [ 79.421480472354673, 30.236248446102977 ], [ 79.421581272705822, 30.229940228565543 ] ] ], [ [ [ 79.487059938329296, 30.224403163159778 ], [ 79.479795603249784, 30.224319088457467 ], [ 79.479698541545346, 30.230627485428641 ], [ 79.486963340004309, 30.230711581306451 ], [ 79.487059938329296, 30.224403163159778 ] ] ], [ [ [ 79.479989634481996, 30.211702275435758 ], [ 79.458199593058339, 30.211447765146549 ], [ 79.458101203592818, 30.217756110718625 ], [ 79.472628793099375, 30.217926229289496 ], [ 79.472531298898588, 30.224234611346581 ], [ 79.479795603249784, 30.224319088457467 ], [ 79.479989634481996, 30.211702275435758 ] ] ], [ [ [ 79.420470711939004, 30.299330270248113 ], [ 79.42774036652601, 30.299417828059813 ], [ 79.427841021514581, 30.293109652378988 ], [ 79.420571831855341, 30.293022116583487 ], [ 79.420470711939004, 30.299330270248113 ] ] ], [ [ [ 79.391701255980763, 30.280051790347837 ], [ 79.391804137799383, 30.273743706558076 ], [ 79.384536503356983, 30.273654221009387 ], [ 79.384433157094648, 30.27996228228421 ], [ 79.391701255980763, 30.280051790347837 ] ] ], [ [ [ 79.328849699627654, 30.127840869928953 ], [ 79.336106428206307, 30.127933044701123 ], [ 79.336000604643246, 30.134241093029225 ], [ 79.350515084268267, 30.134424286491232 ], [ 79.35072485408682, 30.121808091007985 ], [ 79.336212218243801, 30.121624989970702 ], [ 79.336317974764654, 30.11531692883884 ], [ 79.329062167758408, 30.115224800576495 ], [ 79.328849699627654, 30.127840869928953 ] ] ], [ [ [ 79.293325728214398, 30.083218454345875 ], [ 79.286072426425619, 30.083124042109219 ], [ 79.285745896623411, 30.102047807850827 ], [ 79.293000578639663, 30.102142291631345 ], [ 79.293325728214398, 30.083218454345875 ] ] ], [ [ [ 79.249695329353472, 30.088953788512836 ], [ 79.249806437638142, 30.082645980920869 ], [ 79.242553344931409, 30.082549168730342 ], [ 79.242441776772182, 30.08885695187146 ], [ 79.249695329353472, 30.088953788512836 ] ] ], [ [ [ 79.168861064502309, 30.144634089439911 ], [ 79.154346501513757, 30.144430754126841 ], [ 79.154229044021321, 30.150738171213597 ], [ 79.161486768204412, 30.150840065014101 ], [ 79.161369734862546, 30.157147501316299 ], [ 79.16862795748527, 30.157249019712467 ], [ 79.168861064502309, 30.144634089439911 ] ] ], [ [ [ 78.893110945515303, 30.140496567177543 ], [ 78.892976891101, 30.146802991984206 ], [ 78.900233183686822, 30.146919316698014 ], [ 78.900366777264864, 30.140612862560459 ], [ 78.893110945515303, 30.140496567177543 ] ] ], [ [ [ 78.929258775767877, 30.147380608285992 ], [ 78.928863274943609, 30.16630028011333 ], [ 78.936121161220896, 30.166414687651518 ], [ 78.936515278493388, 30.147494929324672 ], [ 78.929258775767877, 30.147380608285992 ] ] ], [ [ [ 78.921605430435903, 30.16618547152051 ], [ 78.92147305183876, 30.172491986676146 ], [ 78.928731357811145, 30.172606824210327 ], [ 78.928863274943609, 30.16630028011333 ], [ 78.921605430435903, 30.16618547152051 ] ] ], [ [ [ 78.857377428481911, 30.114683908527375 ], [ 78.857513571107219, 30.108377598785808 ], [ 78.850260297923128, 30.10825904950272 ], [ 78.850396857316795, 30.101952763057668 ], [ 78.835891360661094, 30.101714524470484 ], [ 78.835753881514023, 30.108020750784135 ], [ 78.843007068010209, 30.108140100165979 ], [ 78.842870005317337, 30.114446349970471 ], [ 78.857377428481911, 30.114683908527375 ] ] ], [ [ [ 78.836028796257452, 30.095408291528749 ], [ 78.828776572896771, 30.095288602540656 ], [ 78.828638677586554, 30.101594805269141 ], [ 78.835891360661094, 30.101714524470484 ], [ 78.836028796257452, 30.095408291528749 ] ] ], [ [ [ 78.843281063157278, 30.095527580682049 ], [ 78.843417995634553, 30.089221311004565 ], [ 78.836166188314678, 30.089102051959923 ], [ 78.836028796257452, 30.095408291528749 ], [ 78.843281063157278, 30.095527580682049 ] ] ], [ [ [ 78.836303536844312, 30.08279580576497 ], [ 78.821800971767061, 30.082556148994868 ], [ 78.821524393220699, 30.095168513726392 ], [ 78.828776572896771, 30.095288602540656 ], [ 78.828914424522381, 30.088982393181354 ], [ 78.836166188314678, 30.089102051959923 ], [ 78.836303536844312, 30.08279580576497 ] ] ], [ [ [ 78.843554884729684, 30.082915034704666 ], [ 78.843691730454168, 30.076608751783354 ], [ 78.836440841857922, 30.076489552944867 ], [ 78.836303536844312, 30.08279580576497 ], [ 78.843554884729684, 30.082915034704666 ] ] ], [ [ [ 78.843417995634553, 30.089221311004565 ], [ 78.850669846336572, 30.089340170306677 ], [ 78.850806275985661, 30.08303386400268 ], [ 78.843554884729684, 30.082915034704666 ], [ 78.843417995634553, 30.089221311004565 ] ] ], [ [ [ 78.865309188027894, 30.083270323639553 ], [ 78.865444655816106, 30.076963951019582 ], [ 78.872695716976594, 30.077081551643531 ], [ 78.872830682652221, 30.070775142719999 ], [ 78.858329521621997, 30.070539601394952 ], [ 78.858601160549313, 30.057926882691135 ], [ 78.873100485716023, 30.058162305059795 ], [ 78.873235323126892, 30.051855876325071 ], [ 78.83698962698314, 30.051264475432315 ], [ 78.836852495918137, 30.057570754743328 ], [ 78.844102007519012, 30.057689863300556 ], [ 78.843965291837335, 30.063996166080326 ], [ 78.851215305627463, 30.064114905388351 ], [ 78.850806275985661, 30.08303386400268 ], [ 78.865309188027894, 30.083270323639553 ] ] ], [ [ [ 78.872965605561589, 30.06446872719177 ], [ 78.887466019534443, 30.064702611542117 ], [ 78.887599981857051, 30.058396130338839 ], [ 78.873100485716023, 30.058162305059795 ], [ 78.872965605561589, 30.06446872719177 ] ] ], [ [ [ 78.894849793679739, 30.058512444048716 ], [ 78.894983254761755, 30.052205926869171 ], [ 78.887733901726605, 30.0520896425401 ], [ 78.887599981857051, 30.058396130338839 ], [ 78.894849793679739, 30.058512444048716 ] ] ], [ [ [ 78.821939195324219, 30.076249956679636 ], [ 78.814688437677432, 30.076129559270132 ], [ 78.814549754865936, 30.082435721181685 ], [ 78.821800971767061, 30.082556148994868 ], [ 78.821939195324219, 30.076249956679636 ] ] ], [ [ [ 78.857649670606918, 30.102071282426365 ], [ 78.857513571107219, 30.108377598785808 ], [ 78.864766887416948, 30.108495748006707 ], [ 78.865038123636864, 30.095883049047611 ], [ 78.872290563238479, 30.096000738776265 ], [ 78.872425657281084, 30.089694349672623 ], [ 78.857921740275302, 30.089458629857742 ], [ 78.857785726992461, 30.095764959450015 ], [ 78.850533373450787, 30.095646469991987 ], [ 78.850396857316795, 30.101952763057668 ], [ 78.857649670606918, 30.102071282426365 ] ] ], [ [ [ 78.802400744620627, 30.303025302715774 ], [ 78.78059899735716, 30.302657191536511 ], [ 78.780883123343187, 30.290045573052833 ], [ 78.788149399186437, 30.29016861802042 ], [ 78.788290930758492, 30.283862767818587 ], [ 78.773759352036237, 30.283616336946128 ], [ 78.774186460544172, 30.264698932129146 ], [ 78.766922129824465, 30.264575205879868 ], [ 78.767064872674965, 30.258269422025645 ], [ 78.759801050529532, 30.258145324514889 ], [ 78.760373422600566, 30.2329222470877 ], [ 78.75311149785901, 30.232797872456121 ], [ 78.752393604046944, 30.264326545940779 ], [ 78.759657844276575, 30.264451077147431 ], [ 78.759371295803746, 30.27706256233655 ], [ 78.766636508596022, 30.277186753524017 ], [ 78.766493630193949, 30.283492517311998 ], [ 78.759227953559659, 30.283368294891154 ], [ 78.758797654651374, 30.302285452383465 ], [ 78.751530631002439, 30.302160733157695 ], [ 78.751386642850818, 30.308466407577786 ], [ 78.765921664384607, 30.308715505547131 ], [ 78.766207737753646, 30.296104024814884 ], [ 78.77347438774386, 30.296227906725029 ], [ 78.773189243109428, 30.308839449748866 ], [ 78.787724535741191, 30.30908612854174 ], [ 78.787582824976496, 30.315391952017542 ], [ 78.79485100321341, 30.315514717438731 ], [ 78.794992249354621, 30.309208863115089 ], [ 78.802260007637429, 30.309331194461244 ], [ 78.802400744620627, 30.303025302715774 ] ] ], [ [ [ 78.788007822834189, 30.296474461542196 ], [ 78.809808311044165, 30.296841271127025 ], [ 78.809948494810754, 30.290535335400154 ], [ 78.788149399186437, 30.29016861802042 ], [ 78.788007822834189, 30.296474461542196 ] ] ], [ [ [ 78.896879561001498, 30.304578522126384 ], [ 78.904147464590693, 30.30469517805377 ], [ 78.904415803054505, 30.292082535169591 ], [ 78.897148828328383, 30.291965937880807 ], [ 78.896879561001498, 30.304578522126384 ] ] ], [ [ [ 79.399071804798638, 30.273832788962505 ], [ 79.399174189754859, 30.267524676362306 ], [ 79.391906987061134, 30.267435616368616 ], [ 79.391804137799383, 30.273743706558076 ], [ 79.399071804798638, 30.273832788962505 ] ] ], [ [ [ 79.406441424849902, 30.267613333306681 ], [ 79.406543313237435, 30.261305192003878 ], [ 79.399276542309735, 30.261216557366062 ], [ 79.399174189754859, 30.267524676362306 ], [ 79.406441424849902, 30.267613333306681 ] ] ], [ [ [ 79.349951334906166, 30.601298172739352 ], [ 79.349844387454539, 30.607605808219663 ], [ 79.357136707205981, 30.607698125039899 ], [ 79.357243182557838, 30.60139046648866 ], [ 79.349951334906166, 30.601298172739352 ] ] ], [ [ [ 78.91196633536957, 30.620237650459124 ], [ 78.91925778084159, 30.620354552114897 ], [ 78.919392692356411, 30.614048478326257 ], [ 78.912101718812451, 30.613931605870917 ], [ 78.91196633536957, 30.620237650459124 ] ] ], [ [ [ 78.904674932630115, 30.620120340450512 ], [ 78.90453903438933, 30.626426349071036 ], [ 78.911830909194109, 30.626543688385716 ], [ 78.91196633536957, 30.620237650459124 ], [ 78.904674932630115, 30.620120340450512 ] ] ], [ [ [ 79.546195569331744, 30.155666432375824 ], [ 79.550013782422482, 30.155708680207056 ], [ 79.550012393751601, 30.143089278631955 ], [ 79.546380617241965, 30.143049106273129 ], [ 79.546473097232806, 30.136740433732793 ], [ 79.539214994436605, 30.13665986335706 ], [ 79.539029082213531, 30.149277161450655 ], [ 79.546288107944207, 30.149357772487754 ], [ 79.546195569331744, 30.155666432375824 ] ] ], [ [ [ 79.524980291382562, 30.117571647757444 ], [ 79.524792711738272, 30.130188901913595 ], [ 79.539307906376422, 30.130351204818762 ], [ 79.539400788878879, 30.12404253995394 ], [ 79.546657969325025, 30.124123069678419 ], [ 79.54675036144198, 30.117814378166074 ], [ 79.539493641951807, 30.117733868763448 ], [ 79.539586465603023, 30.111425191248141 ], [ 79.532330236336733, 30.111344301530419 ], [ 79.532236951883334, 30.117652958625293 ], [ 79.524980291382562, 30.117571647757444 ] ] ], [ [ [ 79.540327996569374, 30.060955543534796 ], [ 79.540420555776862, 30.054646809134599 ], [ 79.533168467167371, 30.054566103086753 ], [ 79.533075448469802, 30.06087481708931 ], [ 79.540327996569374, 30.060955543534796 ] ] ], [ [ [ 79.532609912369381, 30.092418292290187 ], [ 79.539864760104649, 30.09249912076184 ], [ 79.540050142807189, 30.07988170882923 ], [ 79.532796215363419, 30.079800921175629 ], [ 79.532609912369381, 30.092418292290187 ] ] ], [ [ [ 79.51122355468128, 30.066938884731343 ], [ 79.510656363295496, 30.10479062706796 ], [ 79.517912042811957, 30.104872697932706 ], [ 79.517817866629542, 30.111181320215042 ], [ 79.525074036630258, 30.111263011184093 ], [ 79.525167752172194, 30.104954368281692 ], [ 79.53242349123029, 30.105035638109019 ], [ 79.532516716571891, 30.098726968362008 ], [ 79.525261438016258, 30.098645719051103 ], [ 79.525635884571685, 30.073411058864004 ], [ 79.518382476226165, 30.073329491577031 ], [ 79.518476473464915, 30.067020831323088 ], [ 79.51122355468128, 30.066938884731343 ] ] ], [ [ [ 79.511412378856619, 30.054321586651326 ], [ 79.525916408047109, 30.054484997319701 ], [ 79.525981795525382, 30.050070907498949 ], [ 79.5114753565705, 30.050111608025258 ], [ 79.511412378856619, 30.054321586651326 ] ] ], [ [ [ 79.400787651222046, 30.614551235431065 ], [ 79.393494659685118, 30.61446134730361 ], [ 79.393390479209174, 30.620769106792828 ], [ 79.407977439929709, 30.620948519223514 ], [ 79.407874171771567, 30.627256317100716 ], [ 79.415168173716211, 30.627345432443267 ], [ 79.415373732350531, 30.614729785727263 ], [ 79.422666821644015, 30.614818447883049 ], [ 79.422769079973079, 30.608510592717092 ], [ 79.430061729216277, 30.608598824149638 ], [ 79.429858125095208, 30.621214572158571 ], [ 79.444445409522714, 30.621389896899647 ], [ 79.444546282652894, 30.615081982304226 ], [ 79.437253096944247, 30.614994546177922 ], [ 79.437658159674299, 30.589762910946796 ], [ 79.444949456856733, 30.589850259693808 ], [ 79.445050170871411, 30.583542312988239 ], [ 79.430468551971202, 30.583367250997487 ], [ 79.430570177400654, 30.577059341644762 ], [ 79.423279887611798, 30.576971220436064 ], [ 79.42287130602341, 30.602202731119917 ], [ 79.415579161238952, 30.602114113271757 ], [ 79.415476463008602, 30.608421952716519 ], [ 79.400891326511811, 30.608243447037008 ], [ 79.400787651222046, 30.614551235431065 ] ] ], [ [ [ 79.444747933401018, 30.602466133843063 ], [ 79.452040206371706, 30.602553117789132 ], [ 79.451939869128125, 30.60886106697528 ], [ 79.459232645996096, 30.608947664072058 ], [ 79.459432344511811, 30.596331715999106 ], [ 79.452140511941181, 30.596245162183706 ], [ 79.452240785845092, 30.589937200159856 ], [ 79.444949456856733, 30.589850259693808 ], [ 79.444747933401018, 30.602466133843063 ] ] ], [ [ [ 79.43839878106121, 30.085022686841949 ], [ 79.438299632685954, 30.091331094708636 ], [ 79.452808568753497, 30.091502758929281 ], [ 79.453004993901189, 30.078885850150833 ], [ 79.445751430322545, 30.07880026141012 ], [ 79.446197143336192, 30.050274945316808 ], [ 79.438944088424847, 30.050291092404368 ], [ 79.438894051754801, 30.053480552169166 ], [ 79.431642389241858, 30.053394250593779 ], [ 79.431144820207265, 30.084936276182766 ], [ 79.43839878106121, 30.085022686841949 ] ] ], [ [ [ 79.442379496229847, 30.293283513522631 ], [ 79.442678482262707, 30.274358817001687 ], [ 79.435410623006916, 30.274272153596776 ], [ 79.435310528032005, 30.280580370346811 ], [ 79.428042235956369, 30.280493281852966 ], [ 79.427941644655192, 30.286801470309754 ], [ 79.435210401373098, 30.286888580712876 ], [ 79.435110243021754, 30.293196784694132 ], [ 79.442379496229847, 30.293283513522631 ] ] ], [ [ [ 79.413932093315125, 30.70303877182948 ], [ 79.414035278882707, 30.696731028984228 ], [ 79.406736068285468, 30.696641668562727 ], [ 79.406632408307445, 30.702949389111083 ], [ 79.413932093315125, 30.70303877182948 ] ] ], [ [ [ 79.414519187598387, 30.217236100270728 ], [ 79.41462035525737, 30.210927885670092 ], [ 79.407357260209594, 30.210839831528453 ], [ 79.407153966700832, 30.223456209977325 ], [ 79.421682041147378, 30.223632004645594 ], [ 79.421782777687824, 30.217323774343985 ], [ 79.414519187598387, 30.217236100270728 ] ] ], [ [ [ 79.400094197338902, 30.210751375242989 ], [ 79.40019625867086, 30.204443198721478 ], [ 79.385671155715755, 30.20426512461151 ], [ 79.385568168714713, 30.210573256266176 ], [ 79.400094197338902, 30.210751375242989 ] ] ], [ [ [ 79.38587703190295, 30.191648842124248 ], [ 79.385979921106511, 30.185340691293391 ], [ 79.378718806053527, 30.185251118939178 ], [ 79.378822124911252, 30.178942984292043 ], [ 79.364300917581701, 30.178762679902171 ], [ 79.364196674278247, 30.185070769097614 ], [ 79.371457723728668, 30.18516114487176 ], [ 79.371353909769255, 30.191469250447689 ], [ 79.38587703190295, 30.191648842124248 ] ] ], [ [ [ 79.379544441260151, 30.134785862827858 ], [ 79.379647498606545, 30.128477677067153 ], [ 79.372390571063889, 30.128387906975437 ], [ 79.372287052659445, 30.134696070083443 ], [ 79.379544441260151, 30.134785862827858 ] ] ], [ [ [ 79.328424359236294, 30.153072931764228 ], [ 79.342941539747954, 30.153257066249164 ], [ 79.342836043591646, 30.159565112128824 ], [ 79.3500951456504, 30.1596566006811 ], [ 79.350305181479712, 30.147040456384612 ], [ 79.357563393730516, 30.14713149772254 ], [ 79.357354280987082, 30.159747687950976 ], [ 79.364613449455504, 30.159838373931848 ], [ 79.364821639095425, 30.147222137973756 ], [ 79.372079917428366, 30.147312377131737 ], [ 79.372183501450507, 30.141004226802501 ], [ 79.335894747545709, 30.140549134954107 ], [ 79.335788856904756, 30.146857170474902 ], [ 79.328530744872765, 30.14676492591633 ], [ 79.328424359236294, 30.153072931764228 ] ] ], [ [ [ 79.349990077823321, 30.165964663228301 ], [ 79.357249674922144, 30.166055773468429 ], [ 79.357354280987082, 30.159747687950976 ], [ 79.3500951456504, 30.1596566006811 ], [ 79.349990077823321, 30.165964663228301 ] ] ], [ [ [ 79.363988088600237, 30.197686928291258 ], [ 79.36409239795401, 30.191378851894264 ], [ 79.356830919168345, 30.191288051539416 ], [ 79.356726147312202, 30.197596105053069 ], [ 79.363988088600237, 30.197686928291258 ] ] ], [ [ [ 79.342413724636756, 30.184797231600083 ], [ 79.342519354542731, 30.178489211341127 ], [ 79.335258900236269, 30.178397251986691 ], [ 79.335152808147228, 30.184705249064436 ], [ 79.342413724636756, 30.184797231600083 ] ] ], [ [ [ 79.342308061271083, 30.191105245451652 ], [ 79.349569473558574, 30.191196849389687 ], [ 79.34967467458597, 30.18488881245522 ], [ 79.342413724636756, 30.184797231600083 ], [ 79.342308061271083, 30.191105245451652 ] ] ], [ [ [ 79.327859233495829, 30.613633965957604 ], [ 79.328075995103433, 30.601018841115792 ], [ 79.320784283382991, 30.600924913805212 ], [ 79.320566577500301, 30.613539991685865 ], [ 79.327859233495829, 30.613633965957604 ] ] ], [ [ [ 79.321593004720512, 30.127748294399758 ], [ 79.321699716467378, 30.121440286283125 ], [ 79.314443516218901, 30.121347333462072 ], [ 79.314336343630814, 30.127655318120208 ], [ 79.321593004720512, 30.127748294399758 ] ] ], [ [ [ 79.18201281439606, 30.611676858744939 ], [ 79.189304791820618, 30.611778594790309 ], [ 79.188834947917414, 30.637006911814332 ], [ 79.174247251102486, 30.636802827443688 ], [ 79.174128751877518, 30.64310983939675 ], [ 79.159540259136904, 30.642904068269548 ], [ 79.159420776713787, 30.649211022293123 ], [ 79.15212611393828, 30.649107497481989 ], [ 79.152006120772398, 30.655414419107402 ], [ 79.16659643010783, 30.655621111298228 ], [ 79.166715477200597, 30.649314138071823 ], [ 79.181304990711638, 30.649519142502069 ], [ 79.181423054426773, 30.643212111546173 ], [ 79.196011771137705, 30.643415428979605 ], [ 79.19577749845331, 30.656029585916617 ], [ 79.188482175530567, 30.655928081000987 ], [ 79.188364510498729, 30.662235124328699 ], [ 79.202956139792292, 30.662437775574851 ], [ 79.202839384396512, 30.668744862960065 ], [ 79.210135727772894, 30.668845599808499 ], [ 79.210019409080473, 30.675152705810326 ], [ 79.217316262713538, 30.675253058312595 ], [ 79.217200381023076, 30.68156018283436 ], [ 79.260985107765862, 30.682153846237043 ], [ 79.261098146996332, 30.675846573575729 ], [ 79.224613152904269, 30.67535300131496 ], [ 79.224728524467565, 30.669045845326661 ], [ 79.217432107846335, 30.668945927266456 ], [ 79.217547916431357, 30.66263878969685 ], [ 79.210252009768254, 30.662538487280013 ], [ 79.21036825507646, 30.656231368225743 ], [ 79.203072858351675, 30.656130681660649 ], [ 79.203422793111159, 30.637209360753062 ], [ 79.196128852041454, 30.63710834071637 ], [ 79.196596806299837, 30.611879922385842 ], [ 79.203888857684802, 30.611980841524208 ], [ 79.203772396701467, 30.618287981116495 ], [ 79.218357554018155, 30.618488644125964 ], [ 79.218242000991154, 30.624795827335312 ], [ 79.210948931657413, 30.624695675098568 ], [ 79.210832869636221, 30.631002826768512 ], [ 79.225419989823237, 30.631202772501002 ], [ 79.225189646834167, 30.643817156179107 ], [ 79.239778803433779, 30.644015565828688 ], [ 79.2396645233801, 30.6503227974457 ], [ 79.261549947398294, 30.650617417883733 ], [ 79.261662808416986, 30.644310112703408 ], [ 79.268957548170505, 30.644407476939911 ], [ 79.269069900693921, 30.638100140944591 ], [ 79.283658540652326, 30.638293593971266 ], [ 79.28376991222693, 30.631986203163535 ], [ 79.29106381225408, 30.632082292249024 ], [ 79.291396298744374, 30.613160008892812 ], [ 79.313273955878401, 30.613445608836663 ], [ 79.313492606017647, 30.600830578121261 ], [ 79.306200963156286, 30.600735834070775 ], [ 79.30631070836084, 30.594428332682117 ], [ 79.29172847050873, 30.594237667175392 ], [ 79.29183912453513, 30.587930206971155 ], [ 79.284548529665074, 30.587834285831747 ], [ 79.284437403920109, 30.5941417220528 ], [ 79.277146372421569, 30.594045368693315 ], [ 79.27725796987562, 30.587737956557451 ], [ 79.262676956133788, 30.587544073632095 ], [ 79.262564415290086, 30.593851437291605 ], [ 79.255273489954817, 30.593753859263433 ], [ 79.255499479327312, 30.581139174230316 ], [ 79.248209532870334, 30.58104123697656 ], [ 79.248096084499949, 30.587348558251264 ], [ 79.240805702345483, 30.587250188407729 ], [ 79.240691746489375, 30.593557478587787 ], [ 79.23340092865682, 30.593458675954547 ], [ 79.233057429303841, 30.612380433360091 ], [ 79.211180945826598, 30.612081352198082 ], [ 79.21152869254567, 30.593159818959109 ], [ 79.204238020133459, 30.59305938361943 ], [ 79.204121669390886, 30.599366542774789 ], [ 79.189539491404261, 30.599164397104893 ], [ 79.189422160134754, 30.605471499211315 ], [ 79.182130654739055, 30.60536978858655 ], [ 79.18201281439606, 30.611676858744939 ] ], [ [ 79.255160441745275, 30.600061192034506 ], [ 79.247869080275763, 30.599963181301284 ], [ 79.247982600304979, 30.59365587302646 ], [ 79.255273489954817, 30.593753859263433 ], [ 79.255160441745275, 30.600061192034506 ] ], [ [ 79.247755524402649, 30.606270483074841 ], [ 79.24046372681822, 30.606172039436544 ], [ 79.240577754650189, 30.59986476226435 ], [ 79.247869080275763, 30.599963181301284 ], [ 79.247755524402649, 30.606270483074841 ] ], [ [ 79.240349662983789, 30.612479310103474 ], [ 79.247641932675933, 30.612577778346267 ], [ 79.24752830508595, 30.618885067114682 ], [ 79.262113896453485, 30.619080826979015 ], [ 79.26188842362366, 30.631695482840083 ], [ 79.254594665078898, 30.631597758400027 ], [ 79.254368104276935, 30.644212339434645 ], [ 79.247073435899495, 30.644114157140695 ], [ 79.247187207039474, 30.637806894393098 ], [ 79.232598923864856, 30.637609352100426 ], [ 79.232713604500518, 30.631302132182299 ], [ 79.240007255368255, 30.631401083064009 ], [ 79.240349662983789, 30.612479310103474 ] ], [ [ 79.262339226983357, 30.60646614512719 ], [ 79.276923071787166, 30.606660173500032 ], [ 79.277034739728592, 30.600352774341129 ], [ 79.291617781541092, 30.600545120897657 ], [ 79.291507057622795, 30.606852568137093 ], [ 79.284215047150468, 30.606756575039022 ], [ 79.284103816106835, 30.613063991802459 ], [ 79.276811368587801, 30.612967566169122 ], [ 79.27658785637712, 30.625582332034416 ], [ 79.26929449938622, 30.625485449463163 ], [ 79.26940674557423, 30.619178093978793 ], [ 79.262113896453485, 30.619080826979015 ], [ 79.262339226983357, 30.60646614512719 ] ] ], [ [ [ 79.146154110708025, 30.579627278942514 ], [ 79.146034062061901, 30.585934246650233 ], [ 79.153323964959696, 30.586037921130895 ], [ 79.153204349938349, 30.592344908215097 ], [ 79.160494762136523, 30.592448200509786 ], [ 79.160375581037414, 30.598755206874191 ], [ 79.167666502556273, 30.598858116774764 ], [ 79.167547755677006, 30.605165142323049 ], [ 79.182130654739055, 30.60536978858655 ], [ 79.182836916084241, 30.56752723052379 ], [ 79.175548276870231, 30.567425264626408 ], [ 79.175075699243365, 30.592653560749035 ], [ 79.167785211954438, 30.592551084690243 ], [ 79.167903883881607, 30.586244046070398 ], [ 79.160613905615847, 30.586141187606781 ], [ 79.160733011485561, 30.579834168166059 ], [ 79.146154110708025, 30.579627278942514 ] ] ], [ [ [ 79.190125592431627, 30.567628788692453 ], [ 79.190242701642973, 30.561321647440106 ], [ 79.182954496283244, 30.561220114669538 ], [ 79.182836916084241, 30.56752723052379 ], [ 79.190125592431627, 30.567628788692453 ] ] ], [ [ [ 79.17377302974451, 30.66203083601718 ], [ 79.173654380847111, 30.668337821808102 ], [ 79.188246808332053, 30.66854216112101 ], [ 79.188364510498729, 30.662235124328699 ], [ 79.17377302974451, 30.66203083601718 ] ] ], [ [ [ 79.166358223195118, 30.668235038117448 ], [ 79.166239063354851, 30.674541991708487 ], [ 79.173535694506299, 30.674644801056267 ], [ 79.173654380847111, 30.668337821808102 ], [ 79.166358223195118, 30.668235038117448 ] ] ], [ [ [ 79.20990305368106, 30.6814598052846 ], [ 79.209437264814795, 30.706688137888719 ], [ 79.216736488486632, 30.70678861566029 ], [ 79.216504322614981, 30.719402792904255 ], [ 79.223804531975702, 30.71950291059056 ], [ 79.223920158604429, 30.71319580026903 ], [ 79.23121992981703, 30.713295482870667 ], [ 79.231335045502263, 30.706988341163697 ], [ 79.22403574876563, 30.706888683421042 ], [ 79.22426681972496, 30.694274430149196 ], [ 79.216968507929579, 30.694174412301319 ], [ 79.217200381023076, 30.68156018283436 ], [ 79.20990305368106, 30.6814598052846 ] ] ], [ [ [ 79.2608720328641, 30.688461112391945 ], [ 79.275468176605187, 30.688655771676743 ], [ 79.275580303643849, 30.682348456953175 ], [ 79.260985107765862, 30.682153846237043 ], [ 79.2608720328641, 30.688461112391945 ] ] ], [ [ [ 79.268732736721162, 30.657022129435365 ], [ 79.276028458169264, 30.657119133065169 ], [ 79.276252323388292, 30.644504432137079 ], [ 79.268957548170505, 30.644407476939911 ], [ 79.268732736721162, 30.657022129435365 ] ] ], [ [ [ 79.283547133921246, 30.644600978287894 ], [ 79.290841979620183, 30.644697115385359 ], [ 79.290952913440805, 30.638389707061222 ], [ 79.283658540652326, 30.638293593971266 ], [ 79.283547133921246, 30.644600978287894 ] ] ], [ [ [ 79.299129754337002, 30.58802571996873 ], [ 79.299239901852403, 30.581718229405215 ], [ 79.291949743629715, 30.581622740285813 ], [ 79.29183912453513, 30.587930206971155 ], [ 79.299129754337002, 30.58802571996873 ] ] ], [ [ [ 79.284881696454107, 30.56891193826727 ], [ 79.277592550899314, 30.568815681230237 ], [ 79.27725796987562, 30.587737956557451 ], [ 79.284548529665074, 30.587834285831747 ], [ 79.284881696454107, 30.56891193826727 ] ] ], [ [ [ 79.262789461450467, 30.581236703479245 ], [ 79.262901931249715, 30.574929326833971 ], [ 79.255612420509493, 30.574831821970033 ], [ 79.255499479327312, 30.581139174230316 ], [ 79.262789461450467, 30.581236703479245 ] ] ], [ [ [ 79.248436322176033, 30.568426574932165 ], [ 79.241147354112556, 30.56832827885539 ], [ 79.241033506147389, 30.574635588540652 ], [ 79.226454735601067, 30.574437723556681 ], [ 79.226569525967008, 30.568130463348872 ], [ 79.233858421993318, 30.568229574991911 ], [ 79.23397270507084, 30.561922283491306 ], [ 79.226684280091376, 30.561823196634826 ], [ 79.226798997983963, 30.555515923415424 ], [ 79.219511080124789, 30.555416453773844 ], [ 79.219626232535262, 30.549109198932165 ], [ 79.212338821776797, 30.549009346713337 ], [ 79.21210753897644, 30.561623799917701 ], [ 79.219395891343709, 30.561723702107891 ], [ 79.219165404630573, 30.574338179249608 ], [ 79.211876110060089, 30.57423822707543 ], [ 79.211991842787683, 30.567931016752834 ], [ 79.204703055931986, 30.567830681814286 ], [ 79.204470611447263, 30.580445045751826 ], [ 79.211760340783798, 30.58054543088458 ], [ 79.21152869254567, 30.593159818959109 ], [ 79.218819401536166, 30.593259846132998 ], [ 79.218934772317354, 30.586952630350279 ], [ 79.226225046105426, 30.587052224450073 ], [ 79.226339908983817, 30.580744977257368 ], [ 79.248209532870334, 30.58104123697656 ], [ 79.248436322176033, 30.568426574932165 ] ] ], [ [ [ 79.290064461874508, 30.688848791915902 ], [ 79.290175641011786, 30.682541429032433 ], [ 79.282877954716284, 30.682445147825927 ], [ 79.282766301623525, 30.688752486680535 ], [ 79.290064461874508, 30.688848791915902 ] ] ], [ [ [ 79.299065504125693, 30.17162354567968 ], [ 79.2991738383475, 30.165315653178645 ], [ 79.291914511635937, 30.165221332056138 ], [ 79.291805715577809, 30.171529200774806 ], [ 79.299065504125693, 30.17162354567968 ] ] ], [ [ [ 79.25617339573364, 30.133204868597467 ], [ 79.256284289853809, 30.126897081680319 ], [ 79.249027939688077, 30.126800498952239 ], [ 79.24891658466349, 30.133108261498343 ], [ 79.25617339573364, 30.133204868597467 ] ] ], [ [ [ 79.26354067515031, 30.126993263719317 ], [ 79.263651073371818, 30.120685446100403 ], [ 79.256395148843183, 30.120589288328368 ], [ 79.256284289853809, 30.126897081680319 ], [ 79.26354067515031, 30.126993263719317 ] ] ], [ [ [ 79.270907032876011, 30.120781203277488 ], [ 79.271126803284858, 30.108165500425095 ], [ 79.278381876483465, 30.108260808879571 ], [ 79.278600587095511, 30.095645032213973 ], [ 79.271346434449001, 30.095549771868313 ], [ 79.271236636267886, 30.101857639359299 ], [ 79.263982058220122, 30.101761954661967 ], [ 79.263651073371818, 30.120685446100403 ], [ 79.270907032876011, 30.120781203277488 ] ] ], [ [ [ 79.277505646682215, 30.158723658546265 ], [ 79.277615296897665, 30.152415824834403 ], [ 79.27035699717203, 30.152320347904944 ], [ 79.270246885440173, 30.158628157536977 ], [ 79.277505646682215, 30.158723658546265 ] ] ], [ [ [ 79.264092316595139, 30.095454111324909 ], [ 79.264202540031761, 30.08914626156054 ], [ 79.271456197837423, 30.08924189795302 ], [ 79.271675620273214, 30.076626130853111 ], [ 79.264422882126951, 30.076530542753506 ], [ 79.264312728539281, 30.082838405369777 ], [ 79.257059565555977, 30.082742393136325 ], [ 79.256838233679687, 30.095358050590622 ], [ 79.264092316595139, 30.095454111324909 ] ] ], [ [ [ 79.241883405296079, 30.120395771027159 ], [ 79.249139259435992, 30.120492729968298 ], [ 79.249250543916588, 30.114184954547461 ], [ 79.241995150379978, 30.114088020072344 ], [ 79.241883405296079, 30.120395771027159 ] ] ], [ [ [ 79.256505972711111, 30.114281488542542 ], [ 79.256616761466958, 30.107973682323706 ], [ 79.249361793139272, 30.1078771726906 ], [ 79.249250543916588, 30.114184954547461 ], [ 79.256505972711111, 30.114281488542542 ] ] ], [ [ [ 79.213031794269028, 30.511165830891279 ], [ 79.213147162050873, 30.504858555483096 ], [ 79.191295021875334, 30.504557082821112 ], [ 79.191178245078561, 30.510864282732367 ], [ 79.205747241224145, 30.511065721669731 ], [ 79.205399509202863, 30.529987433652806 ], [ 79.198113582851846, 30.529886842081421 ], [ 79.197997128669812, 30.53619404121115 ], [ 79.21256995853993, 30.536394867469433 ], [ 79.212454408408092, 30.542702110345889 ], [ 79.227028325112798, 30.542901357464089 ], [ 79.226913679654515, 30.549208643691554 ], [ 79.234201162986025, 30.549307680984299 ], [ 79.23442947664627, 30.536693052475467 ], [ 79.219856428283649, 30.536494669729514 ], [ 79.220086478667227, 30.523880114507005 ], [ 79.227372044311622, 30.52397945976902 ], [ 79.22748654501838, 30.517672147536043 ], [ 79.220201449371686, 30.51757282714053 ], [ 79.220316383764271, 30.51126553327174 ], [ 79.213031794269028, 30.511165830891279 ] ] ], [ [ [ 79.242106860060119, 30.107780262678467 ], [ 79.242218534345938, 30.10147249884642 ], [ 79.234964096963395, 30.1013752130232 ], [ 79.234851962375302, 30.107682952294297 ], [ 79.242106860060119, 30.107780262678467 ] ] ], [ [ [ 79.201669802243771, 30.731815377524981 ], [ 79.201786926552074, 30.725508355477935 ], [ 79.194486352785816, 30.725406981893425 ], [ 79.194368753592499, 30.731713978662963 ], [ 79.201669802243771, 30.731815377524981 ] ] ], [ [ [ 79.19199490841298, 30.466713746607368 ], [ 79.192111427221249, 30.460406501122353 ], [ 79.184830737483821, 30.460305374285607 ], [ 79.184713750060439, 30.466612594423733 ], [ 79.19199490841298, 30.466713746607368 ] ] ], [ [ [ 79.176020257985343, 30.542196864047185 ], [ 79.18330701418013, 30.542298727963839 ], [ 79.183424445945732, 30.535991586017236 ], [ 79.176138160134528, 30.53588974758771 ], [ 79.176020257985343, 30.542196864047185 ] ] ], [ [ [ 79.190710768840304, 30.536093017227497 ], [ 79.190827693277413, 30.529785843377976 ], [ 79.183541840627967, 30.529684437549779 ], [ 79.183424445945732, 30.535991586017236 ], [ 79.190710768840304, 30.536093017227497 ] ] ], [ [ [ 79.080177960638807, 30.597596257360291 ], [ 79.080302329769282, 30.5912895406465 ], [ 79.087592357588633, 30.591396913667069 ], [ 79.087716216024887, 30.585090163539782 ], [ 79.080426659643877, 30.584982817357446 ], [ 79.080550950273178, 30.578676087494049 ], [ 79.073261904416555, 30.578568360320102 ], [ 79.072887500498894, 30.597488449365841 ], [ 79.080177960638807, 30.597596257360291 ] ] ], [ [ [ 79.087840035364508, 30.578783406841534 ], [ 79.088087556796026, 30.566169873735817 ], [ 79.08079941383815, 30.566062608047861 ], [ 79.080550950273178, 30.578676087494049 ], [ 79.087840035364508, 30.578783406841534 ] ] ], [ [ [ 79.080053552241807, 30.603902967497937 ], [ 79.094635533654483, 30.604117412670444 ], [ 79.094758998569304, 30.597810648944694 ], [ 79.080177960638807, 30.597596257360291 ], [ 79.080053552241807, 30.603902967497937 ] ] ], [ [ [ 79.072762620376707, 30.603795132556478 ], [ 79.072512741844037, 30.616408479195439 ], [ 79.079804617605973, 30.616516368041115 ], [ 79.080053552241807, 30.603902967497937 ], [ 79.072762620376707, 30.603795132556478 ] ] ], [ [ [ 79.094512029760182, 30.610424169825929 ], [ 79.101803550915847, 30.610530806685947 ], [ 79.101926582904468, 30.604224022885969 ], [ 79.094635533654483, 30.604117412670444 ], [ 79.094512029760182, 30.610424169825929 ] ] ], [ [ [ 79.101680480086046, 30.616837583918109 ], [ 79.094388486875857, 30.616730920410223 ], [ 79.094141284095031, 30.629344401861658 ], [ 79.101434221860984, 30.629451118675416 ], [ 79.100817895843093, 30.660984840569014 ], [ 79.108113236531267, 30.661091281530876 ], [ 79.107990327851397, 30.667398032760971 ], [ 79.115286180583354, 30.667504091010134 ], [ 79.11516370653392, 30.673810862141789 ], [ 79.107867380384974, 30.673704777418557 ], [ 79.107744394121568, 30.680011515502681 ], [ 79.100447633213918, 30.67990499481224 ], [ 79.100324134437955, 30.686211699739108 ], [ 79.114918642481314, 30.686424384694003 ], [ 79.114673423753985, 30.699037880958752 ], [ 79.121971683753387, 30.699143661808087 ], [ 79.121849490534657, 30.705450426469156 ], [ 79.129148263258827, 30.705555823793496 ], [ 79.129269982292996, 30.699249032845856 ], [ 79.143866694395044, 30.699458545456164 ], [ 79.143745923761173, 30.705765388670361 ], [ 79.151044811240382, 30.705869556207706 ], [ 79.150924476869406, 30.712176418844027 ], [ 79.158223876676757, 30.712280202318347 ], [ 79.157984043234904, 30.724893959685811 ], [ 79.172584854600686, 30.725100399396172 ], [ 79.172703840853785, 30.71879347252192 ], [ 79.165403891023658, 30.718690483482888 ], [ 79.165523314297559, 30.712383575738773 ], [ 79.172822789582327, 30.712486539097842 ], [ 79.173060574506323, 30.699872652603684 ], [ 79.158463558864682, 30.699666418728878 ], [ 79.158583343264013, 30.693359517103108 ], [ 79.143987426937031, 30.693151695681642 ], [ 79.144108121397423, 30.686844839347689 ], [ 79.136810694188085, 30.68674034011039 ], [ 79.13693182433434, 30.680433503290153 ], [ 79.144228777786537, 30.680537976455195 ], [ 79.144349396114677, 30.674231107005074 ], [ 79.122460071330622, 30.673916537469704 ], [ 79.122704034086567, 30.661302935896607 ], [ 79.115408615995477, 30.661197313309295 ], [ 79.11553101278075, 30.65489052904017 ], [ 79.108236106435101, 30.654784523729116 ], [ 79.109095110912691, 30.610637035186524 ], [ 79.101803550915847, 30.610530806685947 ], [ 79.101680480086046, 30.616837583918109 ] ], [ [ 79.122215954580682, 30.686530112775923 ], [ 79.129513305199396, 30.686635431250597 ], [ 79.129391662936385, 30.692942235331262 ], [ 79.122093838431923, 30.692836890576707 ], [ 79.122215954580682, 30.686530112775923 ] ] ], [ [ [ 79.086103002971484, 30.667077402331287 ], [ 79.085854228418313, 30.679690724993034 ], [ 79.100447633213918, 30.67990499481224 ], [ 79.100571093033068, 30.673598283307676 ], [ 79.107867380384974, 30.673704777418557 ], [ 79.107990327851397, 30.667398032760971 ], [ 79.086103002971484, 30.667077402331287 ] ] ], [ [ [ 79.177432628681657, 30.466511036140478 ], [ 79.177550084710234, 30.460203841450934 ], [ 79.170269469048407, 30.460101902625713 ], [ 79.170151544424613, 30.466409071764961 ], [ 79.177432628681657, 30.466511036140478 ] ] ], [ [ [ 79.162040696715579, 30.510456523085232 ], [ 79.169325027944652, 30.510559073200188 ], [ 79.169443213667023, 30.504251949702084 ], [ 79.162159352059774, 30.504149425261769 ], [ 79.162040696715579, 30.510456523085232 ] ] ], [ [ [ 79.138744197071162, 30.585830164172268 ], [ 79.138864717090172, 30.579523222483996 ], [ 79.131575361517832, 30.579418758137663 ], [ 79.131454370136183, 30.585725673704594 ], [ 79.138744197071162, 30.585830164172268 ] ] ], [ [ [ 79.144961015160362, 30.257860535403431 ], [ 79.145079570312035, 30.251553254483408 ], [ 79.137814521661781, 30.251450143923943 ], [ 79.13769550282565, 30.257757398892775 ], [ 79.144961015160362, 30.257860535403431 ] ] ], [ [ [ 79.147442807797376, 30.125406272352027 ], [ 79.147560577162039, 30.119098855129057 ], [ 79.140305232077637, 30.118996288798719 ], [ 79.140187002099239, 30.125303680138234 ], [ 79.147442807797376, 30.125406272352027 ] ] ], [ [ [ 79.140423424601295, 30.112688890975402 ], [ 79.140541579680175, 30.106381486669211 ], [ 79.133287192820745, 30.106278571824753 ], [ 79.133168577429629, 30.112585950152933 ], [ 79.140423424601295, 30.112688890975402 ] ] ], [ [ [ 79.124043080318529, 30.591927658044199 ], [ 79.124164581405694, 30.585620775254728 ], [ 79.116874831028369, 30.585515468830305 ], [ 79.116752858450553, 30.591822325291215 ], [ 79.124043080318529, 30.591927658044199 ] ] ], [ [ [ 79.112123669584207, 30.074430829390355 ], [ 79.119375644038897, 30.07453481364854 ], [ 79.119494952943583, 30.068227448643064 ], [ 79.112243437897405, 30.06812349064629 ], [ 79.112123669584207, 30.074430829390355 ] ] ], [ [ [ 79.064795048120416, 30.269317846773472 ], [ 79.072061104711025, 30.269425063867278 ], [ 79.072184374249616, 30.263118060084459 ], [ 79.064918781534388, 30.263010869961214 ], [ 79.064795048120416, 30.269317846773472 ] ] ], [ [ [ 79.06308251164937, 30.723512104105538 ], [ 79.063208617236469, 30.717205573213025 ], [ 79.041310630092767, 30.716876921001965 ], [ 79.041183100925394, 30.723183369938567 ], [ 79.06308251164937, 30.723512104105538 ] ] ], [ [ [ 79.062577691408222, 30.748738161655382 ], [ 79.062703956173991, 30.742431657172759 ], [ 79.026198016961956, 30.741881304793086 ], [ 79.026069376624861, 30.748187672101757 ], [ 79.062577691408222, 30.748738161655382 ] ] ], [ [ [ 79.007404235185859, 30.590193370071638 ], [ 79.007275150774106, 30.596499812762623 ], [ 79.021855391475782, 30.596722366361281 ], [ 79.021598987211462, 30.609335343170873 ], [ 79.028890111769726, 30.609446063195513 ], [ 79.029017862336886, 30.603139550428956 ], [ 79.036308555415019, 30.603249834610583 ], [ 79.036690150712673, 30.584330174041742 ], [ 79.029400872170726, 30.584219972525677 ], [ 79.029528461529054, 30.577913433359733 ], [ 79.02223969447688, 30.577802851620643 ], [ 79.022367714615456, 30.571496333503777 ], [ 79.015079459031298, 30.571385371749955 ], [ 79.015207909652958, 30.565078874777939 ], [ 79.000632462075828, 30.564855784113977 ], [ 79.000503069695355, 30.571162225290433 ], [ 79.007791244008402, 30.571274002342815 ], [ 79.007662281792037, 30.577580464860805 ], [ 79.01495096784835, 30.577691862118318 ], [ 79.014822436093183, 30.583998345882154 ], [ 79.000244162348281, 30.583775087810295 ], [ 79.000373636456501, 30.577468659856176 ], [ 78.99308503199039, 30.577356447112482 ], [ 78.992825100424852, 30.5899692402893 ], [ 79.007404235185859, 30.590193370071638 ] ], [ [ 79.02211163391469, 30.584109363136484 ], [ 79.021983532917957, 30.590415868050314 ], [ 79.014693863754857, 30.59030482304048 ], [ 79.014822436093183, 30.583998345882154 ], [ 79.02211163391469, 30.584109363136484 ] ] ], [ [ [ 78.985535594530177, 30.589856563492017 ], [ 78.985796468542205, 30.577243826637901 ], [ 78.978507946260578, 30.577130798440557 ], [ 78.978115159605551, 30.59604980899627 ], [ 78.985405095746586, 30.596162921988682 ], [ 78.985274555763155, 30.602469273863822 ], [ 78.999855494697002, 30.602694331993735 ], [ 78.999985091479559, 30.596387923879998 ], [ 78.992695073087503, 30.596275626952647 ], [ 78.992825100424852, 30.5899692402893 ], [ 78.985535594530177, 30.589856563492017 ] ] ], [ [ [ 79.000891124305724, 30.552242881932667 ], [ 78.986317722656651, 30.552018273512282 ], [ 78.986187470839013, 30.558324671718559 ], [ 78.993474621731579, 30.558437207735814 ], [ 78.993344799484049, 30.564743627475021 ], [ 79.000632462075828, 30.564855784113977 ], [ 79.000891124305724, 30.552242881932667 ] ] ], [ [ [ 79.036817268856254, 30.578023607327591 ], [ 79.036690150712673, 30.584330174041742 ], [ 79.06584766476648, 30.584766901215477 ], [ 79.066223245711654, 30.565846853811731 ], [ 79.058935220840127, 30.565738365279184 ], [ 79.058809595756031, 30.572045027193038 ], [ 79.051521139593817, 30.571936103825685 ], [ 79.051647235627826, 30.565629469147471 ], [ 79.044359290223255, 30.565520165424431 ], [ 79.04423272325009, 30.571826772765167 ], [ 79.029656010612342, 30.571606887596253 ], [ 79.029528461529054, 30.577913433359733 ], [ 79.036817268856254, 30.578023607327591 ] ] ], [ [ [ 78.999725857000954, 30.609000733492163 ], [ 79.007016859678274, 30.609112678311131 ], [ 79.007146025608577, 30.602806248842761 ], [ 78.999855494697002, 30.602694331993735 ], [ 78.999725857000954, 30.609000733492163 ] ] ], [ [ [ 79.060314481606554, 30.49636465002348 ], [ 79.060439631484527, 30.490057909187289 ], [ 79.053157286096564, 30.489949339614718 ], [ 79.053031667048501, 30.496256053256527 ], [ 79.060314481606554, 30.49636465002348 ] ] ], [ [ [ 79.023007209335134, 30.539963643935682 ], [ 79.023134987160603, 30.533657086231742 ], [ 79.008564162784239, 30.533435088516494 ], [ 79.008435444662325, 30.539741590663695 ], [ 79.023007209335134, 30.539963643935682 ] ] ], [ [ [ 79.022751532598349, 30.552576739555992 ], [ 79.044612304311514, 30.552906930977525 ], [ 79.04448581724013, 30.559213551494906 ], [ 79.059060806265038, 30.559431696783463 ], [ 79.059186352041408, 30.553125021706776 ], [ 79.051899308283311, 30.553016180035932 ], [ 79.052025284926245, 30.54670952560447 ], [ 79.037452257894017, 30.546490674864053 ], [ 79.037579135441192, 30.540184068599196 ], [ 79.023007209335134, 30.539963643935682 ], [ 79.022751532598349, 30.552576739555992 ] ] ], [ [ [ 79.016234055731076, 30.514626661380756 ], [ 79.008950073329402, 30.514515542468715 ], [ 79.008821477106835, 30.520822064418081 ], [ 79.001537065629364, 30.520710510856613 ], [ 79.001407958949358, 30.527016998282154 ], [ 79.015977762207953, 30.527239754320668 ], [ 79.016105929206489, 30.520933211148847 ], [ 79.023390421780121, 30.521043951040891 ], [ 79.023262724638656, 30.52735052193318 ], [ 79.045117853357141, 30.527680383047631 ], [ 79.045244140862337, 30.521373729604644 ], [ 79.052528793849405, 30.521482842061925 ], [ 79.052780309871693, 30.508869460813429 ], [ 79.016362141792612, 30.508320105017287 ], [ 79.016234055731076, 30.514626661380756 ] ], [ [ 79.023518078595842, 30.514737373555832 ], [ 79.038086245121775, 30.514957577663065 ], [ 79.037959527756271, 30.521264210276758 ], [ 79.023390421780121, 30.521043951040891 ], [ 79.023518078595842, 30.514737373555832 ] ] ], [ [ [ 78.950282502904656, 30.532530816935147 ], [ 78.964852669858061, 30.532759326808154 ], [ 78.964721131110849, 30.539065659842016 ], [ 78.942864533189962, 30.53872219864434 ], [ 78.942731542290701, 30.545028439112645 ], [ 78.964589550818658, 30.545371986251968 ], [ 78.964326265554575, 30.557984619196372 ], [ 78.957039280085652, 30.557870453559527 ], [ 78.95664262790045, 30.576789267593952 ], [ 78.96393102579114, 30.576903518910353 ], [ 78.963799195993857, 30.583209805557289 ], [ 78.971088106612271, 30.583323677640767 ], [ 78.971350782512133, 30.570711040790627 ], [ 78.964062813976213, 30.57059722563395 ], [ 78.964194560560287, 30.564290925728987 ], [ 78.971482058277758, 30.564404712427663 ], [ 78.972137815709573, 30.532872971270738 ], [ 78.979423002946618, 30.532986208739736 ], [ 78.980205728851629, 30.49514773096703 ], [ 78.987488139846121, 30.495260392090316 ], [ 78.987617980939959, 30.488953927775359 ], [ 79.009464052216373, 30.489289388691706 ], [ 79.009207143951684, 30.501902478774277 ], [ 79.001924141090797, 30.501791008963739 ], [ 79.001795156689099, 30.508097516196472 ], [ 79.016362141792612, 30.508320105017287 ], [ 79.016874081625787, 30.483093813628155 ], [ 79.02415575816832, 30.483204387270799 ], [ 79.024283173257459, 30.476897770248293 ], [ 79.038845709303558, 30.477117643729667 ], [ 79.038972146765715, 30.470810965040808 ], [ 79.060814843973318, 30.471137647256775 ], [ 79.060939835789966, 30.464830880142344 ], [ 79.031818193450647, 30.464394601078929 ], [ 79.031691327385658, 30.470701258860586 ], [ 79.017129809046835, 30.470480628385328 ], [ 79.017001965535215, 30.476787224301653 ], [ 79.0024396714321, 30.476564914036469 ], [ 79.002310849914693, 30.482871447665886 ], [ 78.987747781022165, 30.482647456854608 ], [ 78.988136935309328, 30.463728004467015 ], [ 78.980856868143007, 30.46361548436586 ], [ 78.980596535850026, 30.476228402829669 ], [ 78.973315572733767, 30.476115420244078 ], [ 78.973576842092086, 30.463502558381766 ], [ 78.9662968573044, 30.463389226522914 ], [ 78.96590348555776, 30.482308424187693 ], [ 78.973184876132024, 30.482421841259136 ], [ 78.973054138233749, 30.488728255662235 ], [ 78.9657722787681, 30.488614810179431 ], [ 78.965641030522804, 30.494921189554702 ], [ 78.972923359027845, 30.495034663452429 ], [ 78.972661676648698, 30.507647459190419 ], [ 78.965378409620726, 30.507533928452087 ], [ 78.965247036941633, 30.513840287972329 ], [ 78.972530773453201, 30.513953847136357 ], [ 78.972268842994779, 30.526566603177436 ], [ 78.950414939940885, 30.526224534456492 ], [ 78.950282502904656, 30.532530816935147 ] ] ], [ [ [ 78.950547335158063, 30.51991824534856 ], [ 78.943263253993578, 30.519803437434547 ], [ 78.943130389030088, 30.526109697804358 ], [ 78.950414939940885, 30.526224534456492 ], [ 78.950547335158063, 30.51991824534856 ] ] ], [ [ [ 78.979292404363505, 30.539292598551889 ], [ 78.986578102936519, 30.539405457255565 ], [ 78.986447933352139, 30.545711868690976 ], [ 79.001020394177175, 30.545936420929632 ], [ 79.001149623234255, 30.539629953319594 ], [ 78.993863842609542, 30.539517908847515 ], [ 78.993993500984118, 30.533211462664248 ], [ 78.979423002946618, 30.532986208739736 ], [ 78.979292404363505, 30.539292598551889 ] ] ], [ [ [ 79.038592714506692, 30.489730981368243 ], [ 79.045874980387936, 30.48984036367241 ], [ 79.046001028768046, 30.483533670748908 ], [ 79.053282865465306, 30.483642619398537 ], [ 79.053408405165385, 30.477335892608934 ], [ 79.038845709303558, 30.477117643729667 ], [ 79.038592714506692, 30.489730981368243 ] ] ], [ [ [ 78.958622136427977, 30.482194600944698 ], [ 78.958490460758071, 30.488500958423408 ], [ 78.9657722787681, 30.488614810179431 ], [ 78.96590348555776, 30.482308424187693 ], [ 78.958622136427977, 30.482194600944698 ] ] ], [ [ [ 79.00539135695368, 30.331512821702926 ], [ 79.005519204830662, 30.325206130004769 ], [ 78.983709688296813, 30.324871639019797 ], [ 78.983580444708508, 30.33117824666342 ], [ 79.00539135695368, 30.331512821702926 ] ] ], [ [ [ 79.004879560903262, 30.356739522731001 ], [ 79.005135539858642, 30.344126185371728 ], [ 78.997864264200359, 30.344015008279136 ], [ 78.997607353719431, 30.356628289780325 ], [ 79.004879560903262, 30.356739522731001 ] ] ], [ [ [ 79.03541675993921, 30.647395478308034 ], [ 79.04271079905611, 30.647505546597294 ], [ 79.042837846346345, 30.641199018393049 ], [ 79.035544279943267, 30.641088977584882 ], [ 79.03541675993921, 30.647395478308034 ] ] ], [ [ [ 79.005722955889567, 30.672176609145708 ], [ 79.005852530073611, 30.665870245845483 ], [ 78.998557274804526, 30.665758049137441 ], [ 78.998427227365099, 30.672064384432232 ], [ 79.005722955889567, 30.672176609145708 ] ] ], [ [ [ 78.998687281219759, 30.659451707218164 ], [ 78.998817246621911, 30.653145358675282 ], [ 78.991522978418175, 30.653032809004902 ], [ 78.991392540069967, 30.659339129447414 ], [ 78.998687281219759, 30.659451707218164 ] ] ], [ [ [ 78.98826657145527, 30.457421507132448 ], [ 78.988396166644677, 30.451115003196747 ], [ 78.981117035974407, 30.451002539479592 ], [ 78.980986972610879, 30.457309015225057 ], [ 78.98826657145527, 30.457421507132448 ] ] ], [ [ [ 78.941132372165157, 30.620702806880551 ], [ 78.941265867826957, 30.614396646102257 ], [ 78.93397476701243, 30.614280998450351 ], [ 78.933840799388207, 30.620587130334034 ], [ 78.941132372165157, 30.620702806880551 ] ] ], [ [ [ 78.955848195685178, 30.614626716543913 ], [ 78.955980705559597, 30.608320491643536 ], [ 78.963271460458074, 30.608434885831457 ], [ 78.963667324573137, 30.589516085573777 ], [ 78.956377984325258, 30.589401777119612 ], [ 78.956113173616913, 30.602014260105403 ], [ 78.948822932223166, 30.601899486401607 ], [ 78.948955830013546, 30.595593276906484 ], [ 78.941666102101948, 30.595478123895326 ], [ 78.941532732783983, 30.60178430460871 ], [ 78.934242575448039, 30.601668714735059 ], [ 78.934108692361917, 30.607974859917043 ], [ 78.94139932136278, 30.608090478677994 ], [ 78.941265867826957, 30.614396646102257 ], [ 78.955848195685178, 30.614626716543913 ] ] ], [ [ [ 78.963139422431297, 30.614741139316994 ], [ 78.970430690857043, 30.614855153780521 ], [ 78.970562257024937, 30.608548871811774 ], [ 78.963271460458074, 30.608434885831457 ], [ 78.963139422431297, 30.614741139316994 ] ] ], [ [ [ 78.969772236830707, 30.646386464134068 ], [ 78.969904010764964, 30.640080215331817 ], [ 78.962610853415285, 30.639966086899307 ], [ 78.962478606877767, 30.646272307200299 ], [ 78.969772236830707, 30.646386464134068 ] ] ], [ [ [ 78.923849462595228, 30.058973705829235 ], [ 78.923981088415147, 30.052667072134408 ], [ 78.916731567065384, 30.052552384642354 ], [ 78.916599482413247, 30.058858989359567 ], [ 78.923849462595228, 30.058973705829235 ] ] ], [ [ [ 78.894181853428719, 30.090044931049967 ], [ 78.894315526161833, 30.083738446839121 ], [ 78.908818949926754, 30.08397011026717 ], [ 78.909084331093936, 30.071357005090288 ], [ 78.901833516745157, 30.071241431614624 ], [ 78.901700387940934, 30.077547958306731 ], [ 78.894449156542265, 30.077431956032616 ], [ 78.894582744581243, 30.071125458631407 ], [ 78.887332014747543, 30.071009086148983 ], [ 78.886929745488246, 30.089928470381416 ], [ 78.894181853428719, 30.090044931049967 ] ] ], [ [ [ 78.901833516745157, 30.071241431614624 ], [ 78.901966603364514, 30.064934898332403 ], [ 78.894716290289992, 30.064818954636451 ], [ 78.894582744581243, 30.071125458631407 ], [ 78.901833516745157, 30.071241431614624 ] ] ], [ [ [ 78.908686196256014, 30.090276652973465 ], [ 78.915938430851895, 30.090391914211754 ], [ 78.916070724974645, 30.084085342409022 ], [ 78.908818949926754, 30.08397011026717 ], [ 78.908686196256014, 30.090276652973465 ] ] ], [ [ [ 78.901434003733129, 30.090160991916754 ], [ 78.901300748307108, 30.096467498832755 ], [ 78.894048138331627, 30.096351408664169 ], [ 78.89378058100057, 30.10896434409889 ], [ 78.901034110754779, 30.109080492881951 ], [ 78.9011674506514, 30.102773999154824 ], [ 78.90842056268437, 30.102889718616971 ], [ 78.908686196256014, 30.090276652973465 ], [ 78.901434003733129, 30.090160991916754 ] ] ], [ [ [ 78.850983953062993, 30.739096803726209 ], [ 78.84368390459872, 30.738975654240196 ], [ 78.843432534564698, 30.75025461801874 ], [ 78.850735746123661, 30.750271682599156 ], [ 78.850983953062993, 30.739096803726209 ] ] ], [ [ [ 78.858284045676314, 30.739217542989483 ], [ 78.858841863186328, 30.713994662363014 ], [ 78.851543668347773, 30.713874043429943 ], [ 78.851683486885975, 30.707568336588871 ], [ 78.85898120765431, 30.707688925448952 ], [ 78.859259764782195, 30.695077431518477 ], [ 78.85196299170633, 30.694956902792899 ], [ 78.851823261334843, 30.701262623042872 ], [ 78.844526058564767, 30.701141654641916 ], [ 78.84438581020693, 30.707447338016671 ], [ 78.837088177766532, 30.707325929741117 ], [ 78.836806600081104, 30.719937215805185 ], [ 78.851403805708316, 30.720179743565176 ], [ 78.851263898955679, 30.726485436993574 ], [ 78.843964799653762, 30.726364347884608 ], [ 78.843824374269531, 30.732670004418662 ], [ 78.851123948077884, 30.732791123714243 ], [ 78.850983953062993, 30.739096803726209 ], [ 78.858284045676314, 30.739217542989483 ] ] ], [ [ [ 78.873853442533346, 30.695317260410864 ], [ 78.873991707936668, 30.689011443579499 ], [ 78.859398977465858, 30.688771674503965 ], [ 78.859259764782195, 30.695077431518477 ], [ 78.873853442533346, 30.695317260410864 ] ] ], [ [ [ 78.859538146245185, 30.682465910791191 ], [ 78.852242320264864, 30.682345442184836 ], [ 78.852102678012358, 30.688651175839908 ], [ 78.859398977465858, 30.688771674503965 ], [ 78.859538146245185, 30.682465910791191 ] ] ], [ [ [ 78.881288138655563, 30.689130713973594 ], [ 78.881425886944271, 30.682824860700038 ], [ 78.874129929734053, 30.682705620057476 ], [ 78.873991707936668, 30.689011443579499 ], [ 78.881288138655563, 30.689130713973594 ] ] ], [ [ [ 78.858841863186328, 30.713994662363014 ], [ 78.873438384569752, 30.714234670751537 ], [ 78.873576780861697, 30.707928873997819 ], [ 78.85898120765431, 30.707688925448952 ], [ 78.858841863186328, 30.713994662363014 ] ] ], [ [ [ 78.873161461014547, 30.726846244174745 ], [ 78.880460735920394, 30.726965693157474 ], [ 78.880322683187487, 30.733271499603106 ], [ 78.887622476186507, 30.733390568208407 ], [ 78.887347189671587, 30.746002220381449 ], [ 78.880046447092411, 30.745883092413084 ], [ 78.879948875546802, 30.750335826869453 ], [ 78.894555608069822, 30.75036543052272 ], [ 78.894647975663929, 30.746120937981381 ], [ 78.901948804919869, 30.746239245204269 ], [ 78.902358821204274, 30.727321579751351 ], [ 78.887760054353606, 30.72708473208689 ], [ 78.88789758914281, 30.720778889276648 ], [ 78.880598745125923, 30.720659880019312 ], [ 78.880736710815896, 30.714354060189581 ], [ 78.873438384569752, 30.714234670751537 ], [ 78.873161461014547, 30.726846244174745 ] ] ], [ [ [ 78.895470467609528, 30.708285723762575 ], [ 78.895607398355523, 30.701979831333038 ], [ 78.888309933360404, 30.701861320722799 ], [ 78.888172528634456, 30.708167183593659 ], [ 78.895470467609528, 30.708285723762575 ] ] ], [ [ [ 78.882526310221451, 30.632377793896541 ], [ 78.882663667928, 30.626071880483334 ], [ 78.875371965587959, 30.625952907434751 ], [ 78.875234135713853, 30.632258791130376 ], [ 78.882526310221451, 30.632377793896541 ] ] ], [ [ [ 78.875647494883253, 30.613341120000722 ], [ 78.875785194327904, 30.607035216264212 ], [ 78.86849495105092, 30.606915924239555 ], [ 78.868356779896729, 30.613221798167867 ], [ 78.875647494883253, 30.613341120000722 ] ] ], [ [ [ 78.845086609849147, 30.675918854074354 ], [ 78.845226637193321, 30.66961313717005 ], [ 78.837931845896605, 30.669491910476847 ], [ 78.837791345401385, 30.675797597127026 ], [ 78.845086609849147, 30.675918854074354 ] ] ], [ [ [ 78.852521472656903, 30.669733954772223 ], [ 78.852381918475743, 30.676039701828618 ], [ 78.859677271132028, 30.676160140381086 ], [ 78.859955389275825, 30.663548579472728 ], [ 78.867249839588283, 30.663668548922374 ], [ 78.867388359980282, 30.657362728485545 ], [ 78.852800448977703, 30.657122440562645 ], [ 78.852939871141146, 30.650816673411345 ], [ 78.867526836676277, 30.651056901358977 ], [ 78.867803659027444, 30.638445227040396 ], [ 78.860511099375728, 30.638325377329732 ], [ 78.860649917347388, 30.632019560064869 ], [ 78.853357873786223, 30.631899331782844 ], [ 78.853079249322448, 30.644510899563663 ], [ 78.838493404837806, 30.644269096816483 ], [ 78.838072302075872, 30.663186217119748 ], [ 78.845366620370598, 30.663307413562677 ], [ 78.845226637193321, 30.66961313717005 ], [ 78.852521472656903, 30.669733954772223 ] ] ], [ [ [ 78.860927421909523, 30.619407905466801 ], [ 78.861066108523673, 30.613102068135497 ], [ 78.85377548091283, 30.612981929912273 ], [ 78.853636322464013, 30.619287737227783 ], [ 78.860927421909523, 30.619407905466801 ] ] ], [ [ [ 78.863279150708649, 30.512207762058086 ], [ 78.863417094967815, 30.505901811178077 ], [ 78.856134465825605, 30.505782182643109 ], [ 78.855996052254469, 30.512088103571731 ], [ 78.863279150708649, 30.512207762058086 ] ] ], [ [ [ 78.866988389560433, 30.341944749633374 ], [ 78.867125161737761, 30.335638618976205 ], [ 78.859855148189851, 30.335519797705981 ], [ 78.859717910683685, 30.341825898513221 ], [ 78.866988389560433, 30.341944749633374 ] ] ], [ [ [ 78.856272835686511, 30.499476255039927 ], [ 78.856411161848982, 30.493170320763102 ], [ 78.849129514573292, 30.49305034587125 ], [ 78.848990719406657, 30.499356250102576 ], [ 78.856272835686511, 30.499476255039927 ] ] ], [ [ [ 78.814768846686135, 30.725875891440189 ], [ 78.82206776799319, 30.725998620534881 ], [ 78.822209572101769, 30.719693048450253 ], [ 78.814911125103521, 30.719570349946803 ], [ 78.814768846686135, 30.725875891440189 ] ] ], [ [ [ 78.829508063810749, 30.719815337072681 ], [ 78.82993178585383, 30.700898489045034 ], [ 78.82263471621151, 30.700776291866749 ], [ 78.822209572101769, 30.719693048450253 ], [ 78.829508063810749, 30.719815337072681 ] ] ], [ [ [ 78.83722890002133, 30.701020276639714 ], [ 78.837650800578231, 30.682103277069359 ], [ 78.83035510717022, 30.681981580577798 ], [ 78.82993178585383, 30.700898489045034 ], [ 78.83722890002133, 30.701020276639714 ] ] ], [ [ [ 78.815479790293423, 30.694348116721514 ], [ 78.822776341549741, 30.694470692898879 ], [ 78.823200949638718, 30.675553855688442 ], [ 78.815905818622014, 30.675431371214845 ], [ 78.815479790293423, 30.694348116721514 ] ] ], [ [ [ 78.80889547342673, 30.662697341634001 ], [ 78.823483798547315, 30.66294259730201 ], [ 78.823625156092589, 30.656636958037815 ], [ 78.809037776593755, 30.6563917635766 ], [ 78.80889547342673, 30.662697341634001 ] ] ], [ [ [ 78.807327172515642, 30.732058256440286 ], [ 78.807469970251319, 30.725752752371232 ], [ 78.800171138838166, 30.725629203336968 ], [ 78.800027866668628, 30.731934676606635 ], [ 78.807327172515642, 30.732058256440286 ] ] ], [ [ [ 78.807755430669928, 30.713141724041144 ], [ 78.807898093377204, 30.706836199782014 ], [ 78.793303320495994, 30.706588876812699 ], [ 78.793159709829354, 30.712894339394474 ], [ 78.807755430669928, 30.713141724041144 ] ] ], [ [ [ 78.808040711099409, 30.700530668794745 ], [ 78.808183283848649, 30.694225131080316 ], [ 78.793590405990599, 30.693977931442181 ], [ 78.793446885879007, 30.70028340749494 ], [ 78.808040711099409, 30.700530668794745 ] ] ], [ [ [ 78.773725810319377, 30.605327994221017 ], [ 78.773581508026851, 30.611633471370805 ], [ 78.7808716444396, 30.611758099112564 ], [ 78.780727768302739, 30.618063600665611 ], [ 78.795309120613666, 30.618311693827195 ], [ 78.795594940905261, 30.605700560064282 ], [ 78.773725810319377, 30.605327994221017 ] ] ], [ [ [ 78.793733880843035, 30.687672448655377 ], [ 78.793877310448579, 30.681366959135474 ], [ 78.786581886211792, 30.681242807112479 ], [ 78.786437983241768, 30.687548265656332 ], [ 78.793733880843035, 30.687672448655377 ] ] ], [ [ [ 78.782301059581854, 30.226987079755904 ], [ 78.782442606569518, 30.220681193702266 ], [ 78.767920381844903, 30.220434578512137 ], [ 78.768062808830095, 30.214128747870994 ], [ 78.753541689200077, 30.213880588069564 ], [ 78.753398337470315, 30.220186356220768 ], [ 78.76065933704075, 30.220310668249649 ], [ 78.760516402443542, 30.226616461011567 ], [ 78.782301059581854, 30.226987079755904 ] ] ], [ [ [ 78.760162052303457, 30.560939486337134 ], [ 78.760741294188009, 30.535717572048039 ], [ 78.753456943258897, 30.535592097076911 ], [ 78.752875820948773, 30.560813885763892 ], [ 78.760162052303457, 30.560939486337134 ] ] ], [ [ [ 78.755940610384997, 30.743795139070475 ], [ 78.756232985665605, 30.731184586692443 ], [ 78.750004405285338, 30.731076706412111 ], [ 78.75000149575861, 30.743692241142604 ], [ 78.755940610384997, 30.743795139070475 ] ] ], [ [ [ 78.759436970594876, 30.592466727686336 ], [ 78.759582078500415, 30.586161292889415 ], [ 78.752293964347089, 30.586035566650569 ], [ 78.752148385370802, 30.592340970021166 ], [ 78.759436970594876, 30.592466727686336 ] ] ], [ [ [ 78.755258374723851, 30.138210848895277 ], [ 78.755401137613902, 30.131904993880653 ], [ 78.750017215942279, 30.131812801897844 ], [ 78.750018354963288, 30.138121106972495 ], [ 78.755258374723851, 30.138210848895277 ] ] ] ] } },
{ "type": "Feature", "properties": { "zone_class": "Red", "h_mean": 0.7211336, "h_max": 0.8931, "source": "DERIVED", "area_ha": 48565.636544396009 }, "geometry": { "type": "MultiPolygon", "coordinates": [ [ [ [ 78.873235323126892, 30.051855876325071 ], [ 78.873100485716023, 30.058162305059795 ], [ 78.887599981857051, 30.058396130338839 ], [ 78.887733901726605, 30.0520896425401 ], [ 78.873235323126892, 30.051855876325071 ] ] ], [ [ [ 78.930837025795682, 30.071701328389036 ], [ 78.945339030522632, 30.071928879565522 ], [ 78.945469362371895, 30.065622172677049 ], [ 78.930968275945915, 30.065394678965976 ], [ 78.930837025795682, 30.071701328389036 ] ] ], [ [ [ 78.785685847948784, 30.075643974655101 ], [ 78.800187054350758, 30.075887565940601 ], [ 78.800326611404742, 30.069581458495776 ], [ 78.785826323138807, 30.069337928715669 ], [ 78.785685847948784, 30.075643974655101 ] ] ], [ [ [ 78.945208657360809, 30.078235579885387 ], [ 78.95246018107818, 30.078348784727247 ], [ 78.952590094927672, 30.072042055822394 ], [ 78.945339030522632, 30.071928879565522 ], [ 78.945208657360809, 30.078235579885387 ] ] ], [ [ [ 78.930574400674118, 30.084314607506982 ], [ 78.937826301034775, 30.084428640446593 ], [ 78.937957174966968, 30.078121975385695 ], [ 78.930705734042107, 30.078007971236346 ], [ 78.930574400674118, 30.084314607506982 ] ] ], [ [ [ 78.814272257374697, 30.095048025094588 ], [ 78.821524393220699, 30.095168513726392 ], [ 78.821800971767061, 30.082556148994868 ], [ 78.814549754865936, 30.082435721181685 ], [ 78.814688437677432, 30.076129559270132 ], [ 78.807437723971177, 30.07600876235422 ], [ 78.80715939576524, 30.088621018528197 ], [ 78.814411028102242, 30.088741876456837 ], [ 78.814272257374697, 30.095048025094588 ] ] ], [ [ [ 78.937695385622575, 30.090735298933424 ], [ 78.952200229833934, 30.090962222837927 ], [ 78.952330226050591, 30.084655507066064 ], [ 78.937826301034775, 30.084428640446593 ], [ 78.937695385622575, 30.090735298933424 ] ] ], [ [ [ 78.799768117754738, 30.094805848413042 ], [ 78.807020165504227, 30.094927136653901 ], [ 78.80715939576524, 30.088621018528197 ], [ 78.799907807537494, 30.088499760900209 ], [ 78.799768117754738, 30.094805848413042 ] ] ], [ [ [ 78.763366513704497, 30.100499336783209 ], [ 78.770618798275478, 30.100622655014444 ], [ 78.770760370875493, 30.094316697622645 ], [ 78.763508545912501, 30.094193410512279 ], [ 78.763366513704497, 30.100499336783209 ] ] ], [ [ [ 78.937433430314144, 30.103348596181061 ], [ 78.944686751368181, 30.103462315459687 ], [ 78.944817289890096, 30.097155641423768 ], [ 78.937564428719384, 30.09704195084522 ], [ 78.937433430314144, 30.103348596181061 ] ] ], [ [ [ 78.901966603364514, 30.064934898332403 ], [ 78.901833516745157, 30.071241431614624 ], [ 78.909084331093936, 30.071357005090288 ], [ 78.909216958612703, 30.065050442621612 ], [ 78.923717795048731, 30.065280332946674 ], [ 78.923849462595228, 30.058973705829235 ], [ 78.916599482413247, 30.058858989359567 ], [ 78.916731567065384, 30.052552384642354 ], [ 78.894983254761755, 30.052205926869171 ], [ 78.894849793679739, 30.058512444048716 ], [ 78.887599981857051, 30.058396130338839 ], [ 78.887466019534443, 30.064702611542117 ], [ 78.872965605561589, 30.06446872719177 ], [ 78.873100485716023, 30.058162305059795 ], [ 78.858601160549313, 30.057926882691135 ], [ 78.858329521621997, 30.070539601394952 ], [ 78.872830682652221, 30.070775142719999 ], [ 78.872695716976594, 30.077081551643531 ], [ 78.865444655816106, 30.076963951019582 ], [ 78.865309188027894, 30.083270323639553 ], [ 78.850806275985661, 30.08303386400268 ], [ 78.850669846336572, 30.089340170306677 ], [ 78.843417995634553, 30.089221311004565 ], [ 78.843281063157278, 30.095527580682049 ], [ 78.836028796257452, 30.095408291528749 ], [ 78.835891360661094, 30.101714524470484 ], [ 78.850396857316795, 30.101952763057668 ], [ 78.850533373450787, 30.095646469991987 ], [ 78.857785726992461, 30.095764959450015 ], [ 78.857921740275302, 30.089458629857742 ], [ 78.872425657281084, 30.089694349672623 ], [ 78.872290563238479, 30.096000738776265 ], [ 78.865038123636864, 30.095883049047611 ], [ 78.864766887416948, 30.108495748006707 ], [ 78.872020246706711, 30.10861349715692 ], [ 78.87215542638414, 30.102307121271362 ], [ 78.886661353453732, 30.102541360203308 ], [ 78.886392791291172, 30.115154223616418 ], [ 78.893646738744096, 30.115270801917472 ], [ 78.893512854078594, 30.121577253135602 ], [ 78.900767304193892, 30.121693460547675 ], [ 78.900633837507144, 30.12799993448434 ], [ 78.89337892699281, 30.127883697752278 ], [ 78.893244957475488, 30.13419013576658 ], [ 78.885989628859264, 30.134073469202825 ], [ 78.885855156219904, 30.14037987118558 ], [ 78.871343705574589, 30.140145277408109 ], [ 78.871208268719386, 30.146451613616286 ], [ 78.86395214687019, 30.146333686112918 ], [ 78.863816206175457, 30.152639985966378 ], [ 78.878329414661465, 30.152875499664315 ], [ 78.878464433471464, 30.146569140434927 ], [ 78.892976891101, 30.146802991984206 ], [ 78.893110945515303, 30.140496567177543 ], [ 78.900366777264864, 30.140612862560459 ], [ 78.900500328534548, 30.134306401822251 ], [ 78.907755741890725, 30.134422267361455 ], [ 78.908154760731321, 30.115502757895332 ], [ 78.915408834974357, 30.11561813555544 ], [ 78.915276331102618, 30.12192467441978 ], [ 78.92253090760471, 30.122039680863153 ], [ 78.922662951189494, 30.115733112985268 ], [ 78.92991710923107, 30.11584769017653 ], [ 78.930048650836966, 30.10954108680361 ], [ 78.915541296873997, 30.109311590101523 ], [ 78.915673716812705, 30.10300503805896 ], [ 78.92292691289083, 30.103119957472472 ], [ 78.92332254193893, 30.08420017482505 ], [ 78.916070724974645, 30.084085342409022 ], [ 78.915938430851895, 30.090391914211754 ], [ 78.908686196256014, 30.090276652973465 ], [ 78.908818949926754, 30.08397011026717 ], [ 78.894315526161833, 30.083738446839121 ], [ 78.894181853428719, 30.090044931049967 ], [ 78.886929745488246, 30.089928470381416 ], [ 78.887332014747543, 30.071009086148983 ], [ 78.894582744581243, 30.071125458631407 ], [ 78.894716290289992, 30.064818954636451 ], [ 78.901966603364514, 30.064934898332403 ] ], [ [ 78.90842056268437, 30.102889718616971 ], [ 78.9011674506514, 30.102773999154824 ], [ 78.901034110754779, 30.109080492881951 ], [ 78.89378058100057, 30.10896434409889 ], [ 78.894048138331627, 30.096351408664169 ], [ 78.901300748307108, 30.096467498832755 ], [ 78.901434003733129, 30.090160991916754 ], [ 78.908686196256014, 30.090276652973465 ], [ 78.90842056268437, 30.102889718616971 ] ] ], [ [ [ 78.806741572607535, 30.107539352977899 ], [ 78.821247639354041, 30.107780851919525 ], [ 78.821386038208232, 30.101474686140747 ], [ 78.806880891122233, 30.101233248137476 ], [ 78.806741572607535, 30.107539352977899 ] ] ], [ [ [ 78.930048650836966, 30.10954108680361 ], [ 78.937302390395843, 30.109655234939961 ], [ 78.937433430314144, 30.103348596181061 ], [ 78.930180150773168, 30.103234476849259 ], [ 78.930048650836966, 30.10954108680361 ] ] ], [ [ [ 78.857377428481911, 30.114683908527375 ], [ 78.864631204842624, 30.114802087565476 ], [ 78.864766887416948, 30.108495748006707 ], [ 78.857513571107219, 30.108377598785808 ], [ 78.857377428481911, 30.114683908527375 ] ] ], [ [ [ 78.929785525944368, 30.122154286967039 ], [ 78.944294887553596, 30.122382298123391 ], [ 78.944425550210937, 30.116075643810433 ], [ 78.92991710923107, 30.11584769017653 ], [ 78.929785525944368, 30.122154286967039 ] ] ], [ [ [ 78.842595749635208, 30.127058829699671 ], [ 78.835341182652755, 30.126939389946994 ], [ 78.83506583211269, 30.13955178289741 ], [ 78.842321320147605, 30.139671282915987 ], [ 78.842458556622873, 30.13336505962241 ], [ 78.849713627521623, 30.133484129057443 ], [ 78.849987049310755, 30.120871602527121 ], [ 78.85724124271951, 30.120990211650099 ], [ 78.857377428481911, 30.114683908527375 ], [ 78.842870005317337, 30.114446349970471 ], [ 78.842595749635208, 30.127058829699671 ] ] ], [ [ [ 78.813438709114152, 30.132884777481166 ], [ 78.820693605286991, 30.1330054486594 ], [ 78.820832179624617, 30.12669930943267 ], [ 78.813577743870241, 30.126578668688285 ], [ 78.813438709114152, 30.132884777481166 ] ] ], [ [ [ 78.841909349828569, 30.158589913011916 ], [ 78.849166264044527, 30.158709102604895 ], [ 78.849440032463619, 30.146096629085939 ], [ 78.842184040197836, 30.145977499579409 ], [ 78.841909349828569, 30.158589913011916 ] ] ], [ [ [ 78.943640953039406, 30.153915471025922 ], [ 78.950897999860004, 30.154029019164341 ], [ 78.951028408569783, 30.147722369114376 ], [ 78.936515278493388, 30.147494929324672 ], [ 78.936121161220896, 30.166414687651518 ], [ 78.943379089121834, 30.166528694126843 ], [ 78.943640953039406, 30.153915471025922 ] ] ], [ [ [ 78.950767549840549, 30.160335662636896 ], [ 78.95802509918785, 30.160448838428238 ], [ 78.958155087990292, 30.154142166425562 ], [ 78.950897999860004, 30.154029019164341 ], [ 78.950767549840549, 30.160335662636896 ] ] ], [ [ [ 78.827257319274551, 30.164656467643496 ], [ 78.834514607496885, 30.16477648918374 ], [ 78.834652479121829, 30.158470322566405 ], [ 78.827395652070152, 30.158350331276935 ], [ 78.827257319274551, 30.164656467643496 ] ] ], [ [ [ 78.928731357811145, 30.172606824210327 ], [ 78.935989705564239, 30.172721260588858 ], [ 78.936121161220896, 30.166414687651518 ], [ 78.928863274943609, 30.16630028011333 ], [ 78.928731357811145, 30.172606824210327 ] ] ], [ [ [ 78.86327201268054, 30.177865119161307 ], [ 78.870530440671828, 30.177983195393892 ], [ 78.870666092155631, 30.171676892276682 ], [ 78.863408125684586, 30.171558845797332 ], [ 78.86327201268054, 30.177865119161307 ] ] ], [ [ [ 78.87765367885703, 30.184407196588776 ], [ 78.884912654311464, 30.184524499988303 ], [ 78.885182153797487, 30.171911781960791 ], [ 78.877924101575246, 30.171794537667331 ], [ 78.87765367885703, 30.184407196588776 ] ] ], [ [ [ 78.848481083936193, 30.190240170372206 ], [ 78.855740349002005, 30.190359108880457 ], [ 78.855877010030383, 30.184052878628698 ], [ 78.848618206753841, 30.183933970083196 ], [ 78.848481083936193, 30.190240170372206 ] ] ], [ [ [ 78.870259008812724, 30.190595781764092 ], [ 78.877518403265498, 30.190713516122461 ], [ 78.87765367885703, 30.184407196588776 ], [ 78.870394746228015, 30.184289491890013 ], [ 78.870259008812724, 30.190595781764092 ] ] ], [ [ [ 78.884508084958696, 30.203443527417132 ], [ 78.891768489070387, 30.203560517892445 ], [ 78.891902926080903, 30.197254152567606 ], [ 78.884642984107955, 30.197137191557125 ], [ 78.884508084958696, 30.203443527417132 ] ] ], [ [ [ 78.780741082819603, 30.296351385637099 ], [ 78.788007822834189, 30.296474461542196 ], [ 78.788149399186437, 30.29016861802042 ], [ 78.780883123343187, 30.290045573052833 ], [ 78.780741082819603, 30.296351385637099 ] ] ], [ [ [ 78.751242609149358, 30.314772075295426 ], [ 78.765778559821584, 30.315021235871821 ], [ 78.765921664384607, 30.308715505547131 ], [ 78.751386642850818, 30.308466407577786 ], [ 78.751242609149358, 30.314772075295426 ] ] ], [ [ [ 78.809247132338186, 30.322064947329995 ], [ 78.816515908984599, 30.322186533287169 ], [ 78.816655805424759, 30.315880593696228 ], [ 78.809387493584353, 30.315759038286885 ], [ 78.809247132338186, 30.322064947329995 ] ] ], [ [ [ 78.757935830950586, 30.340119586507992 ], [ 78.765205688763643, 30.340244090204912 ], [ 78.765348974473241, 30.333938386668457 ], [ 78.758079581822813, 30.333813914240064 ], [ 78.757935830950586, 30.340119586507992 ] ] ], [ [ [ 78.765205688763643, 30.340244090204912 ], [ 78.765062357737108, 30.346549787041887 ], [ 78.772332726188822, 30.346673918211902 ], [ 78.772475591893652, 30.340368190203787 ], [ 78.765205688763643, 30.340244090204912 ] ] ], [ [ [ 79.090610229168036, 30.061501953016272 ], [ 79.097861170673767, 30.061607083337719 ], [ 79.097981781287771, 30.055299784428211 ], [ 79.090731298869329, 30.055194680664286 ], [ 79.090610229168036, 30.061501953016272 ] ] ], [ [ [ 79.112243437897405, 30.06812349064629 ], [ 79.119494952943583, 30.068227448643064 ], [ 79.119733457328024, 30.055612699174588 ], [ 79.11248286066251, 30.055508793690876 ], [ 79.112243437897405, 30.06812349064629 ] ] ], [ [ [ 78.959841200499895, 30.072154832514137 ], [ 78.967092347093896, 30.072267209632656 ], [ 78.967221301409538, 30.065960417302367 ], [ 78.959970614004305, 30.0658480685636 ], [ 78.959841200499895, 30.072154832514137 ] ] ], [ [ [ 79.119375644038897, 30.07453481364854 ], [ 79.126627656315279, 30.074638398162342 ], [ 79.126746505801407, 30.068331006996353 ], [ 79.119494952943583, 30.068227448643064 ], [ 79.119375644038897, 30.07453481364854 ] ] ], [ [ [ 79.111884019046144, 30.087045487406545 ], [ 79.119136912754442, 30.087149524197315 ], [ 79.119375644038897, 30.07453481364854 ], [ 79.112123669584207, 30.074430829390355 ], [ 79.111884019046144, 30.087045487406545 ] ] ], [ [ [ 79.111164155411956, 30.124889305613554 ], [ 79.118419810376324, 30.124993500080272 ], [ 79.118539422136038, 30.118686186997159 ], [ 79.11128422774533, 30.118582018817918 ], [ 79.111164155411956, 30.124889305613554 ] ] ], [ [ [ 78.958544807458736, 30.135222110978138 ], [ 78.965800553944149, 30.13533477208788 ], [ 78.965929917512597, 30.129028045380462 ], [ 78.958674631671741, 30.128915412685696 ], [ 78.958544807458736, 30.135222110978138 ] ] ], [ [ [ 79.11794098421484, 30.150222687459213 ], [ 79.125198520874989, 30.15032658615231 ], [ 79.125317823136669, 30.144019272852944 ], [ 79.118060747643781, 30.143915400359344 ], [ 79.11794098421484, 30.150222687459213 ] ] ], [ [ [ 78.965153121106653, 30.16686830709374 ], [ 78.972411214042339, 30.166980709235844 ], [ 78.972540321260738, 30.160673987043719 ], [ 78.965282689709895, 30.160561613233213 ], [ 78.965153121106653, 30.16686830709374 ] ] ], [ [ [ 78.979025507325446, 30.198626363891286 ], [ 79.000807080549365, 30.198960380888792 ], [ 79.000934543775813, 30.192653579163633 ], [ 78.979154356995309, 30.192319646303904 ], [ 78.979025507325446, 30.198626363891286 ] ] ], [ [ [ 79.124362346175758, 30.194477597340939 ], [ 79.1316231529634, 30.194581277850293 ], [ 79.131742257812462, 30.188273983912893 ], [ 79.117221606494198, 30.188066273566253 ], [ 79.116861404727061, 30.206987978833524 ], [ 79.124123098466256, 30.207092113468704 ], [ 79.124362346175758, 30.194477597340939 ] ] ], [ [ [ 78.971635711582408, 30.204820904413115 ], [ 78.978896616853532, 30.204933074908787 ], [ 78.979025507325446, 30.198626363891286 ], [ 78.971765064326604, 30.198514221647265 ], [ 78.971635711582408, 30.204820904413115 ] ] ], [ [ [ 79.02947266041862, 30.218320812075451 ], [ 79.036734813253531, 30.218429823497416 ], [ 79.036860084455071, 30.212122903194249 ], [ 79.029598394270977, 30.212013919221764 ], [ 79.02947266041862, 30.218320812075451 ] ] ], [ [ [ 79.00029682390155, 30.224187522186039 ], [ 79.007559279371307, 30.224298169323145 ], [ 79.007686441361642, 30.217991365983632 ], [ 79.000424448646342, 30.217880746704108 ], [ 79.00029682390155, 30.224187522186039 ] ] ], [ [ [ 79.087204656561127, 30.23810293717921 ], [ 79.094468511691701, 30.238208812451226 ], [ 79.094590196819382, 30.231901695751109 ], [ 79.087326804862414, 30.231795847129181 ], [ 79.087204656561127, 30.23810293717921 ] ] ], [ [ [ 79.101489846316113, 30.250928552318268 ], [ 79.108754705175812, 30.25103367578884 ], [ 79.108875540397491, 30.244726519121535 ], [ 79.101611145024975, 30.244621422105212 ], [ 79.101489846316113, 30.250928552318268 ] ] ], [ [ [ 79.115899192457846, 30.257445573199789 ], [ 79.123164591327736, 30.257549917783464 ], [ 79.123404445719302, 30.244935505748842 ], [ 79.116139974011119, 30.24483121367193 ], [ 79.115899192457846, 30.257445573199789 ] ] ], [ [ [ 79.064918781534388, 30.263010869961214 ], [ 79.072184374249616, 30.263118060084459 ], [ 79.072430796322095, 30.250504032916169 ], [ 79.065166130917703, 30.250396896723949 ], [ 79.064918781534388, 30.263010869961214 ] ] ], [ [ [ 79.094103225124016, 30.257130123423003 ], [ 79.093981385838958, 30.263437214034344 ], [ 79.101247133694429, 30.263542793185451 ], [ 79.101368509209351, 30.257235676011994 ], [ 79.094103225124016, 30.257130123423003 ] ] ], [ [ [ 79.079327200317081, 30.269531878128294 ], [ 79.079204355795497, 30.275838902248328 ], [ 79.086470954313185, 30.275945340440209 ], [ 79.086103580441048, 30.294866453932755 ], [ 79.093371610731367, 30.294972569205342 ], [ 79.093981385838958, 30.263437214034344 ], [ 79.08671567654855, 30.263331232128696 ], [ 79.086837979593469, 30.257024168180774 ], [ 79.094103225124016, 30.257130123423003 ], [ 79.094346788040099, 30.24451592263053 ], [ 79.087082469589433, 30.244410020705107 ], [ 79.086960243936971, 30.250717097705927 ], [ 79.079695500710727, 30.250610766579392 ], [ 79.079450005969889, 30.263224847476188 ], [ 79.072184374249616, 30.263118060084459 ], [ 79.072061104711025, 30.269425063867278 ], [ 79.079327200317081, 30.269531878128294 ] ] ], [ [ [ 79.042746745136824, 30.281607549510817 ], [ 79.050013611928748, 30.281716029615446 ], [ 79.050138351983563, 30.2754091201402 ], [ 79.042871949328884, 30.275300667316753 ], [ 79.042746745136824, 30.281607549510817 ] ] ], [ [ [ 79.115296571385798, 30.28898135801435 ], [ 79.122564290726899, 30.289085833922336 ], [ 79.122924585063188, 30.270164303776546 ], [ 79.115658258444995, 30.270059906672991 ], [ 79.115296571385798, 30.28898135801435 ] ] ], [ [ [ 79.02808695821814, 30.287696201066741 ], [ 79.035354209879443, 30.287805514659233 ], [ 79.035605586286948, 30.275191811590343 ], [ 79.028339263004455, 30.275082552968819 ], [ 79.02808695821814, 30.287696201066741 ] ] ], [ [ [ 79.049888832397357, 30.28802293254326 ], [ 79.057156202960428, 30.288131036819095 ], [ 79.057280518197274, 30.281824106708001 ], [ 79.050013611928748, 30.281716029615446 ], [ 79.049888832397357, 30.28802293254326 ] ] ], [ [ [ 79.042496217872127, 30.294221294245482 ], [ 79.049764013378834, 30.294329828922717 ], [ 79.049888832397357, 30.28802293254326 ], [ 79.042621501321435, 30.287914425154021 ], [ 79.042496217872127, 30.294221294245482 ] ] ], [ [ [ 79.064175793409134, 30.300852632734276 ], [ 79.078712588813673, 30.301066933389254 ], [ 79.078835588914245, 30.294759935406748 ], [ 79.064299722738497, 30.29454568862527 ], [ 79.064175793409134, 30.300852632734276 ] ] ], [ [ [ 79.078589549792355, 30.307373924835105 ], [ 79.085858470726095, 30.30748049693393 ], [ 79.085981044970509, 30.301173478699997 ], [ 79.078712588813673, 30.301066933389254 ], [ 79.078589549792355, 30.307373924835105 ] ] ], [ [ [ 79.093127430444085, 30.30758666557665 ], [ 79.10766546564497, 30.307797792463131 ], [ 79.107786645496574, 30.301490694473078 ], [ 79.093249539901208, 30.301279620655983 ], [ 79.093127430444085, 30.30758666557665 ] ] ], [ [ [ 79.12232390442459, 30.301700154779642 ], [ 79.11505525586746, 30.301595626318971 ], [ 79.114934540834014, 30.307902750691667 ], [ 79.10766546564497, 30.307797792463131 ], [ 79.107544247449951, 30.314104883928902 ], [ 79.122083365964926, 30.31431444956991 ], [ 79.12232390442459, 30.301700154779642 ] ] ], [ [ [ 79.078343354945844, 30.319987888113079 ], [ 79.085613205874239, 30.320094513798139 ], [ 79.085735857697472, 30.31378750863362 ], [ 79.078466471839889, 30.313680909743351 ], [ 79.078343354945844, 30.319987888113079 ] ] ], [ [ [ 79.107422990901256, 30.320411968869497 ], [ 79.107301695988625, 30.326719047284023 ], [ 79.121842675266478, 30.326928718285828 ], [ 79.121963039650637, 30.320621587187617 ], [ 79.107422990901256, 30.320411968869497 ] ] ], [ [ [ 79.033084651456576, 30.401327661457252 ], [ 79.040360324957476, 30.401437065484835 ], [ 79.040486283808605, 30.395130307914705 ], [ 79.033211077229197, 30.395020931334845 ], [ 79.033084651456576, 30.401327661457252 ] ] ], [ [ [ 79.301010278127038, 30.058080498786012 ], [ 79.330016609525828, 30.0584521716222 ], [ 79.330122490625982, 30.0521440697492 ], [ 79.301117996162802, 30.051772490820952 ], [ 79.301010278127038, 30.058080498786012 ] ] ], [ [ [ 79.373423952779973, 30.06530592469656 ], [ 79.380676277764238, 30.065395468415844 ], [ 79.380778976440027, 30.059087212465592 ], [ 79.373527110910231, 30.058997691368123 ], [ 79.373423952779973, 30.06530592469656 ] ] ], [ [ [ 79.307939829566692, 30.077098072792307 ], [ 79.322445752561592, 30.077284050113899 ], [ 79.322552194092239, 30.070975990764239 ], [ 79.308047190438486, 30.070790060414069 ], [ 79.307939829566692, 30.077098072792307 ] ] ], [ [ [ 79.191438223912726, 30.100783092786038 ], [ 79.198692445925332, 30.100882780087488 ], [ 79.19857800996833, 30.107190395038785 ], [ 79.220342273771791, 30.107487130437832 ], [ 79.22045532893604, 30.101179440591658 ], [ 79.205946704197231, 30.100982067160338 ], [ 79.206060643786003, 30.094674420690481 ], [ 79.198806845623039, 30.094575158680485 ], [ 79.198921209071088, 30.088267530818644 ], [ 79.191667907111423, 30.08816789384171 ], [ 79.191438223912726, 30.100783092786038 ] ] ], [ [ [ 79.148383918619402, 30.074946753163047 ], [ 79.148266410209189, 30.081254215730919 ], [ 79.162771690736761, 30.081457838292835 ], [ 79.162655064585778, 30.087765345811174 ], [ 79.169908220128988, 30.08786658282278 ], [ 79.169792016924575, 30.094174109436036 ], [ 79.177045669214849, 30.094274971913414 ], [ 79.177277119097724, 30.081659861296423 ], [ 79.184529888351776, 30.081760272945655 ], [ 79.184645098644509, 30.075452682586754 ], [ 79.199149827256676, 30.075652255734123 ], [ 79.199264082013485, 30.069344608513244 ], [ 79.170256608846032, 30.068943964187849 ], [ 79.17014051607994, 30.075251510197781 ], [ 79.155636080727348, 30.075048738625078 ], [ 79.15575309243961, 30.068741243826153 ], [ 79.148501389789999, 30.068639284120991 ], [ 79.148836986973919, 30.050608750346544 ], [ 79.141584728652361, 30.050608486692077 ], [ 79.141367617613923, 30.062229475081981 ], [ 79.134116448862272, 30.062126741993456 ], [ 79.133879706267834, 30.074741582924293 ], [ 79.126627656315279, 30.074638398162342 ], [ 79.12615188150896, 30.099867897978694 ], [ 79.133405770631313, 30.09997118701137 ], [ 79.133287192820745, 30.106278571824753 ], [ 79.140541579680175, 30.106381486669211 ], [ 79.140423424601295, 30.112688890975402 ], [ 79.133168577429629, 30.112585950152933 ], [ 79.132812505673087, 30.131508046217192 ], [ 79.14732500111387, 30.131713683093494 ], [ 79.147207157101562, 30.138021087352548 ], [ 79.132693739859846, 30.137815398595439 ], [ 79.132574936416049, 30.144122744483933 ], [ 79.147089275750531, 30.144328485128284 ], [ 79.146971357050859, 30.150635876419773 ], [ 79.154229044021321, 30.150738171213597 ], [ 79.154346501513757, 30.144430754126841 ], [ 79.168861064502309, 30.144634089439911 ], [ 79.16862795748527, 30.157249019712467 ], [ 79.175886217038411, 30.157350136999611 ], [ 79.175653885503564, 30.169965092366208 ], [ 79.182913105064586, 30.170065859334798 ], [ 79.183260162569226, 30.151143340382578 ], [ 79.17600232762436, 30.151042649605895 ], [ 79.176234438482297, 30.138427655402161 ], [ 79.161720723698181, 30.138225172974384 ], [ 79.161837645869809, 30.131917717238675 ], [ 79.15458130490039, 30.131815900511157 ], [ 79.154815959555364, 30.119201020978632 ], [ 79.147560577162039, 30.119098855129057 ], [ 79.147913661442018, 30.100176564580281 ], [ 79.140659697324239, 30.100074075881036 ], [ 79.140777777543406, 30.09376665861182 ], [ 79.133524310871337, 30.093663795713724 ], [ 79.133642813550779, 30.087356397932716 ], [ 79.140895820347637, 30.087459234862457 ], [ 79.141131793751057, 30.074844367927003 ], [ 79.148383918619402, 30.074946753163047 ] ], [ [ 79.147442807797376, 30.125406272352027 ], [ 79.140187002099239, 30.125303680138234 ], [ 79.140305232077637, 30.118996288798719 ], [ 79.147560577162039, 30.119098855129057 ], [ 79.147442807797376, 30.125406272352027 ] ] ], [ [ [ 79.248359280061706, 30.164646977630291 ], [ 79.248470811610559, 30.158339247286719 ], [ 79.241212190786527, 30.158242141485598 ], [ 79.240988168959376, 30.170857546751908 ], [ 79.255507292742649, 30.171051454919692 ], [ 79.255618397843918, 30.164743706630063 ], [ 79.248359280061706, 30.164646977630291 ] ] ], [ [ [ 79.255507292742649, 30.171051454919692 ], [ 79.255396152445101, 30.177359196768261 ], [ 79.262656229140489, 30.177455573051606 ], [ 79.262766907501828, 30.171147806911915 ], [ 79.255507292742649, 30.171051454919692 ] ] ], [ [ [ 79.204576609523897, 30.176673321235761 ], [ 79.204462199708487, 30.182980883751075 ], [ 79.211722488909771, 30.183080095374603 ], [ 79.211836436709234, 30.176772507857081 ], [ 79.204576609523897, 30.176673321235761 ] ] ], [ [ [ 79.321165819468447, 30.152980262776293 ], [ 79.306648841639316, 30.152793721342857 ], [ 79.306864347326893, 30.140177844051379 ], [ 79.292349351398357, 30.139989792938575 ], [ 79.292240693109932, 30.146297687352625 ], [ 79.284982785459178, 30.146203036532849 ], [ 79.284873631353292, 30.152510900649762 ], [ 79.277615296897665, 30.152415824834403 ], [ 79.277505646682215, 30.158723658546265 ], [ 79.284764442663487, 30.158818758340324 ], [ 79.284436668998481, 30.177742292844854 ], [ 79.291696885054336, 30.177837063067411 ], [ 79.291370186599892, 30.196760611379922 ], [ 79.313155201587406, 30.197042726037004 ], [ 79.313262748270589, 30.190734811948875 ], [ 79.298740295508736, 30.190547184640611 ], [ 79.298848732715456, 30.184239311411556 ], [ 79.306109479712063, 30.184333302249762 ], [ 79.306433199369067, 30.165409572964315 ], [ 79.31369259455451, 30.165503091406418 ], [ 79.313799971058614, 30.159195145227738 ], [ 79.321058938544283, 30.159288238843509 ], [ 79.320952023757613, 30.165596208498187 ], [ 79.328211486832231, 30.165688924232924 ], [ 79.327891925263714, 30.184612864854905 ], [ 79.335152808147228, 30.184705249064436 ], [ 79.335258900236269, 30.178397251986691 ], [ 79.342519354542731, 30.178489211341127 ], [ 79.342413724636756, 30.184797231600083 ], [ 79.34967467458597, 30.18488881245522 ], [ 79.349569473558574, 30.191196849389687 ], [ 79.342308061271083, 30.191105245451652 ], [ 79.342202364436801, 30.197413252894979 ], [ 79.349464239208928, 30.197504879918792 ], [ 79.349358971528133, 30.203812904041616 ], [ 79.371146183192053, 30.204085442408189 ], [ 79.371042270556728, 30.21039352879102 ], [ 79.356516504036804, 30.210212192869314 ], [ 79.356411632599844, 30.216520227170147 ], [ 79.378201720668628, 30.216791696260401 ], [ 79.378098205311261, 30.223099792535645 ], [ 79.38536209685428, 30.223189500393193 ], [ 79.385259011977496, 30.22949761286381 ], [ 79.34893756731563, 30.229044936452848 ], [ 79.348832132845672, 30.235352928531235 ], [ 79.356096818985577, 30.235444291633012 ], [ 79.355991814650139, 30.241752300304494 ], [ 79.363256997555894, 30.241843283805924 ], [ 79.363361538363392, 30.235535252231127 ], [ 79.37062629083249, 30.235625810319011 ], [ 79.370522213561756, 30.24193386469581 ], [ 79.377787462521084, 30.242024042967635 ], [ 79.377891076246243, 30.235715965890137 ], [ 79.385155894458023, 30.235805718938003 ], [ 79.385052744287179, 30.242113818614889 ], [ 79.399583405652976, 30.242292162009804 ], [ 79.399276542309735, 30.261216557366062 ], [ 79.406543313237435, 30.261305192003878 ], [ 79.406441424849902, 30.267613333306681 ], [ 79.399174189754859, 30.267524676362306 ], [ 79.399071804798638, 30.273832788962505 ], [ 79.391804137799383, 30.273743706558076 ], [ 79.391701255980763, 30.280051790347837 ], [ 79.384433157094648, 30.27996228228421 ], [ 79.384226366423775, 30.292578385622825 ], [ 79.391495394638113, 30.292667938724751 ], [ 79.391598341596577, 30.286359867737016 ], [ 79.42067291977672, 30.286713956527709 ], [ 79.420571831855341, 30.293022116583487 ], [ 79.427841021514581, 30.293109652378988 ], [ 79.42774036652601, 30.299417828059813 ], [ 79.442279771122344, 30.299591732931539 ], [ 79.442180014452489, 30.305899945956618 ], [ 79.45672047550714, 30.306072279778714 ], [ 79.456819301968025, 30.299764023425912 ], [ 79.464089114366715, 30.299849563266037 ], [ 79.46399075302287, 30.306157841130496 ], [ 79.471261061668045, 30.306242998767875 ], [ 79.471065176275786, 30.318859578194743 ], [ 79.478336446612019, 30.318944374737018 ], [ 79.478628832380394, 30.300019432101283 ], [ 79.471358957886522, 30.299934699493214 ], [ 79.471456823130964, 30.293626393845507 ], [ 79.464187444589442, 30.293541279025856 ], [ 79.46438401170478, 30.280924691421852 ], [ 79.449847207088226, 30.280753337476856 ], [ 79.450045507624267, 30.26813681058141 ], [ 79.457312965416634, 30.268222646003206 ], [ 79.457214295213177, 30.274530934239383 ], [ 79.471750233102767, 30.274701438672871 ], [ 79.471847974533787, 30.268393107541655 ], [ 79.486383107381641, 30.268561956632329 ], [ 79.486189451483511, 30.281178697509326 ], [ 79.493457992916277, 30.281262559559345 ], [ 79.493361583697336, 30.287570941548442 ], [ 79.515168784633204, 30.287820170361378 ], [ 79.515263799676475, 30.281511725687263 ], [ 79.500726564857331, 30.281346018276349 ], [ 79.500822478997819, 30.275037608930933 ], [ 79.4935543716269, 30.274954171207746 ], [ 79.493747037555835, 30.262337375420472 ], [ 79.486479889368283, 30.26225357664827 ], [ 79.486576640724195, 30.255945190301617 ], [ 79.493843324790461, 30.256028967986495 ], [ 79.493939581549341, 30.249720554193438 ], [ 79.501205832108681, 30.249803907967582 ], [ 79.501301594564154, 30.243495466835569 ], [ 79.508567411600367, 30.243578396898329 ], [ 79.508662680045944, 30.237269928534829 ], [ 79.51592806354283, 30.237352435085526 ], [ 79.516022838271965, 30.231043939597935 ], [ 79.501493028545099, 30.230878565508164 ], [ 79.501397326706936, 30.23718701934882 ], [ 79.494132003672547, 30.237103707533482 ], [ 79.49403580784066, 30.243412134042142 ], [ 79.486770051576613, 30.243328398524042 ], [ 79.486673361457576, 30.249636797593276 ], [ 79.479407171980156, 30.24955263817311 ], [ 79.479309987280459, 30.255861009695394 ], [ 79.45024368266705, 30.255520258178795 ], [ 79.450441732283622, 30.242903680275887 ], [ 79.46497296700845, 30.24307477568227 ], [ 79.465071017515044, 30.236766434099419 ], [ 79.457805848204146, 30.236681109228126 ], [ 79.457904331174035, 30.230372782760274 ], [ 79.450639656540957, 30.23028707687957 ], [ 79.45073857168083, 30.223978765623539 ], [ 79.465267025422278, 30.224149731833219 ], [ 79.465169036983553, 30.230458086149447 ], [ 79.472433773822871, 30.230542987040945 ], [ 79.472336217864026, 30.236851356371719 ], [ 79.486866711089462, 30.237019993094826 ], [ 79.486963340004309, 30.230711581306451 ], [ 79.494228169053102, 30.230795274668303 ], [ 79.494420408492815, 30.218178389871795 ], [ 79.487156506072608, 30.218094738655669 ], [ 79.487446025894045, 30.199169427007302 ], [ 79.472921090534641, 30.199001044950439 ], [ 79.473018461318134, 30.192692637451007 ], [ 79.487542471392189, 30.192860977082024 ], [ 79.487735270773825, 30.180244058172871 ], [ 79.465952076353958, 30.179991073436693 ], [ 79.466049816852035, 30.173682668221382 ], [ 79.458789275960612, 30.173597558050844 ], [ 79.458691073279539, 30.179905941808116 ], [ 79.451430101315125, 30.179820408498149 ], [ 79.451627399778673, 30.167203677738254 ], [ 79.444367383257031, 30.167117786071277 ], [ 79.444268287629185, 30.173426132975386 ], [ 79.437007840481755, 30.173339818082813 ], [ 79.437206924228732, 30.160723161424119 ], [ 79.422687972405797, 30.160549414597913 ], [ 79.422788390402772, 30.154241120527409 ], [ 79.415529423836432, 30.154153667148108 ], [ 79.415731087365288, 30.141537103997489 ], [ 79.422989130982089, 30.141624513270934 ], [ 79.422888776592046, 30.147932820084801 ], [ 79.444664481858467, 30.148192707168253 ], [ 79.444763451992742, 30.141884334806562 ], [ 79.437505313441903, 30.141798128681724 ], [ 79.43760471350457, 30.135489771703252 ], [ 79.423089453581369, 30.135316200086709 ], [ 79.423189744398357, 30.129007880532964 ], [ 79.415932623146801, 30.128920515354405 ], [ 79.416033343153529, 30.122612211475353 ], [ 79.430546695494826, 30.122786497005869 ], [ 79.430746196787069, 30.1101697821824 ], [ 79.423490426239979, 30.110082883663402 ], [ 79.423390230719207, 30.116391222320441 ], [ 79.416134031248902, 30.116303901225812 ], [ 79.416234687441388, 30.10999558460664 ], [ 79.408978980537199, 30.109907885018369 ], [ 79.409181118136402, 30.097291276944233 ], [ 79.40192636414433, 30.097203221302511 ], [ 79.401621728162809, 30.116128057145172 ], [ 79.394365624838855, 30.116039534171808 ], [ 79.39426355434162, 30.122347777693058 ], [ 79.387007022574821, 30.122258831661235 ], [ 79.387212052649701, 30.109642383127866 ], [ 79.379956474781793, 30.109553081477031 ], [ 79.379750523303159, 30.122169484921194 ], [ 79.372494056672593, 30.122079737479371 ], [ 79.372804316811411, 30.103155190671529 ], [ 79.36554926480251, 30.103065110770352 ], [ 79.365653079635265, 30.09675693847047 ], [ 79.35839852084419, 30.096666481024343 ], [ 79.358502762944326, 30.090358325175835 ], [ 79.351248697353554, 30.090267490390477 ], [ 79.351039259650648, 30.10288374981754 ], [ 79.343784306799293, 30.102792468778947 ], [ 79.343889502539014, 30.096484365304274 ], [ 79.33663504331642, 30.096392707043442 ], [ 79.33652938729206, 30.102700787374324 ], [ 79.329274501274753, 30.102608705610265 ], [ 79.329380617574856, 30.096300648524196 ], [ 79.322126225460082, 30.096208189753163 ], [ 79.322339277285337, 30.083592103062532 ], [ 79.307832434658025, 30.083406078763694 ], [ 79.307939829566692, 30.077098072792307 ], [ 79.293434042719326, 30.076910495755655 ], [ 79.293542322896116, 30.070602530752698 ], [ 79.308047190438486, 30.070790060414069 ], [ 79.308154517282446, 30.064482041629887 ], [ 79.300902525935996, 30.064388500343963 ], [ 79.301010278127038, 30.058080498786012 ], [ 79.2937587803018, 30.057986581512207 ], [ 79.293866957548886, 30.051678597276442 ], [ 79.21223955823956, 30.050594011498994 ], [ 79.163341570504627, 30.050608076990326 ], [ 79.163237825855234, 30.056227743541314 ], [ 79.177739578935061, 30.056429562520879 ], [ 79.177624018942439, 30.062737146905175 ], [ 79.206629800361782, 30.063136091583566 ], [ 79.206743523470422, 30.05682840641699 ], [ 79.228496860869257, 30.057123344308298 ], [ 79.228384515524212, 30.063431104002049 ], [ 79.235636158678204, 30.063528642181744 ], [ 79.235524237132594, 30.069836420081181 ], [ 79.242776375189081, 30.069933583145282 ], [ 79.242999264094905, 30.057317971829193 ], [ 79.264753133463685, 30.057606916360577 ], [ 79.264533000804079, 30.07022267371261 ], [ 79.257280757170363, 30.070126709967948 ], [ 79.257170178891258, 30.076434554765942 ], [ 79.213654700752002, 30.07585022958245 ], [ 79.213768036446311, 30.06954253236167 ], [ 79.206516041197077, 30.06944377030295 ], [ 79.206288414661159, 30.082059108396528 ], [ 79.228047265733778, 30.082354344451986 ], [ 79.227934777853633, 30.088662078388506 ], [ 79.242441776772182, 30.08885695187146 ], [ 79.242330173246813, 30.095164728577128 ], [ 79.235076196020813, 30.095067467311814 ], [ 79.234964096963395, 30.1013752130232 ], [ 79.227709695111514, 30.101277526935945 ], [ 79.227597100230611, 30.107585241545067 ], [ 79.220342273771791, 30.107487130437832 ], [ 79.220229182775867, 30.113794813836641 ], [ 79.227484469663807, 30.113892949709911 ], [ 79.227371803401624, 30.120200651429599 ], [ 79.23462758656936, 30.120298411511932 ], [ 79.234290756144134, 30.139221552013584 ], [ 79.227033590347901, 30.139123717908628 ], [ 79.226807936327717, 30.151739063318967 ], [ 79.219549883801761, 30.151640778784884 ], [ 79.219323163724738, 30.16425604881471 ], [ 79.204805320477121, 30.164058176815665 ], [ 79.205148115357687, 30.145135411725363 ], [ 79.197890632240913, 30.145035949125479 ], [ 79.198234484445095, 30.126113201149209 ], [ 79.19097842057775, 30.126013413161235 ], [ 79.191093426052888, 30.11970584275889 ], [ 79.183837859301988, 30.119605679422786 ], [ 79.184068681867757, 30.106990569779562 ], [ 79.169559500008944, 30.106789143259501 ], [ 79.169675776887814, 30.10048162958191 ], [ 79.16242170136951, 30.10038034143804 ], [ 79.162538401466648, 30.094072846859888 ], [ 79.155284822986701, 30.093971184192259 ], [ 79.155050465557807, 30.106586115536565 ], [ 79.162304964284544, 30.106687829544747 ], [ 79.162188190201945, 30.112995311179059 ], [ 79.169443186278158, 30.113096650467877 ], [ 79.169210448221605, 30.125711645473398 ], [ 79.183722393154142, 30.125913224547791 ], [ 79.183606890416669, 30.132220763207187 ], [ 79.190863378658833, 30.132320977101113 ], [ 79.190518034142684, 30.151243630136797 ], [ 79.197775942198675, 30.151343518861314 ], [ 79.197316818567629, 30.176573733165942 ], [ 79.204576609523897, 30.176673321235761 ], [ 79.204690983110225, 30.170365752256995 ], [ 79.226469187130661, 30.170662033052981 ], [ 79.226695055693796, 30.158046726348747 ], [ 79.233953605432248, 30.15814463450393 ], [ 79.234178408173534, 30.145529252623941 ], [ 79.248693768746733, 30.14572376727353 ], [ 79.24880519435284, 30.139416017605747 ], [ 79.263319773743376, 30.139608879660905 ], [ 79.263430241943922, 30.133301074906448 ], [ 79.270687123148377, 30.133396880418363 ], [ 79.270907032876011, 30.120781203277488 ], [ 79.278163027209899, 30.120876559852729 ], [ 79.278272469183975, 30.114568687578139 ], [ 79.285528037551899, 30.114663619583844 ], [ 79.285636984347434, 30.10835571692742 ], [ 79.29289212673099, 30.108450224561786 ], [ 79.293000578639663, 30.102142291631345 ], [ 79.322019648893146, 30.102516223493382 ], [ 79.321913038544707, 30.108824250829059 ], [ 79.329168351338907, 30.108916756294661 ], [ 79.329062167758408, 30.115224800576495 ], [ 79.307294949244778, 30.114946012486794 ], [ 79.307187349924774, 30.121253979998425 ], [ 79.292675119783254, 30.121066071170262 ], [ 79.29256656472586, 30.127373984846503 ], [ 79.307079716504518, 30.127561941096992 ], [ 79.306972048974927, 30.133869895781618 ], [ 79.321486259156174, 30.134056296108277 ], [ 79.321165819468447, 30.152980262776293 ] ], [ [ 79.464580454435435, 30.268308078325347 ], [ 79.464678629177271, 30.261999762219553 ], [ 79.471945685032139, 30.262084770041717 ], [ 79.471847974533787, 30.268393107541655 ], [ 79.464580454435435, 30.268308078325347 ] ], [ [ 79.479698541545346, 30.230627485428641 ], [ 79.479795603249784, 30.224319088457467 ], [ 79.487059938329296, 30.224403163159778 ], [ 79.486963340004309, 30.230711581306451 ], [ 79.479698541545346, 30.230627485428641 ] ], [ [ 79.472531298898588, 30.224234611346581 ], [ 79.472628793099375, 30.217926229289496 ], [ 79.458101203592818, 30.217756110718625 ], [ 79.458199593058339, 30.211447765146549 ], [ 79.479989634481996, 30.211702275435758 ], [ 79.479795603249784, 30.224319088457467 ], [ 79.472531298898588, 30.224234611346581 ] ], [ [ 79.451133919176556, 30.198745456900365 ], [ 79.458396278543177, 30.198831054904197 ], [ 79.458297951372359, 30.205139413208123 ], [ 79.451035129245483, 30.205053793634285 ], [ 79.450936308024723, 30.211362124000043 ], [ 79.443673054289164, 30.211276080672071 ], [ 79.443375013230977, 30.230200968513536 ], [ 79.436110401390692, 30.230114457668353 ], [ 79.436010527966772, 30.236422719081901 ], [ 79.443275603283325, 30.236509251713169 ], [ 79.44287764862753, 30.261742320751129 ], [ 79.428343818908445, 30.261568678165901 ], [ 79.428243323074497, 30.267876885780176 ], [ 79.413708692199421, 30.267701587195361 ], [ 79.413911508523512, 30.255085253789741 ], [ 79.435710717912457, 30.255347465051607 ], [ 79.435810686236081, 30.2490392227744 ], [ 79.414012868545555, 30.248777077503387 ], [ 79.414114196485684, 30.242468894829138 ], [ 79.421379640085391, 30.242556657257012 ], [ 79.421480472354673, 30.236248446102977 ], [ 79.428745484274998, 30.236335783876417 ], [ 79.429146641298132, 30.211102787496596 ], [ 79.421883482335716, 30.211015537661584 ], [ 79.421984155099523, 30.204707294599238 ], [ 79.429246851188822, 30.204794522456503 ], [ 79.429347029350424, 30.198486251040109 ], [ 79.414822594492165, 30.198311437321664 ], [ 79.414923666085045, 30.192003203575599 ], [ 79.40766195916612, 30.191915215966489 ], [ 79.407763461170831, 30.185606998012357 ], [ 79.400502248811492, 30.185518630836391 ], [ 79.400604180935332, 30.179210428770709 ], [ 79.407864931032762, 30.179298773676241 ], [ 79.407966368760484, 30.172990542959031 ], [ 79.364405127873198, 30.172454584308806 ], [ 79.364509305161548, 30.16614648231841 ], [ 79.393548154600822, 30.166505303686755 ], [ 79.393752716445093, 30.153888899599988 ], [ 79.386493878571017, 30.153799841301716 ], [ 79.386801862519306, 30.134875254668295 ], [ 79.394059316290907, 30.134964245598322 ], [ 79.394161451495179, 30.128656014835524 ], [ 79.401418476549225, 30.128744582499351 ], [ 79.401520118457654, 30.122436323010266 ], [ 79.40877671477692, 30.122524467606489 ], [ 79.408169147847516, 30.160374062384822 ], [ 79.41542854414547, 30.160461939161589 ], [ 79.415327632492165, 30.166770204799313 ], [ 79.422587522592664, 30.166857702295424 ], [ 79.422487040954891, 30.173165983619086 ], [ 79.429747424874904, 30.173253101628639 ], [ 79.429647373545166, 30.179561398541651 ], [ 79.451430101315125, 30.179820408498149 ], [ 79.451133919176556, 30.198745456900365 ] ], [ [ 79.414215492352469, 30.236160705767897 ], [ 79.414316756154477, 30.229852510320491 ], [ 79.421581272705822, 30.229940228565543 ], [ 79.421480472354673, 30.236248446102977 ], [ 79.414215492352469, 30.236160705767897 ] ], [ [ 79.358294245700321, 30.102974630483519 ], [ 79.358085596246269, 30.115590910230363 ], [ 79.350829689154466, 30.115499983672365 ], [ 79.351039259650648, 30.10288374981754 ], [ 79.358294245700321, 30.102974630483519 ] ], [ [ 79.307725005703418, 30.089714078327336 ], [ 79.30047117543748, 30.089620442486918 ], [ 79.300579064340411, 30.083312466566294 ], [ 79.307832434658025, 30.083406078763694 ], [ 79.307725005703418, 30.089714078327336 ] ], [ [ 79.314978870024319, 30.089807314037014 ], [ 79.31487186711783, 30.096115330736986 ], [ 79.307617542693848, 30.096022071482363 ], [ 79.307725005703418, 30.089714078327336 ], [ 79.314978870024319, 30.089807314037014 ] ], [ [ 79.242553344931409, 30.082549168730342 ], [ 79.249806437638142, 30.082645980920869 ], [ 79.249695329353472, 30.088953788512836 ], [ 79.242441776772182, 30.08885695187146 ], [ 79.242553344931409, 30.082549168730342 ] ], [ [ 79.242218534345938, 30.10147249884642 ], [ 79.242106860060119, 30.107780262678467 ], [ 79.234851962375302, 30.107682952294297 ], [ 79.234964096963395, 30.1013752130232 ], [ 79.242218534345938, 30.10147249884642 ] ], [ [ 79.263651073371818, 30.120685446100403 ], [ 79.263982058220122, 30.101761954661967 ], [ 79.271236636267886, 30.101857639359299 ], [ 79.271346434449001, 30.095549771868313 ], [ 79.278600587095511, 30.095645032213973 ], [ 79.278381876483465, 30.108260808879571 ], [ 79.271126803284858, 30.108165500425095 ], [ 79.270907032876011, 30.120781203277488 ], [ 79.263651073371818, 30.120685446100403 ] ], [ [ 79.26354067515031, 30.126993263719317 ], [ 79.256284289853809, 30.126897081680319 ], [ 79.256395148843183, 30.120589288328368 ], [ 79.263651073371818, 30.120685446100403 ], [ 79.26354067515031, 30.126993263719317 ] ], [ [ 79.25617339573364, 30.133204868597467 ], [ 79.24891658466349, 30.133108261498343 ], [ 79.249027939688077, 30.126800498952239 ], [ 79.256284289853809, 30.126897081680319 ], [ 79.25617339573364, 30.133204868597467 ] ], [ [ 79.285745896623411, 30.102047807850827 ], [ 79.286072426425619, 30.083124042109219 ], [ 79.293325728214398, 30.083218454345875 ], [ 79.293000578639663, 30.102142291631345 ], [ 79.285745896623411, 30.102047807850827 ] ], [ [ 79.336317974764654, 30.11531692883884 ], [ 79.336212218243801, 30.121624989970702 ], [ 79.35072485408682, 30.121808091007985 ], [ 79.350515084268267, 30.134424286491232 ], [ 79.336000604643246, 30.134241093029225 ], [ 79.336106428206307, 30.127933044701123 ], [ 79.328849699627654, 30.127840869928953 ], [ 79.329062167758408, 30.115224800576495 ], [ 79.336317974764654, 30.11531692883884 ] ], [ [ 79.435110243021754, 30.293196784694132 ], [ 79.435210401373098, 30.286888580712876 ], [ 79.427941644655192, 30.286801470309754 ], [ 79.428042235956369, 30.280493281852966 ], [ 79.435310528032005, 30.280580370346811 ], [ 79.435410623006916, 30.274272153596776 ], [ 79.442678482262707, 30.274358817001687 ], [ 79.442379496229847, 30.293283513522631 ], [ 79.435110243021754, 30.293196784694132 ] ], [ [ 79.41462035525737, 30.210927885670092 ], [ 79.414519187598387, 30.217236100270728 ], [ 79.421782777687824, 30.217323774343985 ], [ 79.421682041147378, 30.223632004645594 ], [ 79.407153966700832, 30.223456209977325 ], [ 79.407357260209594, 30.210839831528453 ], [ 79.41462035525737, 30.210927885670092 ] ], [ [ 79.385568168714713, 30.210573256266176 ], [ 79.385671155715755, 30.20426512461151 ], [ 79.40019625867086, 30.204443198721478 ], [ 79.400094197338902, 30.210751375242989 ], [ 79.385568168714713, 30.210573256266176 ] ], [ [ 79.356726147312202, 30.197596105053069 ], [ 79.356830919168345, 30.191288051539416 ], [ 79.36409239795401, 30.191378851894264 ], [ 79.363988088600237, 30.197686928291258 ], [ 79.356726147312202, 30.197596105053069 ] ], [ [ 79.371353909769255, 30.191469250447689 ], [ 79.371457723728668, 30.18516114487176 ], [ 79.364196674278247, 30.185070769097614 ], [ 79.364300917581701, 30.178762679902171 ], [ 79.378822124911252, 30.178942984292043 ], [ 79.378718806053527, 30.185251118939178 ], [ 79.385979921106511, 30.185340691293391 ], [ 79.38587703190295, 30.191648842124248 ], [ 79.371353909769255, 30.191469250447689 ] ], [ [ 79.291805715577809, 30.171529200774806 ], [ 79.291914511635937, 30.165221332056138 ], [ 79.2991738383475, 30.165315653178645 ], [ 79.299065504125693, 30.17162354567968 ], [ 79.291805715577809, 30.171529200774806 ] ], [ [ 79.372183501450507, 30.141004226802501 ], [ 79.372079917428366, 30.147312377131737 ], [ 79.364821639095425, 30.147222137973756 ], [ 79.364613449455504, 30.159838373931848 ], [ 79.357354280987082, 30.159747687950976 ], [ 79.357249674922144, 30.166055773468429 ], [ 79.349990077823321, 30.165964663228301 ], [ 79.3500951456504, 30.1596566006811 ], [ 79.342836043591646, 30.159565112128824 ], [ 79.342941539747954, 30.153257066249164 ], [ 79.328424359236294, 30.153072931764228 ], [ 79.328530744872765, 30.14676492591633 ], [ 79.335788856904756, 30.146857170474902 ], [ 79.335894747545709, 30.140549134954107 ], [ 79.372183501450507, 30.141004226802501 ] ], [ [ 79.372287052659445, 30.134696070083443 ], [ 79.372390571063889, 30.128387906975437 ], [ 79.379647498606545, 30.128477677067153 ], [ 79.379544441260151, 30.134785862827858 ], [ 79.372287052659445, 30.134696070083443 ] ], [ [ 79.314336343630814, 30.127655318120208 ], [ 79.314443516218901, 30.121347333462072 ], [ 79.321699716467378, 30.121440286283125 ], [ 79.321593004720512, 30.127748294399758 ], [ 79.314336343630814, 30.127655318120208 ] ], [ [ 79.249250543916588, 30.114184954547461 ], [ 79.249139259435992, 30.120492729968298 ], [ 79.241883405296079, 30.120395771027159 ], [ 79.241995150379978, 30.114088020072344 ], [ 79.249250543916588, 30.114184954547461 ] ], [ [ 79.249361793139272, 30.1078771726906 ], [ 79.256616761466958, 30.107973682323706 ], [ 79.256505972711111, 30.114281488542542 ], [ 79.249250543916588, 30.114184954547461 ], [ 79.249361793139272, 30.1078771726906 ] ], [ [ 79.256838233679687, 30.095358050590622 ], [ 79.257059565555977, 30.082742393136325 ], [ 79.264312728539281, 30.082838405369777 ], [ 79.264422882126951, 30.076530542753506 ], [ 79.271675620273214, 30.076626130853111 ], [ 79.271456197837423, 30.08924189795302 ], [ 79.264202540031761, 30.08914626156054 ], [ 79.264092316595139, 30.095454111324909 ], [ 79.256838233679687, 30.095358050590622 ] ] ], [ [ [ 79.146263059973862, 30.188480087948665 ], [ 79.153523517255181, 30.188582537581382 ], [ 79.15364119817194, 30.182275159399961 ], [ 79.146381202974425, 30.182172735581759 ], [ 79.146263059973862, 30.188480087948665 ] ] ], [ [ [ 79.313262748270589, 30.190734811948875 ], [ 79.320524025805611, 30.190828022973843 ], [ 79.320631076132472, 30.184520078978156 ], [ 79.313370260899831, 30.184426891440868 ], [ 79.313262748270589, 30.190734811948875 ] ] ], [ [ [ 79.138883997471879, 30.194684556680777 ], [ 79.146144879554953, 30.194787433824963 ], [ 79.146263059973862, 30.188480087948665 ], [ 79.139002640110874, 30.188377236723365 ], [ 79.138883997471879, 30.194684556680777 ] ] ], [ [ [ 79.226017020556469, 30.19589256901509 ], [ 79.233278342124692, 30.195990625353659 ], [ 79.233390975135862, 30.189682976341246 ], [ 79.226130115904851, 30.18958494470759 ], [ 79.226017020556469, 30.19589256901509 ] ] ], [ [ [ 79.320202671343139, 30.209751816455675 ], [ 79.33472810364151, 30.209937173263988 ], [ 79.334834330208295, 30.203629201832559 ], [ 79.32030982341999, 30.203443891713484 ], [ 79.320202671343139, 30.209751816455675 ] ] ], [ [ [ 79.34188507303304, 30.216337236766627 ], [ 79.349148336137517, 30.216428933065014 ], [ 79.349253670507281, 30.21012092175733 ], [ 79.341990870326711, 30.210029248553347 ], [ 79.34188507303304, 30.216337236766627 ] ] ], [ [ [ 79.33451554957341, 30.222553096884596 ], [ 79.341779242235035, 30.222645218568154 ], [ 79.34188507303304, 30.216337236766627 ], [ 79.334621843432885, 30.216245138281622 ], [ 79.33451554957341, 30.222553096884596 ] ] ], [ [ [ 79.15258072728993, 30.239041329409737 ], [ 79.159844923861058, 30.239143583264827 ], [ 79.159962439968453, 30.232836231269104 ], [ 79.152698706662051, 30.232734003153041 ], [ 79.15258072728993, 30.239041329409737 ] ] ], [ [ [ 79.239528563555879, 30.252857052067512 ], [ 79.246794124118225, 30.252954525498676 ], [ 79.246906151187943, 30.24664688544112 ], [ 79.239641054300108, 30.246549436540018 ], [ 79.239528563555879, 30.252857052067512 ] ] ], [ [ [ 79.355676602127616, 30.26067628785831 ], [ 79.362943176497325, 30.260767340086833 ], [ 79.363152423648273, 30.248151308974069 ], [ 79.355886777067937, 30.248060302566468 ], [ 79.355676602127616, 30.26067628785831 ] ] ], [ [ [ 79.13769550282565, 30.257757398892775 ], [ 79.137814521661781, 30.251450143923943 ], [ 79.130549510676417, 30.251346630767291 ], [ 79.13043002816589, 30.257653859683629 ], [ 79.13769550282565, 30.257757398892775 ] ] ], [ [ [ 79.13769550282565, 30.257757398892775 ], [ 79.137576446314569, 30.264064647357717 ], [ 79.144842422480394, 30.264167809822816 ], [ 79.144961015160362, 30.257860535403431 ], [ 79.13769550282565, 30.257757398892775 ] ] ], [ [ [ 79.369897057606792, 30.279782056445868 ], [ 79.384433157094648, 30.27996228228421 ], [ 79.384536503356983, 30.273654221009387 ], [ 79.377268901618336, 30.273564332322884 ], [ 79.377372679465026, 30.267256287259048 ], [ 79.362838503236276, 30.26707534602971 ], [ 79.362733796839748, 30.273383345562443 ], [ 79.370001332730297, 30.273474040505072 ], [ 79.369897057606792, 30.279782056445868 ] ] ], [ [ [ 79.166406062063174, 30.277089564218745 ], [ 79.173673115684267, 30.277191166518822 ], [ 79.173789926852848, 30.270883802272845 ], [ 79.1665233373962, 30.270782225528414 ], [ 79.166406062063174, 30.277089564218745 ] ] ], [ [ [ 79.128993285061398, 30.333340098863889 ], [ 79.136264335263704, 30.333443950956884 ], [ 79.136383806864572, 30.327136774094448 ], [ 79.129113222099036, 30.327032948093049 ], [ 79.128993285061398, 30.333340098863889 ] ] ], [ [ [ 79.121360836827151, 30.352157177465543 ], [ 79.128633246248981, 30.352261512064537 ], [ 79.128753297146531, 30.345954380850529 ], [ 79.11420944814968, 30.345745359955679 ], [ 79.113967444634625, 30.358359510841968 ], [ 79.121240281940672, 30.358464275952631 ], [ 79.121360836827151, 30.352157177465543 ] ] ], [ [ [ 79.338695534397871, 30.405573897752713 ], [ 79.345972753518907, 30.405666288226939 ], [ 79.346079092511857, 30.399358469566476 ], [ 79.338802340726829, 30.399266102273511 ], [ 79.338695534397871, 30.405573897752713 ] ] ], [ [ [ 79.309478287186622, 30.411507978910599 ], [ 79.316755837771552, 30.411602013855397 ], [ 79.316972288553842, 30.398986569650958 ], [ 79.309695672715634, 30.398892581884649 ], [ 79.309478287186622, 30.411507978910599 ] ] ], [ [ [ 79.243868944229504, 30.416950898441705 ], [ 79.251146647640127, 30.417048605389009 ], [ 79.251259132385087, 30.41074110896027 ], [ 79.243981896484911, 30.410643426521411 ], [ 79.243868944229504, 30.416950898441705 ] ] ], [ [ [ 79.309369542865397, 30.417815667748023 ], [ 79.302091559068998, 30.417721203803183 ], [ 79.301982312630912, 30.424028862490733 ], [ 79.294703895641547, 30.423933969346397 ], [ 79.294594146791084, 30.430241597775598 ], [ 79.30915195106337, 30.430431026067382 ], [ 79.309369542865397, 30.417815667748023 ] ] ], [ [ [ 79.323494036000753, 30.443234258639688 ], [ 79.323601981529734, 30.436926548504207 ], [ 79.316322525415288, 30.436832824884966 ], [ 79.316214111690982, 30.443140511516582 ], [ 79.323494036000753, 30.443234258639688 ] ] ], [ [ [ 79.323494036000753, 30.443234258639688 ], [ 79.323386056347189, 30.449541962326048 ], [ 79.330666483133925, 30.449635327027625 ], [ 79.330773994435106, 30.443327599936154 ], [ 79.323494036000753, 30.443234258639688 ] ] ], [ [ [ 79.330451358565028, 30.462250761868603 ], [ 79.337732756504522, 30.462343767250665 ], [ 79.337839867128977, 30.456036029744872 ], [ 79.330558937846945, 30.455943047672065 ], [ 79.330451358565028, 30.462250761868603 ] ] ], [ [ [ 79.467803860415842, 30.060130287877175 ], [ 79.475056137799584, 30.060214612491961 ], [ 79.474959412804424, 30.06652315333746 ], [ 79.482212180422124, 30.066607099387703 ], [ 79.482404680752083, 30.053989968942698 ], [ 79.475152832132721, 30.053906065306141 ], [ 79.47520952519686, 30.050206353985406 ], [ 79.460703302115107, 30.050241450249786 ], [ 79.460649227001113, 30.053737059023913 ], [ 79.467901014167225, 30.05382176199786 ], [ 79.467803860415842, 30.060130287877175 ] ] ], [ [ [ 79.402332095126397, 30.071970017634431 ], [ 79.395079213263671, 30.071881650990374 ], [ 79.395282805017516, 30.05926505557931 ], [ 79.388030874524304, 30.059176333871463 ], [ 79.387928635311638, 30.065484612342562 ], [ 79.380676277764238, 30.065395468415844 ], [ 79.380573546525341, 30.071703717989614 ], [ 79.373320761941002, 30.071614151645726 ], [ 79.373217538384637, 30.077922372214729 ], [ 79.365964326780713, 30.077832383255334 ], [ 79.365756861570048, 30.090448759784078 ], [ 79.380265157343374, 30.090628428443285 ], [ 79.380367986323549, 30.084320198004217 ], [ 79.387621723133989, 30.084409409510229 ], [ 79.387724059625086, 30.078101150162826 ], [ 79.394977368970274, 30.078189939138667 ], [ 79.394773583507657, 30.090806496316372 ], [ 79.402027845122021, 30.090894929942081 ], [ 79.402332095126397, 30.071970017634431 ] ] ], [ [ [ 79.467025520644015, 30.110598266492641 ], [ 79.474281478618423, 30.110682761654584 ], [ 79.474572206041103, 30.091757253299043 ], [ 79.481826813403487, 30.091841284208197 ], [ 79.481923200973256, 30.08553274751393 ], [ 79.4601608515799, 30.085279517918366 ], [ 79.460356294649031, 30.072662553401727 ], [ 79.453103159785556, 30.072577386234869 ], [ 79.45345021461489, 30.050258397932367 ], [ 79.446197143336192, 30.050274945316808 ], [ 79.445751430322545, 30.07880026141012 ], [ 79.453004993901189, 30.078885850150833 ], [ 79.452808568753497, 30.091502758929281 ], [ 79.438299632685954, 30.091331094708636 ], [ 79.43839878106121, 30.085022686841949 ], [ 79.431144820207265, 30.084936276182766 ], [ 79.431642389241858, 30.053394250593779 ], [ 79.417139158942945, 30.053220448544497 ], [ 79.417038789495066, 30.05952882245111 ], [ 79.424290848168354, 30.059615945303367 ], [ 79.423690722044455, 30.09746618725212 ], [ 79.430945571668815, 30.097553041905702 ], [ 79.430746196787069, 30.1101697821824 ], [ 79.438001998936784, 30.11025628015733 ], [ 79.437803419167608, 30.122873038654937 ], [ 79.445060174313866, 30.122959179551589 ], [ 79.444961298212107, 30.129267570997367 ], [ 79.452218545683039, 30.129353332774294 ], [ 79.452513697460518, 30.110428074450244 ], [ 79.445257832543234, 30.110342377582011 ], [ 79.445455365529241, 30.097725550180865 ], [ 79.459965284566422, 30.097896457038697 ], [ 79.460063083570304, 30.091587990653494 ], [ 79.467317629381455, 30.091672822112123 ], [ 79.467025520644015, 30.110598266492641 ] ] ], [ [ [ 79.387416952813069, 30.097025909075192 ], [ 79.394671642321299, 30.097114765344045 ], [ 79.394773583507657, 30.090806496316372 ], [ 79.387519354199526, 30.090717662481307 ], [ 79.387416952813069, 30.097025909075192 ] ] ], [ [ [ 79.546195569331744, 30.155666432375824 ], [ 79.546288107944207, 30.149357772487754 ], [ 79.539029082213531, 30.149277161450655 ], [ 79.539214994436605, 30.13665986335706 ], [ 79.546473097232806, 30.136740433732793 ], [ 79.546657969325025, 30.124123069678419 ], [ 79.539400788878879, 30.12404253995394 ], [ 79.539307906376422, 30.130351204818762 ], [ 79.524792711738272, 30.130188901913595 ], [ 79.524980291382562, 30.117571647757444 ], [ 79.532236951883334, 30.117652958625293 ], [ 79.532330236336733, 30.111344301530419 ], [ 79.539586465603023, 30.111425191248141 ], [ 79.539493641951807, 30.117733868763448 ], [ 79.54675036144198, 30.117814378166074 ], [ 79.547741564317846, 30.050006854389483 ], [ 79.525981795525382, 30.050070907498949 ], [ 79.525916408047109, 30.054484997319701 ], [ 79.511412378856619, 30.054321586651326 ], [ 79.5114753565705, 30.050111608025258 ], [ 79.496968977835422, 30.050150707323265 ], [ 79.496908469370069, 30.054156577176489 ], [ 79.504160409077571, 30.05423928176176 ], [ 79.503970665839532, 30.066856538235992 ], [ 79.496717807085332, 30.066773791842962 ], [ 79.496622430597171, 30.073082389676628 ], [ 79.489369142342369, 30.072999222383093 ], [ 79.489464978564314, 30.066690645558197 ], [ 79.482212180422124, 30.066607099387703 ], [ 79.481923200973256, 30.08553274751393 ], [ 79.496431586889187, 30.085699566340516 ], [ 79.496527023867813, 30.079390981176104 ], [ 79.503780802251356, 30.079473769387253 ], [ 79.503305616329158, 30.111016736432273 ], [ 79.510561726480546, 30.111099228629133 ], [ 79.510372362849793, 30.123716412748063 ], [ 79.503115331011458, 30.12363387889895 ], [ 79.50302014311724, 30.129942440625001 ], [ 79.495762680384075, 30.129859485037546 ], [ 79.495667001121745, 30.136168019490519 ], [ 79.481151244365705, 30.136000863443684 ], [ 79.4810546121128, 30.142309349377758 ], [ 79.488312936587292, 30.142393149038543 ], [ 79.488120503306362, 30.155010144144253 ], [ 79.495379781372122, 30.155093584789206 ], [ 79.495283980774445, 30.161402093865831 ], [ 79.509803551375683, 30.161567813015953 ], [ 79.50989842839526, 30.155259262152221 ], [ 79.502639089783827, 30.155176624127193 ], [ 79.502734398396711, 30.148868087763663 ], [ 79.495475551623841, 30.148785069367211 ], [ 79.495571291537686, 30.142476547600701 ], [ 79.502829676817882, 30.142559545058212 ], [ 79.502924925055382, 30.136250996011704 ], [ 79.510182879164674, 30.136333571523419 ], [ 79.509993275361296, 30.148950704948334 ], [ 79.517252182371436, 30.149032920915275 ], [ 79.517157797060264, 30.155341498858355 ], [ 79.524417195632637, 30.155423334239664 ], [ 79.52404120334856, 30.180657665205182 ], [ 79.531302479827573, 30.180739181428663 ], [ 79.531489611158293, 30.168121987527833 ], [ 79.538749992902694, 30.168203061120778 ], [ 79.538843052146916, 30.161894434227904 ], [ 79.546103001396801, 30.161975085936493 ], [ 79.546010404131508, 30.168283733168874 ], [ 79.55001510144848, 30.168328058287646 ], [ 79.550013782422482, 30.155708680207056 ], [ 79.546195569331744, 30.155666432375824 ] ], [ [ 79.532516716571891, 30.098726968362008 ], [ 79.53242349123029, 30.105035638109019 ], [ 79.525167752172194, 30.104954368281692 ], [ 79.525074036630258, 30.111263011184093 ], [ 79.517817866629542, 30.111181320215042 ], [ 79.517912042811957, 30.104872697932706 ], [ 79.510656363295496, 30.10479062706796 ], [ 79.51122355468128, 30.066938884731343 ], [ 79.518476473464915, 30.067020831323088 ], [ 79.518382476226165, 30.073329491577031 ], [ 79.525635884571685, 30.073411058864004 ], [ 79.525261438016258, 30.098645719051103 ], [ 79.532516716571891, 30.098726968362008 ] ], [ [ 79.532609912369381, 30.092418292290187 ], [ 79.532796215363419, 30.079800921175629 ], [ 79.540050142807189, 30.07988170882923 ], [ 79.539864760104649, 30.09249912076184 ], [ 79.532609912369381, 30.092418292290187 ] ], [ [ 79.533075448469802, 30.06087481708931 ], [ 79.533168467167371, 30.054566103086753 ], [ 79.540420555776862, 30.054646809134599 ], [ 79.540327996569374, 30.060955543534796 ], [ 79.533075448469802, 30.06087481708931 ] ] ], [ [ [ 79.46673313404834, 30.12952365372427 ], [ 79.452218545683039, 30.129353332774294 ], [ 79.452120099388623, 30.135661739501195 ], [ 79.459377839200869, 30.135747121952704 ], [ 79.459181775750565, 30.148363959418624 ], [ 79.4664404693726, 30.14844898378368 ], [ 79.46673313404834, 30.12952365372427 ] ] ], [ [ [ 79.437206924228732, 30.160723161424119 ], [ 79.444466447498968, 30.160809432801486 ], [ 79.444565480363309, 30.154501073166834 ], [ 79.437306418812369, 30.154414823543025 ], [ 79.437206924228732, 30.160723161424119 ] ] ], [ [ [ 79.466245204990173, 30.161065838716112 ], [ 79.48076453158933, 30.161234769083148 ], [ 79.480667776799407, 30.167543229616442 ], [ 79.495188149822738, 30.167710596596212 ], [ 79.495283980774445, 30.161402093865831 ], [ 79.488024240931765, 30.161318632175561 ], [ 79.488120503306362, 30.155010144144253 ], [ 79.473602038797495, 30.15484205895752 ], [ 79.473699193917071, 30.148533606967153 ], [ 79.4664404693726, 30.14844898378368 ], [ 79.466245204990173, 30.161065838716112 ] ] ], [ [ [ 79.502066603629927, 30.193027709080141 ], [ 79.531115229910796, 30.193356349985915 ], [ 79.531208869696385, 30.187047768875669 ], [ 79.516685421734806, 30.186884293492668 ], [ 79.516874461650801, 30.174267194658594 ], [ 79.509613707143828, 30.17418489571941 ], [ 79.509423742601641, 30.186801953051869 ], [ 79.502162093562092, 30.186719210786119 ], [ 79.502066603629927, 30.193027709080141 ] ] ], [ [ [ 79.414923666085045, 30.192003203575599 ], [ 79.443970812346464, 30.19235113548492 ], [ 79.444070002182272, 30.186042807683073 ], [ 79.415024705672948, 30.185694963449471 ], [ 79.414923666085045, 30.192003203575599 ] ] ], [ [ [ 79.487446025894045, 30.199169427007302 ], [ 79.501971083449718, 30.199336201026259 ], [ 79.502066603629927, 30.193027709080141 ], [ 79.487542471392189, 30.192860977082024 ], [ 79.487446025894045, 30.199169427007302 ] ] ], [ [ [ 79.501875533013362, 30.205644686623597 ], [ 79.50913857006617, 30.205727491464941 ], [ 79.509233657684987, 30.199418985006474 ], [ 79.501971083449718, 30.199336201026259 ], [ 79.501875533013362, 30.205644686623597 ] ] ], [ [ [ 79.545454204165367, 30.206135483622106 ], [ 79.550018640483756, 30.206186051497887 ], [ 79.550018094203324, 30.199876400658312 ], [ 79.545546977576763, 30.199826874377163 ], [ 79.545454204165367, 30.206135483622106 ] ] ], [ [ [ 79.538097752188932, 30.212363272037088 ], [ 79.545361401368893, 30.212444086532855 ], [ 79.545454204165367, 30.206135483622106 ], [ 79.53092786134475, 30.205973493192765 ], [ 79.530740374066113, 30.218590611042423 ], [ 79.538004456849109, 30.218671848252942 ], [ 79.538097752188932, 30.212363272037088 ] ] ], [ [ [ 79.516022838271965, 30.231043939597935 ], [ 79.523287788213523, 30.231126022835912 ], [ 79.523382069519585, 30.224817500331572 ], [ 79.516117582997921, 30.22473543776248 ], [ 79.516022838271965, 30.231043939597935 ] ] ], [ [ [ 79.530083232814263, 30.262750323729854 ], [ 79.530177199321017, 30.256441812379997 ], [ 79.522910364344398, 30.256360049391976 ], [ 79.522815933676043, 30.262668540161435 ], [ 79.530083232814263, 30.262750323729854 ] ] ], [ [ [ 79.515168784633204, 30.287820170361378 ], [ 79.51507373951452, 30.294128608679973 ], [ 79.529612953878583, 30.294292785257735 ], [ 79.529707069212492, 30.287984305651175 ], [ 79.536976256247684, 30.288065768102609 ], [ 79.536882605818121, 30.294374268200979 ], [ 79.544152287399896, 30.294455347572605 ], [ 79.54443175549784, 30.275529767071589 ], [ 79.537163468211801, 30.275448748863351 ], [ 79.537350561702013, 30.262831704239709 ], [ 79.530083232814263, 30.262750323729854 ], [ 79.529989236557995, 30.269058828732742 ], [ 79.522721473111275, 30.268977024581357 ], [ 79.522626982642123, 30.275285502650899 ], [ 79.529895210544254, 30.275367327387826 ], [ 79.529801154765067, 30.28167581969425 ], [ 79.522532462260585, 30.281593974369226 ], [ 79.522437911958662, 30.287902439735461 ], [ 79.515168784633204, 30.287820170361378 ] ] ], [ [ [ 79.544059072387441, 30.300763861715236 ], [ 79.550024742035603, 30.300830108036017 ], [ 79.550024457413627, 30.294520545481369 ], [ 79.544152287399896, 30.294455347572605 ], [ 79.544059072387441, 30.300763861715236 ] ] ], [ [ [ 79.492879079692443, 30.319112756026534 ], [ 79.5001504421422, 30.3191963407616 ], [ 79.500342604600888, 30.306579592050714 ], [ 79.507613066686474, 30.306662731024392 ], [ 79.507804177384131, 30.294045915057293 ], [ 79.500534645484251, 30.293962817886694 ], [ 79.500438640235416, 30.300271208149926 ], [ 79.493168673701931, 30.300187686435713 ], [ 79.492879079692443, 30.319112756026534 ] ] ], [ [ [ 79.529424633834836, 30.306909725416418 ], [ 79.536695216024327, 30.306991249350954 ], [ 79.536788925746308, 30.300682761950711 ], [ 79.522248721561681, 30.300519351408305 ], [ 79.522059411387119, 30.313136237662654 ], [ 79.529330429109066, 30.313218185966861 ], [ 79.529424633834836, 30.306909725416418 ] ] ], [ [ [ 79.391083280887258, 30.317900158643926 ], [ 79.405625155863859, 30.31807823349936 ], [ 79.405727302528803, 30.311770143366804 ], [ 79.398456814148361, 30.31168133019834 ], [ 79.398559393694498, 30.305373255992578 ], [ 79.384019444832958, 30.305194463340911 ], [ 79.383915934920694, 30.311502492590112 ], [ 79.391186358229959, 30.311592113270635 ], [ 79.391083280887258, 30.317900158643926 ] ] ], [ [ [ 79.441980406392005, 30.318516352851933 ], [ 79.463793936938472, 30.318774377728925 ], [ 79.463892360549565, 30.312466112618424 ], [ 79.442080226211857, 30.312208152597034 ], [ 79.441980406392005, 30.318516352851933 ] ] ], [ [ [ 79.536507707598119, 30.31960820509962 ], [ 79.543779250300148, 30.319689366058132 ], [ 79.543872553845446, 30.313380870958841 ], [ 79.53660147664425, 30.313299730400878 ], [ 79.536507707598119, 30.31960820509962 ] ] ], [ [ [ 79.514598062508384, 30.325670704910468 ], [ 79.521869981370884, 30.325753098491688 ], [ 79.521964711363225, 30.319444671255752 ], [ 79.514693258124822, 30.319362298382192 ], [ 79.514598062508384, 30.325670704910468 ] ] ], [ [ [ 79.507134760483595, 30.338204659615585 ], [ 79.514407580896275, 30.338287498884331 ], [ 79.514502836768216, 30.331979105078133 ], [ 79.507230482266138, 30.331896286623778 ], [ 79.507134760483595, 30.338204659615585 ] ] ], [ [ [ 79.521680431448814, 30.338369933888671 ], [ 79.52895331199386, 30.338451964622635 ], [ 79.529047636020437, 30.332143529492264 ], [ 79.521775221402081, 30.332061519369613 ], [ 79.521680431448814, 30.338369933888671 ] ] ], [ [ [ 79.492492526505941, 30.344346092997018 ], [ 79.499765752238559, 30.344429761796729 ], [ 79.499861970358111, 30.338121416088402 ], [ 79.492589210667163, 30.338037768308798 ], [ 79.492492526505941, 30.344346092997018 ] ] ], [ [ [ 79.540777903451584, 30.521557852116949 ], [ 79.548064449916353, 30.521639260008744 ], [ 79.548158232016419, 30.515330948129343 ], [ 79.533586109340234, 30.515167765970862 ], [ 79.533396634266381, 30.527784301623374 ], [ 79.540683621330075, 30.527866137239091 ], [ 79.540777903451584, 30.521557852116949 ] ] ], [ [ [ 79.52419889066195, 30.653865598245375 ], [ 79.531495286481217, 30.653948253489091 ], [ 79.531781254614344, 30.635023823656891 ], [ 79.524486278399465, 30.634941230323811 ], [ 79.52419889066195, 30.653865598245375 ] ] ] ] } },
{ "type": "Feature", "properties": { "zone_class": "Yellow", "h_mean": 0.42870372881355934, "h_max": 0.5, "source": "DERIVED", "area_ha": 257967.88262645845 }, "geometry": { "type": "MultiPolygon", "coordinates": [ [ [ [ 78.757110769267882, 30.056234213345103 ], [ 78.757250835351243, 30.050021871178902 ], [ 78.75, 30.05 ], [ 78.750001443076755, 30.056112705333739 ], [ 78.757110769267882, 30.056234213345103 ] ] ], [ [ [ 78.836852495918137, 30.057570754743328 ], [ 78.83698962698314, 30.051264475432315 ], [ 78.793496227331772, 30.050541623196832 ], [ 78.793216416852559, 30.063153809907107 ], [ 78.807715875833694, 30.063396479623353 ], [ 78.80757682193952, 30.069702624307908 ], [ 78.814827076548426, 30.069823390723116 ], [ 78.814688437677432, 30.076129559270132 ], [ 78.821939195324219, 30.076249956679636 ], [ 78.821800971767061, 30.082556148994868 ], [ 78.836303536844312, 30.08279580576497 ], [ 78.836440841857922, 30.076489552944867 ], [ 78.843691730454168, 30.076608751783354 ], [ 78.843554884729684, 30.082915034704666 ], [ 78.850806275985661, 30.08303386400268 ], [ 78.851215305627463, 30.064114905388351 ], [ 78.843965291837335, 30.063996166080326 ], [ 78.844102007519012, 30.057689863300556 ], [ 78.836852495918137, 30.057570754743328 ] ] ], [ [ [ 78.763650533126921, 30.087887477576242 ], [ 78.763792475359722, 30.081581537976078 ], [ 78.756541614146229, 30.081457913550075 ], [ 78.756399212608173, 30.087763821936282 ], [ 78.763650533126921, 30.087887477576242 ] ] ], [ [ [ 78.843417995634553, 30.089221311004565 ], [ 78.843554884729684, 30.082915034704666 ], [ 78.836303536844312, 30.08279580576497 ], [ 78.836166188314678, 30.089102051959923 ], [ 78.843417995634553, 30.089221311004565 ] ] ], [ [ [ 78.836028796257452, 30.095408291528749 ], [ 78.836166188314678, 30.089102051959923 ], [ 78.828914424522381, 30.088982393181354 ], [ 78.828776572896771, 30.095288602540656 ], [ 78.836028796257452, 30.095408291528749 ] ] ], [ [ [ 78.821524393220699, 30.095168513726392 ], [ 78.821386038208232, 30.101474686140747 ], [ 78.828638677586554, 30.101594805269141 ], [ 78.828776572896771, 30.095288602540656 ], [ 78.821524393220699, 30.095168513726392 ] ] ], [ [ [ 78.857513571107219, 30.108377598785808 ], [ 78.857649670606918, 30.102071282426365 ], [ 78.850396857316795, 30.101952763057668 ], [ 78.850260297923128, 30.10825904950272 ], [ 78.857513571107219, 30.108377598785808 ] ] ], [ [ [ 78.828638677586554, 30.101594805269141 ], [ 78.828500738580104, 30.107901001365779 ], [ 78.835753881514023, 30.108020750784135 ], [ 78.835891360661094, 30.101714524470484 ], [ 78.828638677586554, 30.101594805269141 ] ] ], [ [ [ 78.842870005317337, 30.114446349970471 ], [ 78.843007068010209, 30.108140100165979 ], [ 78.835753881514023, 30.108020750784135 ], [ 78.835616358804657, 30.114326970468767 ], [ 78.842870005317337, 30.114446349970471 ] ] ], [ [ [ 78.835478792521428, 30.120633183523374 ], [ 78.835616358804657, 30.114326970468767 ], [ 78.82836275586584, 30.114207190829653 ], [ 78.828224729432122, 30.120513373659758 ], [ 78.835478792521428, 30.120633183523374 ] ] ], [ [ [ 78.86395214687019, 30.146333686112918 ], [ 78.864088044516237, 30.140027379639491 ], [ 78.856832426495131, 30.139909081295585 ], [ 78.856696068069667, 30.14621535793329 ], [ 78.86395214687019, 30.146333686112918 ] ] ], [ [ [ 78.761943714344966, 30.163558232694609 ], [ 78.761801186417415, 30.169864085584294 ], [ 78.769058536285215, 30.169987746400022 ], [ 78.768774267863961, 30.182599494486023 ], [ 78.78329094821602, 30.182845737278182 ], [ 78.783855614683901, 30.157621966303079 ], [ 78.791112176742431, 30.157744362473803 ], [ 78.791533825028807, 30.138826371726612 ], [ 78.798789049156355, 30.138948274861573 ], [ 78.798929049051296, 30.132642233890916 ], [ 78.791674285452643, 30.132520361496347 ], [ 78.791814701393733, 30.126214344610453 ], [ 78.799069004609166, 30.126336186268453 ], [ 78.799348782760816, 30.11372407107196 ], [ 78.792095399874967, 30.113602290875665 ], [ 78.792375920567054, 30.100990210530099 ], [ 78.785123501852226, 30.100868091896714 ], [ 78.785404763991465, 30.08825604658109 ], [ 78.778153308963951, 30.088133589907496 ], [ 78.777729970011862, 30.107051555141989 ], [ 78.770477180815419, 30.106928605743999 ], [ 78.77033551848335, 30.113234549810329 ], [ 78.763082314259933, 30.113111169325794 ], [ 78.763508545912501, 30.094193410512279 ], [ 78.756256765943107, 30.094069723654496 ], [ 78.756399212608173, 30.087763821936282 ], [ 78.750008487137094, 30.087654509940663 ], [ 78.750017215942279, 30.131812801897844 ], [ 78.755401137613902, 30.131904993880653 ], [ 78.755258374723851, 30.138210848895277 ], [ 78.750018354963288, 30.138121106972495 ], [ 78.750028259738087, 30.201203850147888 ], [ 78.761087869478402, 30.201393249859073 ], [ 78.761230623213137, 30.195087430363866 ], [ 78.768489819380804, 30.195211215871929 ], [ 78.768632066136121, 30.18890535851698 ], [ 78.761373331762385, 30.188781604187817 ], [ 78.761658613352495, 30.176169931797045 ], [ 78.754400847278063, 30.17604583875486 ], [ 78.754686870812719, 30.163434202185034 ], [ 78.761943714344966, 30.163558232694609 ] ] ], [ [ [ 78.820693605286991, 30.1330054486594 ], [ 78.820554987049334, 30.139311581245693 ], [ 78.813299630312329, 30.139190879629844 ], [ 78.813160507453077, 30.145496975133305 ], [ 78.805904734075355, 30.14537584246002 ], [ 78.805625434304019, 30.157987952431412 ], [ 78.798368783331085, 30.157866357852843 ], [ 78.79822860596984, 30.164172372206462 ], [ 78.812742874413502, 30.164415221762798 ], [ 78.813021340524685, 30.151803063990624 ], [ 78.827533941064814, 30.152044188269816 ], [ 78.827672186270235, 30.145738038623097 ], [ 78.834928091418107, 30.145857969422259 ], [ 78.83506583211269, 30.13955178289741 ], [ 78.827810387698023, 30.139431882337771 ], [ 78.827948545359845, 30.133125719414789 ], [ 78.820693605286991, 30.1330054486594 ] ] ], [ [ [ 78.79822860596984, 30.164172372206462 ], [ 78.790971538269218, 30.164050346071736 ], [ 78.790690127685039, 30.176662293285066 ], [ 78.797948118047231, 30.176784380942578 ], [ 78.79822860596984, 30.164172372206462 ] ] ], [ [ [ 78.812603575207248, 30.170721290675733 ], [ 78.805345957578865, 30.170600035795132 ], [ 78.805206152829172, 30.176906067496681 ], [ 78.797948118047231, 30.176784380942578 ], [ 78.797807807462235, 30.18309037532314 ], [ 78.812324844434727, 30.183333408550439 ], [ 78.812603575207248, 30.170721290675733 ] ] ], [ [ [ 78.819305445480609, 30.196066475541805 ], [ 78.819444459344652, 30.18976040276328 ], [ 78.81218541284494, 30.18963945751025 ], [ 78.812045937103804, 30.195945499817071 ], [ 78.819305445480609, 30.196066475541805 ] ] ], [ [ [ 78.797667452445637, 30.189396363044086 ], [ 78.790408538838093, 30.189274213848446 ], [ 78.790267677536391, 30.195580164133965 ], [ 78.797527052985643, 30.195702344104397 ], [ 78.797667452445637, 30.189396363044086 ] ] ], [ [ [ 78.841634485422475, 30.171202299912206 ], [ 78.848892322172063, 30.171321549606553 ], [ 78.849029314795743, 30.165015329420864 ], [ 78.834514607496885, 30.16477648918374 ], [ 78.834238733235324, 30.177388802504158 ], [ 78.826980522233953, 30.177268720451032 ], [ 78.826842057965607, 30.183574836890063 ], [ 78.834100730575443, 30.183694949205268 ], [ 78.833962684213958, 30.190001089265706 ], [ 78.826703549849654, 30.189880946684667 ], [ 78.826426402028261, 30.202493146336629 ], [ 78.833686460339678, 30.202613349460666 ], [ 78.833548282803562, 30.208919469593255 ], [ 78.811766853120389, 30.208557564467885 ], [ 78.811347895715784, 30.227475611522372 ], [ 78.83313348765941, 30.227837790119825 ], [ 78.832995135060514, 30.234143883668384 ], [ 78.847520007772971, 30.234383386585016 ], [ 78.847382537262078, 30.240689533773793 ], [ 78.854645501903676, 30.24080871211827 ], [ 78.854919473651805, 30.228196351118338 ], [ 78.862181555866314, 30.228315067500048 ], [ 78.862454429027778, 30.215702620190999 ], [ 78.855193272022618, 30.215583963573589 ], [ 78.855466897108556, 30.202971549491725 ], [ 78.848206708025955, 30.202852551046831 ], [ 78.848481083936193, 30.190240170372206 ], [ 78.841221862291491, 30.190120830497765 ], [ 78.841634485422475, 30.171202299912206 ] ] ], [ [ [ 78.789985821117185, 30.208192044707797 ], [ 78.790126771633396, 30.201886107754081 ], [ 78.775607230745138, 30.201640481768624 ], [ 78.775465355996957, 30.207946356854247 ], [ 78.753684995562054, 30.207574813230636 ], [ 78.753541689200077, 30.213880588069564 ], [ 78.768062808830095, 30.214128747870994 ], [ 78.767920381844903, 30.220434578512137 ], [ 78.782442606569518, 30.220681193702266 ], [ 78.782301059581854, 30.226987079755904 ], [ 78.789562701770393, 30.227109815560844 ], [ 78.789703786197592, 30.22080389861215 ], [ 78.796965010474551, 30.220926201720115 ], [ 78.797105587826692, 30.21462024731197 ], [ 78.804366394168312, 30.214742117920153 ], [ 78.804646490974463, 30.202130127744692 ], [ 78.797386609070372, 30.202008318503157 ], [ 78.797246120688015, 30.208314286239329 ], [ 78.789985821117185, 30.208192044707797 ] ] ], [ [ [ 78.891634009492549, 30.209866876603389 ], [ 78.891768489070387, 30.203560517892445 ], [ 78.869987405021988, 30.203208341642313 ], [ 78.869171561142892, 30.241045862247979 ], [ 78.876434655447724, 30.241163834016124 ], [ 78.876570274053847, 30.234857567463781 ], [ 78.883832948282063, 30.23497510743476 ], [ 78.883968061112753, 30.228668804672079 ], [ 78.891230315241501, 30.228785913043392 ], [ 78.891499487336034, 30.2161732286995 ], [ 78.88423815850831, 30.21605617928353 ], [ 78.884373143095942, 30.209749856659577 ], [ 78.891634009492549, 30.209866876603389 ] ] ], [ [ [ 78.883427353121348, 30.253893975984965 ], [ 78.883562594297771, 30.247587693092154 ], [ 78.876298993913309, 30.247470093941459 ], [ 78.87616328943912, 30.253776347238865 ], [ 78.883427353121348, 30.253893975984965 ] ] ], [ [ [ 78.875755918263366, 30.272695067353862 ], [ 78.875891751625616, 30.266388833946035 ], [ 78.861361899260316, 30.266152250216933 ], [ 78.861771922110108, 30.247233688717618 ], [ 78.83998163901596, 30.246876063703745 ], [ 78.840119616134317, 30.240569953254344 ], [ 78.832856738666749, 30.240449970568534 ], [ 78.832718298466403, 30.246756050819283 ], [ 78.818191748968488, 30.246514818282463 ], [ 78.818331115297696, 30.240208798732461 ], [ 78.811068369688897, 30.240087609599566 ], [ 78.811208154819269, 30.233781613890866 ], [ 78.80394591634473, 30.233660053225773 ], [ 78.803805668325737, 30.239966018335064 ], [ 78.796543011354544, 30.239844024947732 ], [ 78.796402255920441, 30.246149952688079 ], [ 78.789139180476297, 30.246027526381205 ], [ 78.789280398921676, 30.239721629446343 ], [ 78.78201783117342, 30.239598831839729 ], [ 78.782301059581854, 30.226987079755904 ], [ 78.760516402443542, 30.226616461011567 ], [ 78.76065933704075, 30.220310668249649 ], [ 78.753398337470315, 30.220186356220768 ], [ 78.75311149785901, 30.232797872456121 ], [ 78.760373422600566, 30.2329222470877 ], [ 78.759801050529532, 30.258145324514889 ], [ 78.767064872674965, 30.258269422025645 ], [ 78.766922129824465, 30.264575205879868 ], [ 78.774186460544172, 30.264698932129146 ], [ 78.773759352036237, 30.283616336946128 ], [ 78.788290930758492, 30.283862767818587 ], [ 78.788149399186437, 30.29016861802042 ], [ 78.809948494810754, 30.290535335400154 ], [ 78.809808311044165, 30.296841271127025 ], [ 78.780741082819603, 30.296351385637099 ], [ 78.78059899735716, 30.302657191536511 ], [ 78.802400744620627, 30.303025302715774 ], [ 78.802260007637429, 30.309331194461244 ], [ 78.816795657624056, 30.309574647436701 ], [ 78.817075229347296, 30.29696273491578 ], [ 78.82434219185582, 30.297083795653453 ], [ 78.82448144717263, 30.290777798962683 ], [ 78.831747989497302, 30.290898426310495 ], [ 78.832025439956766, 30.278286352298384 ], [ 78.868354166574221, 30.278883144148971 ], [ 78.868490506794529, 30.272576947084303 ], [ 78.875755918263366, 30.272695067353862 ] ] ], [ [ [ 78.758797654651374, 30.302285452383465 ], [ 78.759227953559659, 30.283368294891154 ], [ 78.766493630193949, 30.283492517311998 ], [ 78.766636508596022, 30.277186753524017 ], [ 78.759371295803746, 30.27706256233655 ], [ 78.759657844276575, 30.264451077147431 ], [ 78.752393604046944, 30.264326545940779 ], [ 78.751530631002439, 30.302160733157695 ], [ 78.758797654651374, 30.302285452383465 ] ] ], [ [ [ 78.845867487171517, 30.31005671427496 ], [ 78.846281205700706, 30.291138472095732 ], [ 78.860814596331679, 30.291376905942805 ], [ 78.860951487005195, 30.285070751972057 ], [ 78.83915285878858, 30.284712586788043 ], [ 78.838876248902267, 30.297324707940756 ], [ 78.831609198423052, 30.297204453331346 ], [ 78.831331484526842, 30.309816487397857 ], [ 78.845867487171517, 30.31005671427496 ] ] ], [ [ [ 78.83846100580395, 30.316242839760147 ], [ 78.831192561681391, 30.316122494441569 ], [ 78.831053594888715, 30.322428494824315 ], [ 78.838322503852666, 30.322548870386843 ], [ 78.83846100580395, 30.316242839760147 ] ] ], [ [ [ 78.758366947224289, 30.321202549597881 ], [ 78.75109852988588, 30.321077736309661 ], [ 78.750810234624097, 30.333689038223927 ], [ 78.758079581822813, 30.333813914240064 ], [ 78.758366947224289, 30.321202549597881 ] ] ], [ [ [ 78.860403664383739, 30.310295327998691 ], [ 78.860266600386652, 30.316601455395336 ], [ 78.845729493726921, 30.316362781697723 ], [ 78.845591456628753, 30.322668842467074 ], [ 78.838322503852666, 30.322548870386843 ], [ 78.838183958089289, 30.328854894355395 ], [ 78.845453375865347, 30.328974896582046 ], [ 78.844900615925653, 30.354199046478886 ], [ 78.837629336680052, 30.35407892362878 ], [ 78.838045368502051, 30.335160911664822 ], [ 78.830775529414638, 30.335040475603037 ], [ 78.830914584137062, 30.32873448854513 ], [ 78.809106726692448, 30.328370849699738 ], [ 78.80896627663526, 30.334676745395146 ], [ 78.823505734309748, 30.33491963586501 ], [ 78.823366170334481, 30.3412255859024 ], [ 78.830636430709731, 30.341346455997066 ], [ 78.83049728801052, 30.347652429726281 ], [ 78.815955880578429, 30.34741022494584 ], [ 78.81609595410049, 30.341104312038873 ], [ 78.808825782154756, 30.340982634415248 ], [ 78.808685243239012, 30.347288516759072 ], [ 78.801414650346729, 30.347166404719641 ], [ 78.802260007637429, 30.309331194461244 ], [ 78.794992249354621, 30.309208863115089 ], [ 78.79485100321341, 30.315514717438731 ], [ 78.787582824976496, 30.315391952017542 ], [ 78.787724535741191, 30.30908612854174 ], [ 78.773189243109428, 30.308839449748866 ], [ 78.77347438774386, 30.296227906725029 ], [ 78.766207737753646, 30.296104024814884 ], [ 78.765492214878023, 30.32763267643346 ], [ 78.772761187805401, 30.327756714101792 ], [ 78.772618412428486, 30.334062455500106 ], [ 78.779887895541648, 30.334186120726073 ], [ 78.779603139822626, 30.346797645573602 ], [ 78.794144102048577, 30.347043888836357 ], [ 78.794002587640108, 30.353349703064939 ], [ 78.808544659876162, 30.353594392425649 ], [ 78.808404032054284, 30.359900261414051 ], [ 78.8156756006221, 30.360022030738577 ], [ 78.815815762756245, 30.353716131179382 ], [ 78.823086909948287, 30.353837465970319 ], [ 78.822807472902454, 30.366449319356015 ], [ 78.815535394164115, 30.366327923622393 ], [ 78.815395143370424, 30.372633809829932 ], [ 78.822667688102598, 30.372755236040607 ], [ 78.822527859102323, 30.379061146051747 ], [ 78.829800914187743, 30.379182198366191 ], [ 78.829661507275276, 30.385488132086206 ], [ 78.836935072737631, 30.385608810296652 ], [ 78.83679608820745, 30.391914767630762 ], [ 78.822248068453135, 30.391672946049813 ], [ 78.822108106780519, 30.397978836034827 ], [ 78.851206188503866, 30.398460981761961 ], [ 78.851344283727215, 30.392154970822002 ], [ 78.844070164070303, 30.392035071529438 ], [ 78.844485586912853, 30.373117088983456 ], [ 78.837212910020995, 30.37299687562609 ], [ 78.837351762797709, 30.366690898291544 ], [ 78.851896228270107, 30.366930860460105 ], [ 78.852034105376688, 30.360624816223922 ], [ 78.859305937680958, 30.360744161032621 ], [ 78.859168526479863, 30.367050235235119 ], [ 78.866440868142419, 30.367169205792425 ], [ 78.866303879552788, 30.37347530320999 ], [ 78.873576730596866, 30.373593899308265 ], [ 78.873440164913077, 30.379900019846005 ], [ 78.88071352536187, 30.380018241277565 ], [ 78.880849624811006, 30.373712091070281 ], [ 78.888122562047954, 30.373829878487509 ], [ 78.888393699838517, 30.361217499018824 ], [ 78.881121694652307, 30.361099770726668 ], [ 78.881257665067565, 30.354793600592235 ], [ 78.873986168674264, 30.354675497816508 ], [ 78.873849732465899, 30.360981638292568 ], [ 78.866577813426403, 30.360863101725027 ], [ 78.866714715416336, 30.354556991008742 ], [ 78.859443305440877, 30.354438080177481 ], [ 78.859580629771244, 30.348131992670712 ], [ 78.874122561747271, 30.348369350696277 ], [ 78.874395218533365, 30.335757036527028 ], [ 78.867125161737761, 30.335638618976205 ], [ 78.867261890667365, 30.329332481673973 ], [ 78.87453148226956, 30.329450869479935 ], [ 78.87466770291654, 30.323144695792454 ], [ 78.867398576360841, 30.32302633772764 ], [ 78.867535218829744, 30.316720187138166 ], [ 78.874803880485857, 30.31683851546557 ], [ 78.875212154842941, 30.297919934657941 ], [ 78.867944887004626, 30.297801695520473 ], [ 78.86767181808564, 30.310414029906514 ], [ 78.860403664383739, 30.310295327998691 ] ], [ [ 78.866988389560433, 30.341944749633374 ], [ 78.859717910683685, 30.341825898513221 ], [ 78.859855148189851, 30.335519797705981 ], [ 78.867125161737761, 30.335638618976205 ], [ 78.866988389560433, 30.341944749633374 ] ] ], [ [ [ 78.779460694416471, 30.353103397958819 ], [ 78.779603139822626, 30.346797645573602 ], [ 78.772332726188822, 30.346673918211902 ], [ 78.772046859220751, 30.359285354137409 ], [ 78.786589593764759, 30.359532529143443 ], [ 78.786731618578216, 30.353226752475617 ], [ 78.779460694416471, 30.353103397958819 ] ] ], [ [ [ 78.80812264298585, 30.3725119793523 ], [ 78.808263359761497, 30.366206123723245 ], [ 78.800991369841697, 30.366083919667325 ], [ 78.801132507957405, 30.359778088034123 ], [ 78.793861028478531, 30.359655510607645 ], [ 78.793719424551867, 30.365961311463458 ], [ 78.786447524039119, 30.365838299120512 ], [ 78.7863054093893, 30.372144062405859 ], [ 78.80812264298585, 30.3725119793523 ] ] ], [ [ [ 78.750377449711365, 30.352605940795165 ], [ 78.750041401058724, 30.367282121997512 ], [ 78.750041601501451, 30.377832549962594 ], [ 78.764345022425474, 30.378078170700064 ], [ 78.76448858021881, 30.371772507375233 ], [ 78.771760811427498, 30.371896763268836 ], [ 78.771903857933339, 30.365591062052868 ], [ 78.764632092634486, 30.365466837346023 ], [ 78.764775559684679, 30.359161160613422 ], [ 78.757504305501939, 30.359036563087386 ], [ 78.757648192802321, 30.352730910932628 ], [ 78.750377449711365, 30.352605940795165 ] ] ], [ [ [ 78.815114508728399, 30.385245562212194 ], [ 78.815254848229145, 30.378939689360188 ], [ 78.807981881715449, 30.378817828300264 ], [ 78.80784107593837, 30.385123670566156 ], [ 78.815114508728399, 30.385245562212194 ] ] ], [ [ [ 78.873166903989087, 30.392512240976508 ], [ 78.873303556047688, 30.386206133735751 ], [ 78.851482335303814, 30.385848953220883 ], [ 78.851344283727215, 30.392154970822002 ], [ 78.873166903989087, 30.392512240976508 ] ] ], [ [ [ 78.915472450442437, 30.456278328885706 ], [ 78.922751674027182, 30.456394472528512 ], [ 78.923152972279709, 30.437475712935363 ], [ 78.901319640204363, 30.437126327718929 ], [ 78.901184513088324, 30.44343249995163 ], [ 78.886628236127081, 30.44319749062824 ], [ 78.886492130532986, 30.449503597305043 ], [ 78.879213588613695, 30.449385454825464 ], [ 78.879486692388454, 30.436773294036019 ], [ 78.894041948040055, 30.437009055198509 ], [ 78.894177500056614, 30.430702905722523 ], [ 78.908731991877218, 30.430936986682884 ], [ 78.908866566153833, 30.424630771874501 ], [ 78.916143408471299, 30.424747175229136 ], [ 78.916277472899139, 30.41844092459662 ], [ 78.909001097905403, 30.418324550429965 ], [ 78.909404438124056, 30.399405846288978 ], [ 78.916679412031542, 30.399522132913674 ], [ 78.916813307063165, 30.393215855760701 ], [ 78.924087856557435, 30.39333170852068 ], [ 78.924621148082963, 30.368106417389761 ], [ 78.91007582238511, 30.367874540085985 ], [ 78.909941630423447, 30.374180814585639 ], [ 78.917214738279384, 30.374296984539004 ], [ 78.916947159774111, 30.386909571979967 ], [ 78.909673119187048, 30.386793343698255 ], [ 78.90953879988956, 30.393099598309327 ], [ 78.902264335184, 30.392982936174949 ], [ 78.902399121056632, 30.386676710835026 ], [ 78.89512516553016, 30.386559673398683 ], [ 78.895260375215244, 30.380253470793516 ], [ 78.88798692884501, 30.380136058262899 ], [ 78.887851252754984, 30.386442231397702 ], [ 78.880577382878386, 30.386324384840556 ], [ 78.879896024541765, 30.417855002957918 ], [ 78.872619863591225, 30.417736603430949 ], [ 78.871935089855967, 30.449266906783066 ], [ 78.842821529394172, 30.448788659157216 ], [ 78.842960442023141, 30.442482731657826 ], [ 78.864794143571515, 30.442841935641297 ], [ 78.865481037946182, 30.411311748015454 ], [ 78.872756688538402, 30.411430522795548 ], [ 78.872893470246041, 30.405124435507371 ], [ 78.858343146356461, 30.404886540691528 ], [ 78.85806767159103, 30.417498589246026 ], [ 78.850791640836349, 30.417378974605263 ], [ 78.850653370908958, 30.423684958890995 ], [ 78.843376916628245, 30.423564909127872 ], [ 78.84379299655788, 30.404647026570338 ], [ 78.814693223950371, 30.404163140689153 ], [ 78.814974124856278, 30.391551428384989 ], [ 78.800426370959627, 30.391307179350569 ], [ 78.800567687666955, 30.38500137445914 ], [ 78.79329434406138, 30.384878673899983 ], [ 78.793436082355299, 30.378572893110601 ], [ 78.77161771969115, 30.378202457784329 ], [ 78.771474582712159, 30.384508145598389 ], [ 78.75692830117444, 30.384259104633127 ], [ 78.756784186250101, 30.390564723246364 ], [ 78.771331400478388, 30.390813826710023 ], [ 78.77118817297773, 30.397119501118272 ], [ 78.750041770896701, 30.396756792398484 ], [ 78.750041510427366, 30.428297083942933 ], [ 78.763194925022773, 30.428523235824024 ], [ 78.763338846275602, 30.422217626169321 ], [ 78.785166873474139, 30.422589927670437 ], [ 78.785024353964246, 30.428895630686682 ], [ 78.799577532061761, 30.429141868220391 ], [ 78.799719117015869, 30.422836103470598 ], [ 78.821547817493098, 30.423202329192161 ], [ 78.821407634462616, 30.429508185781025 ], [ 78.828684424074055, 30.429629481268602 ], [ 78.828544664215599, 30.435935361589173 ], [ 78.81399019435338, 30.435692304495991 ], [ 78.81413088915842, 30.429386485104587 ], [ 78.806854188308947, 30.429264379248117 ], [ 78.806571819173797, 30.441875950106386 ], [ 78.821127135468132, 30.442119878911413 ], [ 78.820986819480311, 30.448425715451044 ], [ 78.828265011972221, 30.448547102191586 ], [ 78.827985182947771, 30.461158816069304 ], [ 78.835264355650565, 30.461279857958896 ], [ 78.834985286356627, 30.473891605770788 ], [ 78.871386491371254, 30.474491029617806 ], [ 78.871523705997006, 30.468185008900164 ], [ 78.886083555621383, 30.46842187742552 ], [ 78.88621979029169, 30.462115790704633 ], [ 78.915338131579034, 30.462584539709209 ], [ 78.915472450442437, 30.456278328885706 ] ], [ [ 78.902129506695985, 30.399289154879813 ], [ 78.894854617894723, 30.399172058694592 ], [ 78.894583899162441, 30.411784417431583 ], [ 78.887308119293991, 30.411666857512156 ], [ 78.887715533766368, 30.392748397890983 ], [ 78.902264335184, 30.392982936174949 ], [ 78.902129506695985, 30.399289154879813 ] ], [ [ 78.828404860185614, 30.44224123523048 ], [ 78.835682629086477, 30.442362186148856 ], [ 78.835543248659391, 30.44866808342989 ], [ 78.828265011972221, 30.448547102191586 ], [ 78.828404860185614, 30.44224123523048 ] ], [ [ 78.842682572865257, 30.455094579983061 ], [ 78.85724020181388, 30.455334575009616 ], [ 78.856964029749221, 30.467946516938742 ], [ 78.842404528060428, 30.467706401610211 ], [ 78.842682572865257, 30.455094579983061 ] ], [ [ 78.864519081786511, 30.455453964069346 ], [ 78.871798005227731, 30.455572947481851 ], [ 78.871660877278629, 30.461878981521206 ], [ 78.864381485696953, 30.461759968289076 ], [ 78.864519081786511, 30.455453964069346 ] ], [ [ 78.850515057276255, 30.429990936510777 ], [ 78.857792022641135, 30.430110611155634 ], [ 78.8576541328178, 30.436416612116219 ], [ 78.8503766999265, 30.436296907463653 ], [ 78.850515057276255, 30.429990936510777 ] ] ], [ [ [ 78.75577410537602, 30.434703865569865 ], [ 78.750041376883146, 30.434605125366772 ], [ 78.750041216180705, 30.440913161160232 ], [ 78.755629625618113, 30.441009430465918 ], [ 78.75577410537602, 30.434703865569865 ] ] ], [ [ [ 78.76290694604306, 30.441134434992982 ], [ 78.755629625618113, 30.441009430465918 ], [ 78.755485100200914, 30.447314988642955 ], [ 78.762762888291732, 30.447440024505315 ], [ 78.76290694604306, 30.441134434992982 ] ] ], [ [ [ 78.784596525117379, 30.447812699523016 ], [ 78.784453825355698, 30.454118375727759 ], [ 78.791732262518721, 30.454241820780357 ], [ 78.791447663870912, 30.466853214950849 ], [ 78.798727082170942, 30.466976316118505 ], [ 78.799435902357871, 30.435447626276527 ], [ 78.770327856688837, 30.434953406742061 ], [ 78.770184311979747, 30.441259034199334 ], [ 78.777461723280567, 30.441383228075974 ], [ 78.777318600897573, 30.447688879954338 ], [ 78.784596525117379, 30.447812699523016 ] ], [ [ 78.784739179797967, 30.441507016613933 ], [ 78.792016681384368, 30.44163039980425 ], [ 78.791874494418281, 30.447936113642523 ], [ 78.784596525117379, 30.447812699523016 ], [ 78.784739179797967, 30.441507016613933 ] ] ], [ [ [ 78.770040721906497, 30.447564654945445 ], [ 78.762762888291732, 30.447440024505315 ], [ 78.762618785016457, 30.453745607301563 ], [ 78.769897086456908, 30.453870268979401 ], [ 78.770040721906497, 30.447564654945445 ] ] ], [ [ [ 78.769753405618786, 30.460175876300248 ], [ 78.777032220433284, 30.460300163585398 ], [ 78.777175433285862, 30.453994525124461 ], [ 78.769897086456908, 30.453870268979401 ], [ 78.769753405618786, 30.460175876300248 ] ] ], [ [ [ 78.877434201677161, 30.531363850780082 ], [ 78.877571337145454, 30.52505786029791 ], [ 78.870287212576571, 30.524938955436941 ], [ 78.870149607328528, 30.531244916159867 ], [ 78.877434201677161, 30.531363850780082 ] ] ], [ [ [ 78.759582078500415, 30.586161292889415 ], [ 78.759727140611702, 30.579855851355056 ], [ 78.752439497380635, 30.579730156538577 ], [ 78.752293964347089, 30.586035566650569 ], [ 78.759582078500415, 30.586161292889415 ] ] ], [ [ [ 78.82206776799319, 30.725998620534881 ], [ 78.814768846686135, 30.725875891440189 ], [ 78.814911125103521, 30.719570349946803 ], [ 78.822209572101769, 30.719693048450253 ], [ 78.82263471621151, 30.700776291866749 ], [ 78.82993178585383, 30.700898489045034 ], [ 78.829508063810749, 30.719815337072681 ], [ 78.836806600081104, 30.719937215805185 ], [ 78.837088177766532, 30.707325929741117 ], [ 78.84438581020693, 30.707447338016671 ], [ 78.844526058564767, 30.701141654641916 ], [ 78.851823261334843, 30.701262623042872 ], [ 78.85196299170633, 30.694956902792899 ], [ 78.844666262695924, 30.69483596455937 ], [ 78.844806422612422, 30.688530267769959 ], [ 78.852102678012358, 30.688651175839908 ], [ 78.852242320264864, 30.682345442184836 ], [ 78.859538146245185, 30.682465910791191 ], [ 78.859398977465858, 30.688771674503965 ], [ 78.873991707936668, 30.689011443579499 ], [ 78.873853442533346, 30.695317260410864 ], [ 78.859259764782195, 30.695077431518477 ], [ 78.85898120765431, 30.707688925448952 ], [ 78.873576780861697, 30.707928873997819 ], [ 78.873438384569752, 30.714234670751537 ], [ 78.880736710815896, 30.714354060189581 ], [ 78.880598745125923, 30.720659880019312 ], [ 78.88789758914281, 30.720778889276648 ], [ 78.888035080565842, 30.714473039778586 ], [ 78.895333493670179, 30.714591609509945 ], [ 78.895470467609528, 30.708285723762575 ], [ 78.902768449777938, 30.708403854167354 ], [ 78.902904906532299, 30.702097932281237 ], [ 78.910202457741406, 30.70221562355885 ], [ 78.910474294606146, 30.689603701057376 ], [ 78.903177690955701, 30.689486068477493 ], [ 78.903314018648004, 30.683180126561698 ], [ 78.910610148743004, 30.683297729798319 ], [ 78.910745960031619, 30.676991751868297 ], [ 78.903450303342893, 30.676874177971239 ], [ 78.903586545051994, 30.670568222707018 ], [ 78.910881728483602, 30.670685767268264 ], [ 78.911153136924014, 30.658073778061837 ], [ 78.90385889955931, 30.657956292161064 ], [ 78.903995012380776, 30.651650316881195 ], [ 78.896701290765293, 30.65153245145088 ], [ 78.896837833296715, 30.645226498923936 ], [ 78.889544627407204, 30.645108254172893 ], [ 78.889681599350666, 30.638802324494321 ], [ 78.867803659027444, 30.638445227040396 ], [ 78.867526836676277, 30.651056901358977 ], [ 78.852939871141146, 30.650816673411345 ], [ 78.852800448977703, 30.657122440562645 ], [ 78.867388359980282, 30.657362728485545 ], [ 78.867249839588283, 30.663668548922374 ], [ 78.859955389275825, 30.663548579472728 ], [ 78.859677271132028, 30.676160140381086 ], [ 78.852381918475743, 30.676039701828618 ], [ 78.852521472656903, 30.669733954772223 ], [ 78.845226637193321, 30.66961313717005 ], [ 78.845366620370598, 30.663307413562677 ], [ 78.838072302075872, 30.663186217119748 ], [ 78.838493404837806, 30.644269096816483 ], [ 78.823907737425387, 30.644025659372165 ], [ 78.824048961236997, 30.637719999972649 ], [ 78.83863368387307, 30.637963376641242 ], [ 78.838914109187215, 30.625351916185217 ], [ 78.831622670008514, 30.625230492794923 ], [ 78.832044391665079, 30.606313342825867 ], [ 78.84662448342489, 30.606555599614602 ], [ 78.846903523717586, 30.593944011750128 ], [ 78.854192692841181, 30.594064467825238 ], [ 78.854053666089555, 30.600370295210062 ], [ 78.861343350477171, 30.600490373413081 ], [ 78.861481905840151, 30.594184516023869 ], [ 78.876060462869859, 30.594423388756891 ], [ 78.875922850319526, 30.600729305849281 ], [ 78.883212665476961, 30.600848160065166 ], [ 78.883349806603377, 30.594542213273996 ], [ 78.890639193617872, 30.594660629880018 ], [ 78.89077582017633, 30.588354646822928 ], [ 78.876198031990597, 30.58811746498797 ], [ 78.87633555769348, 30.581811534543469 ], [ 78.890912403614067, 30.582048657097783 ], [ 78.891048943942707, 30.57574266070548 ], [ 78.883760970343474, 30.575624332867665 ], [ 78.884308583274432, 30.550400398951215 ], [ 78.906166985652121, 30.550753805919907 ], [ 78.906437711763488, 30.538141622180966 ], [ 78.884582130497122, 30.537788391992247 ], [ 78.88471883933849, 30.531482378515889 ], [ 78.906573010716457, 30.531835520331366 ], [ 78.907113779445183, 30.506611046420659 ], [ 78.870699767672221, 30.506021033252747 ], [ 78.870837199193602, 30.499715045856025 ], [ 78.907248864914052, 30.500304911319617 ], [ 78.907383907720543, 30.493998769571096 ], [ 78.914665900346748, 30.494115494235981 ], [ 78.914934920268379, 30.481503132347207 ], [ 78.907653865392348, 30.481386466135461 ], [ 78.907788780280598, 30.475080304450213 ], [ 78.878666863032919, 30.474609696539794 ], [ 78.878530073646886, 30.480915740324409 ], [ 78.871249233389676, 30.48079704367316 ], [ 78.870974587312531, 30.493409051793208 ], [ 78.863692852811369, 30.493289889406643 ], [ 78.863968436499945, 30.480677940959641 ], [ 78.834845685573114, 30.48019746965544 ], [ 78.834985286356627, 30.473891605770788 ], [ 78.827705177047278, 30.473770503214634 ], [ 78.827845202112982, 30.467464662983989 ], [ 78.820565605411701, 30.467343184956064 ], [ 78.820846459149578, 30.454731545305673 ], [ 78.813567843090411, 30.45460972254482 ], [ 78.813426970346981, 30.46091551518278 ], [ 78.80614793074443, 30.460793256203438 ], [ 78.806006545292931, 30.467099011514502 ], [ 78.798727082170942, 30.466976316118505 ], [ 78.798585183715844, 30.473282033992408 ], [ 78.791305297098489, 30.473158901981581 ], [ 78.791447663870912, 30.466853214950849 ], [ 78.784168290540563, 30.46672970802042 ], [ 78.784311080500785, 30.460424045227231 ], [ 78.777032220433284, 30.460300163585398 ], [ 78.776745658956898, 30.472911420375791 ], [ 78.78402545546291, 30.473035364106405 ], [ 78.783882575255674, 30.479341013484181 ], [ 78.77660231030876, 30.479217038703318 ], [ 78.776315477131789, 30.491828255218177 ], [ 78.769034320173461, 30.491703812173792 ], [ 78.768890366747954, 30.498009379195583 ], [ 78.761608786391335, 30.497884498743655 ], [ 78.762041916431301, 30.478967871306409 ], [ 78.75003968144901, 30.478761257635266 ], [ 78.750036654068296, 30.522917113721206 ], [ 78.753747229301766, 30.522981162327717 ], [ 78.753456943258897, 30.535592097076911 ], [ 78.768025690812763, 30.535842640174252 ], [ 78.767737101251953, 30.548453673371704 ], [ 78.760451764686266, 30.548328542655813 ], [ 78.760162052303457, 30.560939486337134 ], [ 78.752875820948773, 30.560813885763892 ], [ 78.752730425669114, 30.567119316094264 ], [ 78.76730387508988, 30.567370172708003 ], [ 78.766870238448007, 30.586286611469255 ], [ 78.774158444041348, 30.586411522381013 ], [ 78.774302564271082, 30.580106018307369 ], [ 78.788878169870515, 30.580354554958479 ], [ 78.789021302981524, 30.574048982032078 ], [ 78.818171171836596, 30.574541041116671 ], [ 78.817888627846898, 30.587152426317751 ], [ 78.788734991571403, 30.586660121164183 ], [ 78.788591768071996, 30.592965680648216 ], [ 78.795880580843814, 30.59308939941884 ], [ 78.795737783412591, 30.599394983101387 ], [ 78.773870067077766, 30.599022510338802 ], [ 78.77401427831434, 30.59271701972515 ], [ 78.766725601625566, 30.592592077590702 ], [ 78.766580919145056, 30.598897536977709 ], [ 78.759291816882751, 30.598772155744872 ], [ 78.759436970594876, 30.592466727686336 ], [ 78.752148385370802, 30.592340970021166 ], [ 78.751711372661632, 30.611257139674862 ], [ 78.759001371989228, 30.611382991642891 ], [ 78.758856080783119, 30.617688399480432 ], [ 78.766146597631817, 30.617813874722486 ], [ 78.76600173239575, 30.624119307162108 ], [ 78.751419800914547, 30.623867885719203 ], [ 78.750014191084503, 30.684550024117016 ], [ 78.750009896477351, 30.705845568912107 ], [ 78.764114319331483, 30.706089315253195 ], [ 78.763968812893566, 30.712394653255359 ], [ 78.750008564653058, 30.71215336178987 ], [ 78.750004405285338, 30.731076706412111 ], [ 78.770831096607779, 30.731436256777307 ], [ 78.770976266390008, 30.725130907726339 ], [ 78.778274916222614, 30.725256096531982 ], [ 78.777985479795902, 30.737866850301913 ], [ 78.770685881044528, 30.73774159907661 ], [ 78.770540619687907, 30.744046934623285 ], [ 78.777840693122826, 30.744172217064374 ], [ 78.777704936387764, 30.750082524354585 ], [ 78.828826197453353, 30.750219254668497 ], [ 78.829083940715421, 30.738732124635067 ], [ 78.82178402559542, 30.738609744533633 ], [ 78.82206776799319, 30.725998620534881 ] ], [ [ 78.83035510717022, 30.681981580577798 ], [ 78.837650800578231, 30.682103277069359 ], [ 78.83722890002133, 30.701020276639714 ], [ 78.82993178585383, 30.700898489045034 ], [ 78.83035510717022, 30.681981580577798 ] ], [ [ 78.874129929734053, 30.682705620057476 ], [ 78.881425886944271, 30.682824860700038 ], [ 78.881288138655563, 30.689130713973594 ], [ 78.873991707936668, 30.689011443579499 ], [ 78.874129929734053, 30.682705620057476 ] ], [ [ 78.866834016117963, 30.682585970084972 ], [ 78.867111275488426, 30.669974362668516 ], [ 78.874406242558209, 30.670093952945212 ], [ 78.87454433360854, 30.663788109356844 ], [ 78.881838871187597, 30.663907260767449 ], [ 78.881701253198543, 30.670213134096024 ], [ 78.888996307260356, 30.670331906112338 ], [ 78.888859119071952, 30.676637802398787 ], [ 78.874268107937297, 30.676399789845728 ], [ 78.874129929734053, 30.682705620057476 ], [ 78.866834016117963, 30.682585970084972 ] ], [ [ 78.888172528634456, 30.708167183593659 ], [ 78.888309933360404, 30.701861320722799 ], [ 78.895607398355523, 30.701979831333038 ], [ 78.895470467609528, 30.708285723762575 ], [ 78.888172528634456, 30.708167183593659 ] ], [ [ 78.881012511696227, 30.701742400459107 ], [ 78.881150346910132, 30.695436560560267 ], [ 78.888447294755409, 30.695555451166936 ], [ 78.888309933360404, 30.701861320722799 ], [ 78.881012511696227, 30.701742400459107 ] ], [ [ 78.845086609849147, 30.675918854074354 ], [ 78.837791345401385, 30.675797597127026 ], [ 78.837931845896605, 30.669491910476847 ], [ 78.845226637193321, 30.66961313717005 ], [ 78.845086609849147, 30.675918854074354 ] ], [ [ 78.877434201677161, 30.531363850780082 ], [ 78.877297022896187, 30.537669834595178 ], [ 78.862726937815623, 30.537431498851177 ], [ 78.86300313145685, 30.524819643801912 ], [ 78.870287212576571, 30.524938955436941 ], [ 78.870424774375394, 30.518632988044153 ], [ 78.863141162875564, 30.518513706266347 ], [ 78.863279150708649, 30.512207762058086 ], [ 78.892411978783471, 30.51268233029737 ], [ 78.892275868907376, 30.518988393309183 ], [ 78.899559653268426, 30.519106048346153 ], [ 78.899423970065641, 30.525412134150585 ], [ 78.884855505015381, 30.525176358376218 ], [ 78.88471883933849, 30.531482378515889 ], [ 78.877434201677161, 30.531363850780082 ] ], [ [ 78.855996052254469, 30.512088103571731 ], [ 78.856134465825605, 30.505782182643109 ], [ 78.863417094967815, 30.505901811178077 ], [ 78.863279150708649, 30.512207762058086 ], [ 78.855996052254469, 30.512088103571731 ] ], [ [ 78.761464318483874, 30.504190027776332 ], [ 78.754182314753479, 30.504064709718698 ], [ 78.754327251656647, 30.497759212056849 ], [ 78.761608786391335, 30.497884498743655 ], [ 78.761464318483874, 30.504190027776332 ] ], [ [ 78.768169917265823, 30.529537113486462 ], [ 78.79002197051426, 30.529909783448783 ], [ 78.789593383788088, 30.548826623138826 ], [ 78.782307910951118, 30.548702713622227 ], [ 78.782021020243633, 30.561313844509495 ], [ 78.789307433687966, 30.561437816021069 ], [ 78.789450431307728, 30.555132222938369 ], [ 78.804022452710655, 30.555378882395232 ], [ 78.803738294200443, 30.567990185237779 ], [ 78.781877506946117, 30.567619399871027 ], [ 78.781733948336495, 30.573924948509873 ], [ 78.774446639015792, 30.573800507505158 ], [ 78.774734652099212, 30.561189465718979 ], [ 78.767448329403067, 30.561064679658514 ], [ 78.767592738119646, 30.554759179879422 ], [ 78.774878590462436, 30.554883934736921 ], [ 78.775310132984998, 30.535967301446512 ], [ 78.768025690812763, 30.535842640174252 ], [ 78.768169917265823, 30.529537113486462 ] ], [ [ 78.763677662325989, 30.725005309000473 ], [ 78.763823260562546, 30.718699984504788 ], [ 78.77112139040365, 30.718825551924684 ], [ 78.770976266390008, 30.725130907726339 ], [ 78.763677662325989, 30.725005309000473 ] ], [ [ 78.778419566000949, 30.718950709526453 ], [ 78.785717787205115, 30.719075457301027 ], [ 78.785573611674408, 30.725380875408337 ], [ 78.778274916222614, 30.725256096531982 ], [ 78.778419566000949, 30.718950709526453 ] ], [ [ 78.785285124191219, 30.737991691393688 ], [ 78.792584814080982, 30.73811612234287 ], [ 78.792440976812074, 30.744421551230502 ], [ 78.785140812214038, 30.7442970892698 ], [ 78.785285124191219, 30.737991691393688 ] ], [ [ 78.800171138838166, 30.725629203336968 ], [ 78.807469970251319, 30.725752752371232 ], [ 78.807327172515642, 30.732058256440286 ], [ 78.800027866668628, 30.731934676606635 ], [ 78.800171138838166, 30.725629203336968 ] ], [ [ 78.771556487956914, 30.699909444025078 ], [ 78.778853241744173, 30.700034508039039 ], [ 78.77856417017243, 30.712645315775141 ], [ 78.771266468661096, 30.712520189373272 ], [ 78.771556487956914, 30.699909444025078 ] ], [ [ 78.793303320495994, 30.706588876812699 ], [ 78.807898093377204, 30.706836199782014 ], [ 78.807755430669928, 30.713141724041144 ], [ 78.793159709829354, 30.712894339394474 ], [ 78.793303320495994, 30.706588876812699 ] ], [ [ 78.793590405990599, 30.693977931442181 ], [ 78.808183283848649, 30.694225131080316 ], [ 78.808040711099409, 30.700530668794745 ], [ 78.793446885879007, 30.70028340749494 ], [ 78.793590405990599, 30.693977931442181 ] ], [ [ 78.786294034875681, 30.693853717463163 ], [ 78.778997709169118, 30.693729094056163 ], [ 78.779142131036537, 30.687423673331352 ], [ 78.786437983241768, 30.687548265656332 ], [ 78.786294034875681, 30.693853717463163 ] ], [ [ 78.786581886211792, 30.681242807112479 ], [ 78.793877310448579, 30.681366959135474 ], [ 78.793733880843035, 30.687672448655377 ], [ 78.786437983241768, 30.687548265656332 ], [ 78.786581886211792, 30.681242807112479 ] ], [ [ 78.794164033967903, 30.668755959900238 ], [ 78.786869556012803, 30.668631869817535 ], [ 78.787013322868319, 30.662326391068358 ], [ 78.765131580432652, 30.661951760241571 ], [ 78.765276720172409, 30.655646368252004 ], [ 78.757983370135392, 30.655520704884282 ], [ 78.758274457274098, 30.642909963398285 ], [ 78.765566862319758, 30.643035564041558 ], [ 78.765711864752063, 30.636730151822611 ], [ 78.773003843269748, 30.636855312626615 ], [ 78.772714737366712, 30.649466192834971 ], [ 78.801886885024558, 30.64996299905188 ], [ 78.801458557133202, 30.668879640954032 ], [ 78.808753125359701, 30.669002912969962 ], [ 78.808468294477052, 30.681614035473753 ], [ 78.793877310448579, 30.681366959135474 ], [ 78.794164033967903, 30.668755959900238 ] ], [ [ 78.802029570922784, 30.64365743830302 ], [ 78.809322248276331, 30.643780587301272 ], [ 78.809180034872909, 30.650086178798684 ], [ 78.801886885024558, 30.64996299905188 ], [ 78.802029570922784, 30.64365743830302 ] ], [ [ 78.787444351402044, 30.643409914425536 ], [ 78.787731477186313, 30.630798896343848 ], [ 78.802314807693961, 30.631046296638839 ], [ 78.802457358591198, 30.624740715725423 ], [ 78.795166142805058, 30.624617250625306 ], [ 78.795309120613666, 30.618311693827195 ], [ 78.817181487052807, 30.618680771947083 ], [ 78.81689831815433, 30.631292063229424 ], [ 78.809606540504447, 30.631169384151644 ], [ 78.809464416816141, 30.637474989085259 ], [ 78.802172211808539, 30.637351870831679 ], [ 78.802029570922784, 30.64365743830302 ], [ 78.787444351402044, 30.643409914425536 ] ], [ [ 78.780727768302739, 30.618063600665611 ], [ 78.7808716444396, 30.611758099112564 ], [ 78.773581508026851, 30.611633471370805 ], [ 78.773725810319377, 30.605327994221017 ], [ 78.795594940905261, 30.605700560064282 ], [ 78.795309120613666, 30.618311693827195 ], [ 78.780727768302739, 30.618063600665611 ] ], [ [ 78.815905818622014, 30.675431371214845 ], [ 78.823200949638718, 30.675553855688442 ], [ 78.822776341549741, 30.694470692898879 ], [ 78.815479790293423, 30.694348116721514 ], [ 78.815905818622014, 30.675431371214845 ] ], [ [ 78.757546394917981, 30.674436766500367 ], [ 78.764841163559055, 30.674562523984608 ], [ 78.764695886400446, 30.680867895736142 ], [ 78.771991174038618, 30.680993275403768 ], [ 78.771846324376497, 30.687298671689462 ], [ 78.757254848288525, 30.687047440491227 ], [ 78.757546394917981, 30.674436766500367 ] ], [ [ 78.772135978018795, 30.674687872374104 ], [ 78.77943083814813, 30.674812811659763 ], [ 78.779286507358776, 30.681118245865573 ], [ 78.771991174038618, 30.680993275403768 ], [ 78.772135978018795, 30.674687872374104 ] ], [ [ 78.809037776593755, 30.6563917635766 ], [ 78.823625156092589, 30.656636958037815 ], [ 78.823483798547315, 30.66294259730201 ], [ 78.80889547342673, 30.662697341634001 ], [ 78.809037776593755, 30.6563917635766 ] ], [ [ 78.810174586984857, 30.605946897260083 ], [ 78.824754412228415, 30.606191602346154 ], [ 78.824613411065585, 30.612497295285458 ], [ 78.810032642581476, 30.612252529054615 ], [ 78.810174586984857, 30.605946897260083 ] ], [ [ 78.810458341430717, 30.593335613533455 ], [ 78.817747288948695, 30.593458108859625 ], [ 78.817605905432231, 30.599763784694449 ], [ 78.810316486597245, 30.599641258752701 ], [ 78.810458341430717, 30.593335613533455 ] ], [ [ 78.825036281084934, 30.593580196353191 ], [ 78.832325317690888, 30.593701876005337 ], [ 78.832184876844522, 30.600007612765747 ], [ 78.824895368897529, 30.599885902701743 ], [ 78.825036281084934, 30.593580196353191 ] ], [ [ 78.861758885397549, 30.58157278119414 ], [ 78.854470614730118, 30.581452792992945 ], [ 78.854331675717418, 30.58775863375255 ], [ 78.832465714216113, 30.587396132545585 ], [ 78.83274637435099, 30.574784625531883 ], [ 78.861897309615529, 30.575266903755537 ], [ 78.861758885397549, 30.58157278119414 ] ], [ [ 78.832886637984515, 30.568478861979834 ], [ 78.818312376952136, 30.568235338459395 ], [ 78.818453537497533, 30.561929629098895 ], [ 78.833026857344706, 30.56217309173228 ], [ 78.832886637984515, 30.568478861979834 ] ], [ [ 78.83316703244347, 30.555867314790135 ], [ 78.84773958840016, 30.55610908758678 ], [ 78.847600354237557, 30.562414925001175 ], [ 78.833026857344706, 30.56217309173228 ], [ 78.83316703244347, 30.555867314790135 ] ], [ [ 78.862174026989024, 30.562655128835573 ], [ 78.87674787441199, 30.562893703165951 ], [ 78.876610478892474, 30.569199653631518 ], [ 78.862035690142108, 30.568961019635697 ], [ 78.862174026989024, 30.562655128835573 ] ], [ [ 78.848017924878746, 30.543497392701028 ], [ 78.840732565352894, 30.543376770285771 ], [ 78.840592948906703, 30.549682590893561 ], [ 78.826021421916337, 30.549440064277604 ], [ 78.825880820765207, 30.555745817528404 ], [ 78.811308530750466, 30.555501601322117 ], [ 78.811591569506007, 30.542890210266741 ], [ 78.833447249904424, 30.543255740825934 ], [ 78.83358729229046, 30.536949943805812 ], [ 78.826302491072994, 30.536828537687448 ], [ 78.82644295910238, 30.530522764350017 ], [ 78.855580549162156, 30.531005826300664 ], [ 78.85544196063249, 30.53731172052149 ], [ 78.848157027218434, 30.537191535231567 ], [ 78.848017924878746, 30.543497392701028 ] ], [ [ 78.855164652254146, 30.549923488924218 ], [ 78.862450569691035, 30.55004332719826 ], [ 78.862312320168087, 30.556349231356108 ], [ 78.855025932381892, 30.556229363104208 ], [ 78.855164652254146, 30.549923488924218 ] ], [ [ 78.841429986660103, 30.511847566947647 ], [ 78.84871299752227, 30.511968038532025 ], [ 78.848435100157673, 30.524579800244229 ], [ 78.819299565468441, 30.524095232221825 ], [ 78.819158672092058, 30.530400981781558 ], [ 78.804590231714144, 30.530156196209234 ], [ 78.804732064448558, 30.523850507897318 ], [ 78.812015792641333, 30.523973073411661 ], [ 78.812157111068402, 30.517667347724615 ], [ 78.81944041435861, 30.517789475965582 ], [ 78.81958121877453, 30.511483713013781 ], [ 78.834147019816058, 30.511726688827316 ], [ 78.834007154213651, 30.518032512604719 ], [ 78.841290590482288, 30.518153420985314 ], [ 78.841429986660103, 30.511847566947647 ] ], [ [ 78.776028462699287, 30.504439444873 ], [ 78.776171992578554, 30.498133853403584 ], [ 78.78345366373523, 30.498257921358661 ], [ 78.783596679403985, 30.491952292111272 ], [ 78.805440556624816, 30.492321965793302 ], [ 78.805157294005312, 30.504933402739944 ], [ 78.797875018689368, 30.50481052283639 ], [ 78.797448381038251, 30.523727535687634 ], [ 78.775597600983119, 30.523356178975686 ], [ 78.775741266913769, 30.517050607660014 ], [ 78.761175245754089, 30.516801065666268 ], [ 78.761319804942218, 30.510495550084205 ], [ 78.768602323462744, 30.510620493078434 ], [ 78.768746367848465, 30.504314939497451 ], [ 78.776028462699287, 30.504439444873 ] ], [ [ 78.812439614067586, 30.505055876253234 ], [ 78.812298384873159, 30.511361615338153 ], [ 78.805015595582105, 30.511239111161714 ], [ 78.805157294005312, 30.504933402739944 ], [ 78.812439614067586, 30.505055876253234 ] ], [ [ 78.812721938673491, 30.49244437799187 ], [ 78.8200033652965, 30.492566383994607 ], [ 78.819862694231517, 30.498872167027336 ], [ 78.812580798663703, 30.498750130470818 ], [ 78.812721938673491, 30.49244437799187 ] ], [ [ 78.856411161848982, 30.493170320763102 ], [ 78.856272835686511, 30.499476255039927 ], [ 78.848990719406657, 30.499356250102576 ], [ 78.849129514573292, 30.49305034587125 ], [ 78.856411161848982, 30.493170320763102 ] ], [ [ 78.841847911132248, 30.492929964739766 ], [ 78.841987131308642, 30.486624083975375 ], [ 78.849268265905252, 30.486744434963498 ], [ 78.849129514573292, 30.49305034587125 ], [ 78.841847911132248, 30.492929964739766 ] ], [ [ 78.791162885344292, 30.479464582308015 ], [ 78.798443240426764, 30.479587745165897 ], [ 78.798301252291637, 30.485893449638006 ], [ 78.791020428596198, 30.485770255929182 ], [ 78.791162885344292, 30.479464582308015 ] ], [ [ 78.82028457415916, 30.479954797854944 ], [ 78.827565107738806, 30.48007633676028 ], [ 78.827424994175644, 30.486382163619957 ], [ 78.820143991935055, 30.486260594270156 ], [ 78.82028457415916, 30.479954797854944 ] ] ], [ [ [ 78.868633078603381, 30.600610043629043 ], [ 78.86849495105092, 30.606915924239555 ], [ 78.875785194327904, 30.607035216264212 ], [ 78.875922850319526, 30.600729305849281 ], [ 78.868633078603381, 30.600610043629043 ] ] ], [ [ [ 78.868356779896729, 30.613221798167867 ], [ 78.86849495105092, 30.606915924239555 ], [ 78.84662448342489, 30.606555599614602 ], [ 78.845926111649675, 30.638084452121422 ], [ 78.83863368387307, 30.637963376641242 ], [ 78.838493404837806, 30.644269096816483 ], [ 78.853079249322448, 30.644510899563663 ], [ 78.853357873786223, 30.631899331782844 ], [ 78.860649917347388, 30.632019560064869 ], [ 78.860511099375728, 30.638325377329732 ], [ 78.867803659027444, 30.638445227040396 ], [ 78.867942004706208, 30.632139379850262 ], [ 78.875234135713853, 30.632258791130376 ], [ 78.875647494883253, 30.613341120000722 ], [ 78.868356779896729, 30.613221798167867 ] ], [ [ 78.868218565129069, 30.619527665413067 ], [ 78.868080306736147, 30.625833525974169 ], [ 78.860788691521378, 30.625713736110232 ], [ 78.860927421909523, 30.619407905466801 ], [ 78.868218565129069, 30.619527665413067 ] ], [ [ 78.853636322464013, 30.619287737227783 ], [ 78.85377548091283, 30.612981929912273 ], [ 78.861066108523673, 30.613102068135497 ], [ 78.860927421909523, 30.619407905466801 ], [ 78.853636322464013, 30.619287737227783 ] ] ], [ [ [ 78.859398977465858, 30.688771674503965 ], [ 78.852102678012358, 30.688651175839908 ], [ 78.85196299170633, 30.694956902792899 ], [ 78.859259764782195, 30.695077431518477 ], [ 78.859398977465858, 30.688771674503965 ] ] ], [ [ [ 78.85898120765431, 30.707688925448952 ], [ 78.851683486885975, 30.707568336588871 ], [ 78.851543668347773, 30.713874043429943 ], [ 78.858841863186328, 30.713994662363014 ], [ 78.85898120765431, 30.707688925448952 ] ] ], [ [ [ 78.829366734023097, 30.726120939646432 ], [ 78.829508063810749, 30.719815337072681 ], [ 78.822209572101769, 30.719693048450253 ], [ 78.82206776799319, 30.725998620534881 ], [ 78.829366734023097, 30.726120939646432 ] ] ], [ [ [ 78.873161461014547, 30.726846244174745 ], [ 78.873438384569752, 30.714234670751537 ], [ 78.858841863186328, 30.713994662363014 ], [ 78.858284045676314, 30.739217542989483 ], [ 78.865584182289183, 30.739337872021228 ], [ 78.865862229785506, 30.726726385147394 ], [ 78.873161461014547, 30.726846244174745 ] ] ], [ [ [ 78.829225359662018, 30.732426535500874 ], [ 78.836524844747757, 30.732548475011278 ], [ 78.836129351624578, 30.750237142040607 ], [ 78.843432534564698, 30.75025461801874 ], [ 78.84368390459872, 30.738975654240196 ], [ 78.850983953062993, 30.739096803726209 ], [ 78.851123948077884, 30.732791123714243 ], [ 78.843824374269531, 30.732670004418662 ], [ 78.843964799653762, 30.726364347884608 ], [ 78.851263898955679, 30.726485436993574 ], [ 78.851403805708316, 30.720179743565176 ], [ 78.836806600081104, 30.719937215805185 ], [ 78.83666574462643, 30.726242848765956 ], [ 78.829366734023097, 30.726120939646432 ], [ 78.829225359662018, 30.732426535500874 ] ] ], [ [ [ 78.850735746123661, 30.750271682599156 ], [ 78.858038986151413, 30.750288335778119 ], [ 78.858284045676314, 30.739217542989483 ], [ 78.850983953062993, 30.739096803726209 ], [ 78.850735746123661, 30.750271682599156 ] ] ], [ [ [ 78.755940610384997, 30.743795139070475 ], [ 78.75000149575861, 30.743692241142604 ], [ 78.75, 30.75 ], [ 78.755796271040126, 30.750017755127317 ], [ 78.755940610384997, 30.743795139070475 ] ] ], [ [ [ 78.938349547993681, 30.059201940768112 ], [ 78.93848025611598, 30.052895249420484 ], [ 78.923981088415147, 30.052667072134408 ], [ 78.923849462595228, 30.058973705829235 ], [ 78.938349547993681, 30.059201940768112 ] ] ], [ [ [ 78.901700387940934, 30.077547958306731 ], [ 78.901833516745157, 30.071241431614624 ], [ 78.894582744581243, 30.071125458631407 ], [ 78.894449156542265, 30.077431956032616 ], [ 78.901700387940934, 30.077547958306731 ] ] ], [ [ [ 78.923586085764569, 30.07158695348576 ], [ 78.909084331093936, 30.071357005090288 ], [ 78.908818949926754, 30.08397011026717 ], [ 78.916070724974645, 30.084085342409022 ], [ 78.916202977181044, 30.077778764021488 ], [ 78.923454334731659, 30.077893567445535 ], [ 78.923586085764569, 30.07158695348576 ] ] ], [ [ [ 78.98133856918696, 30.085104443038237 ], [ 78.966834315822609, 30.084880774618217 ], [ 78.96670523884525, 30.091187547271591 ], [ 78.981210411492384, 30.09141127216958 ], [ 78.98133856918696, 30.085104443038237 ] ] ], [ [ [ 79.009715566573774, 30.117081621198373 ], [ 79.009842045780374, 30.110774706487454 ], [ 79.002587897534184, 30.110664560256858 ], [ 79.002460958055423, 30.116971447169021 ], [ 79.009715566573774, 30.117081621198373 ] ] ], [ [ [ 78.965541703840941, 30.147948205799302 ], [ 78.965671149390573, 30.141641492227816 ], [ 78.958414942114771, 30.141528802699554 ], [ 78.958285035628961, 30.147835487849015 ], [ 78.965541703840941, 30.147948205799302 ] ] ], [ [ [ 78.979669347871749, 30.167092710274325 ], [ 78.979797993694405, 30.160785959851633 ], [ 78.972540321260738, 30.160673987043719 ], [ 78.972411214042339, 30.166980709235844 ], [ 78.979669347871749, 30.167092710274325 ] ] ], [ [ [ 78.979025507325446, 30.198626363891286 ], [ 78.979283165873994, 30.186012922147569 ], [ 79.015581369119829, 30.186567329520393 ], [ 79.015454870303145, 30.192874193383421 ], [ 79.022715093730397, 30.192983898163416 ], [ 79.022589017044155, 30.199290783116361 ], [ 79.029849742586947, 30.199400113872915 ], [ 79.029598394270977, 30.212013919221764 ], [ 79.044121814292623, 30.212231485283795 ], [ 79.044246583325631, 30.205924531091661 ], [ 79.03698531600314, 30.205815976347029 ], [ 79.037360772832216, 30.186895156550317 ], [ 79.044620653486987, 30.1870036292806 ], [ 79.044745264596628, 30.180696648935157 ], [ 79.037485845872084, 30.180588203536178 ], [ 79.037735873160358, 30.1679742778906 ], [ 79.030477417437467, 30.167865485968896 ], [ 79.030351961960918, 30.174172424635337 ], [ 79.015834246614858, 30.173953582143451 ], [ 79.016086963996599, 30.161339808571498 ], [ 78.98705570686495, 30.160897531648917 ], [ 78.986799297431091, 30.173511082191695 ], [ 78.965023511463684, 30.173174994382048 ], [ 78.964893860770076, 30.179481675097197 ], [ 78.95763488568825, 30.17936881498369 ], [ 78.957504732121052, 30.18567546068148 ], [ 78.950245336445846, 30.185562170734148 ], [ 78.950114679712911, 30.191868781305484 ], [ 78.942854863466323, 30.191755061326791 ], [ 78.942985982135355, 30.18544847940441 ], [ 78.935726669335679, 30.185334386700454 ], [ 78.935858208272876, 30.179027826938825 ], [ 78.928599398897944, 30.178913361716361 ], [ 78.928731357811145, 30.172606824210327 ], [ 78.92147305183876, 30.172491986676146 ], [ 78.921605430435903, 30.16618547152051 ], [ 78.928863274943609, 30.16630028011333 ], [ 78.929258775767877, 30.147380608285992 ], [ 78.936515278493388, 30.147494929324672 ], [ 78.936777815371215, 30.134881724187291 ], [ 78.944033438026466, 30.134995587019691 ], [ 78.944164183495786, 30.128688945860123 ], [ 78.915143785247636, 30.128231206693567 ], [ 78.914878567543212, 30.140844251465683 ], [ 78.900366777264864, 30.140612862560459 ], [ 78.900233183686822, 30.146919316698014 ], [ 78.892976891101, 30.146802991984206 ], [ 78.892842794221252, 30.153109410185614 ], [ 78.885586083130065, 30.152992655326258 ], [ 78.885451482656933, 30.159299037482253 ], [ 78.849166264044527, 30.158709102604895 ], [ 78.849029314795743, 30.165015329420864 ], [ 78.856286733580433, 30.165134148100545 ], [ 78.856150202308086, 30.171440398237781 ], [ 78.863408125684586, 30.171558845797332 ], [ 78.86354419559413, 30.165252565809542 ], [ 78.892574473020247, 30.165722226768782 ], [ 78.892708654864776, 30.159415821780787 ], [ 78.91448042583292, 30.15976376917089 ], [ 78.913948981462397, 30.184989700425543 ], [ 78.928467398192907, 30.185219892630474 ], [ 78.928335355684894, 30.191526416951728 ], [ 78.935595088741607, 30.191640939872794 ], [ 78.935463466479519, 30.197947486454915 ], [ 78.928203271362747, 30.197832934679152 ], [ 78.927938977231491, 30.210445950348749 ], [ 78.935200096906925, 30.21056055984468 ], [ 78.935331802538329, 30.204254026445874 ], [ 78.957114024063799, 30.204595358299574 ], [ 78.957244301319818, 30.198288732340369 ], [ 78.964504662276013, 30.198401677794255 ], [ 78.964634436187168, 30.192095016804245 ], [ 78.971894376122577, 30.192207532308018 ], [ 78.971765064326604, 30.198514221647265 ], [ 78.979025507325446, 30.198626363891286 ] ] ], [ [ [ 79.022336743886655, 30.211904533374199 ], [ 79.022462900433126, 30.205597661520279 ], [ 78.993418549688315, 30.205156210737545 ], [ 78.993290543273162, 30.211462971391178 ], [ 79.022336743886655, 30.211904533374199 ] ] ], [ [ [ 78.906022272615331, 30.216406122058498 ], [ 78.905621227004218, 30.235325314615121 ], [ 78.891095665280758, 30.235092245289259 ], [ 78.890960972695922, 30.241398570916477 ], [ 78.883697792680863, 30.241281403575112 ], [ 78.883562594297771, 30.247587693092154 ], [ 78.898089923300219, 30.247821684428718 ], [ 78.898224195346472, 30.24151533603176 ], [ 78.912750767968447, 30.24174765955053 ], [ 78.91288407143621, 30.235441246069684 ], [ 78.927409886708844, 30.235671902520313 ], [ 78.927674515709967, 30.223058939631667 ], [ 78.920412512760848, 30.222943870436801 ], [ 78.920545227084759, 30.216637408064351 ], [ 78.906022272615331, 30.216406122058498 ] ] ], [ [ [ 78.9786387134601, 30.217546477230385 ], [ 78.978767685568727, 30.211239779355466 ], [ 78.942461258283672, 30.210674767570243 ], [ 78.942329973460701, 30.216981323140349 ], [ 78.935068349574181, 30.216867086650428 ], [ 78.934672857256729, 30.235786627499742 ], [ 78.927409886708844, 30.235671902520313 ], [ 78.927145090138765, 30.248284839007084 ], [ 78.948936905883599, 30.248627980095289 ], [ 78.949067935395661, 30.242321428805749 ], [ 78.956331493859167, 30.242434975812003 ], [ 78.956592502413827, 30.229821796312773 ], [ 78.971117890904907, 30.230047569723666 ], [ 78.970858734592724, 30.242660862914082 ], [ 78.963595093640336, 30.242548120517498 ], [ 78.963464990666836, 30.248854728865663 ], [ 78.956200927610865, 30.248741555681448 ], [ 78.956070320033888, 30.255048128962898 ], [ 78.94154139124511, 30.25482051812865 ], [ 78.94127819756288, 30.267433530365942 ], [ 78.963074434609126, 30.267774514399601 ], [ 78.962944166840842, 30.274081096404252 ], [ 78.970210125687458, 30.274193980723847 ], [ 78.970080280711599, 30.280500584535499 ], [ 78.977346744667415, 30.280613094325883 ], [ 78.977605465626951, 30.267999823533476 ], [ 78.984871042592133, 30.268111874009421 ], [ 78.985128672515827, 30.25549852052837 ], [ 78.992393362886602, 30.255610112100879 ], [ 78.993290543273162, 30.211462971391178 ], [ 78.98602909408217, 30.211351576287001 ], [ 78.985900584549256, 30.217658302319474 ], [ 78.9786387134601, 30.217546477230385 ] ] ], [ [ [ 78.912350604342492, 30.260666860337288 ], [ 78.905085906830465, 30.260550812127363 ], [ 78.905219800410549, 30.254244447669649 ], [ 78.890691459608291, 30.254011202311084 ], [ 78.890556639082789, 30.260317508076582 ], [ 78.883292069140168, 30.260200252252567 ], [ 78.883156742342806, 30.266506521894001 ], [ 78.91221713202205, 30.266973247377802 ], [ 78.912350604342492, 30.260666860337288 ] ] ], [ [ [ 79.020946383087988, 30.281279691202819 ], [ 79.013679675669806, 30.281169599128372 ], [ 79.013552574824757, 30.287476364620208 ], [ 79.020819746484321, 30.287586484384423 ], [ 79.020946383087988, 30.281279691202819 ] ] ], [ [ [ 78.984742166472714, 30.274418540885385 ], [ 78.984484291864263, 30.287031854903482 ], [ 78.991751301759209, 30.287143586915636 ], [ 78.991622767593313, 30.293450262154366 ], [ 79.006157837942709, 30.293672572913763 ], [ 79.00654053318064, 30.274752359812446 ], [ 78.984742166472714, 30.274418540885385 ] ] ], [ [ [ 78.883021372717835, 30.272812784908322 ], [ 78.882885960253802, 30.279119041294575 ], [ 78.875620041915454, 30.27900129412993 ], [ 78.875348160216731, 30.291613727782927 ], [ 78.882615006762776, 30.291731534179025 ], [ 78.882208254947017, 30.310650223771269 ], [ 78.889476537812826, 30.310767715711165 ], [ 78.889611700015024, 30.304461462952219 ], [ 78.896879561001498, 30.304578522126384 ], [ 78.897148828328383, 30.291965937880807 ], [ 78.889881896182231, 30.291848937547805 ], [ 78.890151921442651, 30.279236385634388 ], [ 78.897417925335375, 30.279353327140932 ], [ 78.897552409997331, 30.273047011838013 ], [ 78.883021372717835, 30.272812784908322 ] ] ], [ [ [ 78.904415803054505, 30.292082535169591 ], [ 78.904147464590693, 30.30469517805377 ], [ 78.896879561001498, 30.304578522126384 ], [ 78.896744863439608, 30.310884804311435 ], [ 78.904013231680537, 30.311001489563616 ], [ 78.903878956303089, 30.317307794450702 ], [ 78.911147831821239, 30.317424105573554 ], [ 78.911549136573782, 30.298505083374451 ], [ 78.918816660400481, 30.298620903664521 ], [ 78.919349284643999, 30.273395331658087 ], [ 78.904817992529175, 30.27316352119637 ], [ 78.904549908630855, 30.285776203797152 ], [ 78.897283398116173, 30.285659635822178 ], [ 78.897148828328383, 30.291965937880807 ], [ 78.904415803054505, 30.292082535169591 ] ] ], [ [ [ 79.027708201555868, 30.306616624021661 ], [ 79.020439596184957, 30.306506824553157 ], [ 79.02031279921998, 30.312813591480918 ], [ 79.027581869430321, 30.312923418551712 ], [ 79.027708201555868, 30.306616624021661 ] ] ], [ [ [ 78.983838891011544, 30.318565024791074 ], [ 78.969300347570794, 30.318340069074502 ], [ 78.969040040722518, 30.330953177867499 ], [ 78.983580444708508, 30.33117824666342 ], [ 78.983709688296813, 30.324871639019797 ], [ 79.005519204830662, 30.325206130004769 ], [ 79.00539135695368, 30.331512821702926 ], [ 79.012661742118297, 30.331623539176036 ], [ 79.013171030920446, 30.306396621698784 ], [ 78.991365577234149, 30.306063592900102 ], [ 78.991494192755241, 30.299756930816152 ], [ 78.984226254023682, 30.299645142603573 ], [ 78.983838891011544, 30.318565024791074 ] ] ], [ [ [ 78.917882944724312, 30.342765400016994 ], [ 78.918149931612675, 30.330152719860202 ], [ 78.925419821753252, 30.330268282102232 ], [ 78.925286814691788, 30.336574654525673 ], [ 78.932557212177457, 30.336689842016181 ], [ 78.932424628475871, 30.342996236761678 ], [ 78.939695533329086, 30.343111049293242 ], [ 78.939827651587848, 30.336804625711437 ], [ 78.961639219897108, 30.33714655394305 ], [ 78.961900539625006, 30.324533515186243 ], [ 78.940091762783453, 30.324191758723618 ], [ 78.939959728068914, 30.330498195521248 ], [ 78.932689753954321, 30.330383440658679 ], [ 78.933219502038853, 30.305157769127696 ], [ 78.940487616439654, 30.305272408695558 ], [ 78.940355706957661, 30.311578865309833 ], [ 78.954892990227634, 30.311806991879426 ], [ 78.954761968756031, 30.318113499228847 ], [ 78.962031137511687, 30.318226985913732 ], [ 78.962161694094959, 30.31192045004644 ], [ 78.969430439254666, 30.312033504790662 ], [ 78.969560489793039, 30.305726933916517 ], [ 78.976828811334727, 30.305839556918148 ], [ 78.976958356121969, 30.299532951146485 ], [ 78.969690499196929, 30.299420356452977 ], [ 78.969820467477334, 30.293113772401018 ], [ 78.97708785993251, 30.293226338789943 ], [ 78.977217322777364, 30.286919719849426 ], [ 78.962683507614599, 30.286694240647943 ], [ 78.962813857846342, 30.280387671820698 ], [ 78.955547476218285, 30.28027435618959 ], [ 78.955678249220426, 30.273967809269656 ], [ 78.93388074518289, 30.273625531057483 ], [ 78.934012868328679, 30.267319063632037 ], [ 78.926747580896091, 30.267204194217182 ], [ 78.926349694119651, 30.286123489980426 ], [ 78.933616373441822, 30.286238446099812 ], [ 78.933484124824204, 30.292544893714805 ], [ 78.926216981245474, 30.292429908686689 ], [ 78.925951429506725, 30.305042726271271 ], [ 78.918683398990126, 30.304927280134589 ], [ 78.918550095417444, 30.311233649990122 ], [ 78.925818590619727, 30.311349125147689 ], [ 78.925685709705974, 30.317655517412298 ], [ 78.918416749671167, 30.317540013230207 ], [ 78.918283361739995, 30.323846369853882 ], [ 78.911013978921929, 30.323730433067748 ], [ 78.910880083679544, 30.330036753940945 ], [ 78.896340515023539, 30.3298036111042 ], [ 78.895935782772241, 30.348722358233449 ], [ 78.881393592494533, 30.348487423817346 ], [ 78.881257665067565, 30.354793600592235 ], [ 78.895800786671799, 30.355028594013511 ], [ 78.895530666377368, 30.367641045673487 ], [ 78.90280322309637, 30.367757995014127 ], [ 78.902937838621625, 30.361451743143295 ], [ 78.917482147638054, 30.361684370598351 ], [ 78.917615788915711, 30.355378053692998 ], [ 78.903072411588539, 30.355145484642104 ], [ 78.903475875253307, 30.336226669365921 ], [ 78.910746146082701, 30.336343068192189 ], [ 78.910612166120103, 30.342649375820525 ], [ 78.917882944724312, 30.342765400016994 ] ] ], [ [ [ 78.90374463844698, 30.323614092714077 ], [ 78.903878956303089, 30.317307794450702 ], [ 78.896610123263599, 30.317191079870042 ], [ 78.896744863439608, 30.310884804311435 ], [ 78.889476537812826, 30.310767715711165 ], [ 78.889341332849639, 30.317073961839995 ], [ 78.874803880485857, 30.31683851546557 ], [ 78.87466770291654, 30.323144695792454 ], [ 78.90374463844698, 30.323614092714077 ] ] ], [ [ [ 78.88880008515828, 30.342298880035223 ], [ 78.889070794594588, 30.329686434203552 ], [ 78.881801116960943, 30.3295688536593 ], [ 78.881529476944749, 30.342181240402912 ], [ 78.88880008515828, 30.342298880035223 ] ] ], [ [ [ 78.925153765558591, 30.34288102033349 ], [ 78.917882944724312, 30.342765400016994 ], [ 78.917615788915711, 30.355378053692998 ], [ 78.924887541031879, 30.355493732098523 ], [ 78.92475436561584, 30.36180007805384 ], [ 78.939298927774715, 30.362030280378985 ], [ 78.939431171433725, 30.355723876627959 ], [ 78.953974969080633, 30.355952404726608 ], [ 78.95410623942081, 30.349645936981542 ], [ 78.968649271583601, 30.349872791606217 ], [ 78.968779569160134, 30.343566260287989 ], [ 78.946966479971209, 30.343225457919903 ], [ 78.946834785524644, 30.349531903630918 ], [ 78.925020674342363, 30.349187379524764 ], [ 78.925153765558591, 30.34288102033349 ] ] ], [ [ [ 79.03422104567143, 30.344566853880554 ], [ 79.034094939296452, 30.35087363654435 ], [ 79.026823036928235, 30.350764047890699 ], [ 79.02720263318966, 30.331843762764205 ], [ 79.019932167579299, 30.331733852865781 ], [ 79.019551174594469, 30.350654055133539 ], [ 79.012279352442306, 30.350543658280827 ], [ 79.012534319203738, 30.33793025211758 ], [ 79.005263468633288, 30.337819506825554 ], [ 79.00539135695368, 30.331512821702926 ], [ 78.983580444708508, 30.33117824666342 ], [ 78.983451160235703, 30.33748484772099 ], [ 78.976180472364661, 30.337372486970139 ], [ 78.975790976560376, 30.356292165922639 ], [ 78.997607353719431, 30.356628289780325 ], [ 78.99722168321621, 30.375548162659239 ], [ 79.011768934887797, 30.375770391701998 ], [ 79.011641229596179, 30.382077058613284 ], [ 79.018915382510656, 30.382187594140433 ], [ 79.01942409658399, 30.356960776081312 ], [ 79.055786136576131, 30.357506835871302 ], [ 79.055910885136029, 30.351199977805411 ], [ 79.041366881551937, 30.350982821086614 ], [ 79.041492522183944, 30.344676011002626 ], [ 79.03422104567143, 30.344566853880554 ] ], [ [ 78.997864264200359, 30.344015008279136 ], [ 79.005135539858642, 30.344126185371728 ], [ 79.004879560903262, 30.356739522731001 ], [ 78.997607353719431, 30.356628289780325 ], [ 78.997864264200359, 30.344015008279136 ] ] ], [ [ [ 78.9899481183067, 30.375436441417822 ], [ 78.990077182060332, 30.369129851751904 ], [ 78.982804124220934, 30.369017754185453 ], [ 78.982674594211105, 30.37532431570714 ], [ 78.9899481183067, 30.375436441417822 ] ] ], [ [ [ 78.909807396027873, 30.38048708245671 ], [ 78.909941630423447, 30.374180814585639 ], [ 78.8953955421605, 30.373947261551461 ], [ 78.895260375215244, 30.380253470793516 ], [ 78.909807396027873, 30.38048708245671 ] ] ], [ [ [ 78.981896553582104, 30.413163546360433 ], [ 78.982026329524047, 30.406857024408193 ], [ 78.960199003450626, 30.406517795174413 ], [ 78.960067826153193, 30.412824232021165 ], [ 78.981896553582104, 30.413163546360433 ] ] ], [ [ [ 79.018660784104284, 30.394800963717799 ], [ 79.018533424520925, 30.401107638640212 ], [ 79.011257871381119, 30.400997019866633 ], [ 79.011385697853683, 30.394690372696513 ], [ 79.004110652007569, 30.394579376877367 ], [ 79.003854024742935, 30.407192608924216 ], [ 78.996578085566284, 30.407081152401037 ], [ 78.996191438409525, 30.426000867171414 ], [ 79.003468779516183, 30.426112407592182 ], [ 79.003340283242437, 30.432418993970529 ], [ 79.017896022370238, 30.432640914552362 ], [ 79.018023583400918, 30.426334272533008 ], [ 79.032578548529997, 30.426554516219429 ], [ 79.032705134258521, 30.420247812389853 ], [ 79.039982209408933, 30.420357298781258 ], [ 79.040360324957476, 30.401437065484835 ], [ 79.025809017928552, 30.401217852506406 ], [ 79.025935910611935, 30.394911149933225 ], [ 79.018660784104284, 30.394800963717799 ] ] ], [ [ [ 78.988655234197864, 30.438501975525647 ], [ 78.98878470658363, 30.432195451792094 ], [ 78.996062474530575, 30.432307425576859 ], [ 78.996191438409525, 30.426000867171414 ], [ 78.988914138056842, 30.425888921461134 ], [ 78.989043528628457, 30.419582384533676 ], [ 78.981766736613011, 30.419470061714478 ], [ 78.981377039432559, 30.438389568178302 ], [ 78.988655234197864, 30.438501975525647 ] ] ], [ [ [ 79.003083168832291, 30.445032146955132 ], [ 79.00321174635144, 30.438725573758475 ], [ 78.995933469886722, 30.4386139773884 ], [ 78.995804424467011, 30.444920522605123 ], [ 79.003083168832291, 30.445032146955132 ] ] ], [ [ [ 78.988396166644677, 30.451115003196747 ], [ 78.988525720888532, 30.444808492660826 ], [ 78.98124705824462, 30.444696057130354 ], [ 78.981117035974407, 30.451002539479592 ], [ 78.988396166644677, 30.451115003196747 ] ] ], [ [ [ 78.973184876132024, 30.482421841259136 ], [ 78.96590348555776, 30.482308424187693 ], [ 78.9657722787681, 30.488614810179431 ], [ 78.973054138233749, 30.488728255662235 ], [ 78.973184876132024, 30.482421841259136 ] ] ], [ [ [ 78.884992127539419, 30.518870331574156 ], [ 78.877708429312719, 30.518751863149625 ], [ 78.877571337145454, 30.52505786029791 ], [ 78.884855505015381, 30.525176358376218 ], [ 78.884992127539419, 30.518870331574156 ] ] ], [ [ [ 78.913183249365758, 30.56348300945972 ], [ 78.913318248733859, 30.557176904959196 ], [ 78.898744910973363, 30.556942463329843 ], [ 78.898608970458383, 30.563248509190533 ], [ 78.913183249365758, 30.56348300945972 ] ] ], [ [ [ 78.905625020285058, 30.575978093530317 ], [ 78.905760575798681, 30.569672031613493 ], [ 78.898472987017584, 30.569554548390638 ], [ 78.898608970458383, 30.563248509190533 ], [ 78.891321895319209, 30.563130647923249 ], [ 78.891048943942707, 30.57574266070548 ], [ 78.905625020285058, 30.575978093530317 ] ] ], [ [ [ 78.920201267829256, 30.576211895830699 ], [ 78.92047045283708, 30.563599648444658 ], [ 78.913183249365758, 30.56348300945972 ], [ 78.912913122731183, 30.576095198500319 ], [ 78.920201267829256, 30.576211895830699 ] ] ], [ [ [ 78.905625020285058, 30.575978093530317 ], [ 78.905489421970984, 30.582284148788421 ], [ 78.912777995441729, 30.582401283038511 ], [ 78.912913122731183, 30.576095198500319 ], [ 78.905625020285058, 30.575978093530317 ] ] ], [ [ [ 78.941799429328029, 30.589171936538776 ], [ 78.941932714473566, 30.582865742539997 ], [ 78.927355270224993, 30.5826343283059 ], [ 78.927221042652903, 30.588940464450136 ], [ 78.941799429328029, 30.589171936538776 ] ] ], [ [ [ 79.021983532917957, 30.590415868050314 ], [ 79.02211163391469, 30.584109363136484 ], [ 79.014822436093183, 30.583998345882154 ], [ 79.014693863754857, 30.59030482304048 ], [ 79.021983532917957, 30.590415868050314 ] ] ], [ [ [ 78.927086772703078, 30.595246593944815 ], [ 78.927221042652903, 30.588940464450136 ], [ 78.919931912807684, 30.588824116611317 ], [ 78.91979717151311, 30.595130217022234 ], [ 78.927086772703078, 30.595246593944815 ] ] ], [ [ [ 78.985405095746586, 30.596162921988682 ], [ 78.978115159605551, 30.59604980899627 ], [ 78.977984148038317, 30.602356132599233 ], [ 78.985274555763155, 30.602469273863822 ], [ 78.985405095746586, 30.596162921988682 ] ] ], [ [ [ 78.897383572772029, 30.620002622097534 ], [ 78.91196633536957, 30.620237650459124 ], [ 78.912101718812451, 30.613931605870917 ], [ 78.904810787989533, 30.613814325164654 ], [ 78.905218096895283, 30.594896239324552 ], [ 78.912507612860963, 30.59501343214599 ], [ 78.912642825488831, 30.588707360920715 ], [ 78.905353780844919, 30.58859019738679 ], [ 78.905489421970984, 30.582284148788421 ], [ 78.898200891312257, 30.582166606805327 ], [ 78.897383572772029, 30.620002622097534 ] ] ], [ [ [ 78.88293825333453, 30.613460033625437 ], [ 78.883075481057915, 30.607154100182623 ], [ 78.875785194327904, 30.607035216264212 ], [ 78.875647494883253, 30.613341120000722 ], [ 78.88293825333453, 30.613460033625437 ] ] ], [ [ [ 78.998427227365099, 30.672064384432232 ], [ 78.998687281219759, 30.659451707218164 ], [ 78.991392540069967, 30.659339129447414 ], [ 78.991131539875894, 30.671951750450056 ], [ 78.998427227365099, 30.672064384432232 ] ] ], [ [ [ 78.931556870657346, 30.727790354062744 ], [ 78.931691558703207, 30.721484335365009 ], [ 78.924392456730871, 30.72136778599485 ], [ 78.92425729419881, 30.727673775633392 ], [ 78.931556870657346, 30.727790354062744 ] ] ], [ [ [ 78.946022369647082, 30.734328350424317 ], [ 78.94628988990695, 30.721716204064016 ], [ 78.938990703145038, 30.721600474724198 ], [ 78.938722233717286, 30.734212563371077 ], [ 78.946022369647082, 30.734328350424317 ] ] ], [ [ [ 78.880322683187487, 30.733271499603106 ], [ 78.880460735920394, 30.726965693157474 ], [ 78.873161461014547, 30.726846244174745 ], [ 78.873022933727626, 30.733152020842365 ], [ 78.880322683187487, 30.733271499603106 ] ] ], [ [ [ 78.938453594917505, 30.74682462536353 ], [ 78.938722233717286, 30.734212563371077 ], [ 78.931422140130479, 30.734096366094118 ], [ 78.931152551587601, 30.746708370154082 ], [ 78.938453594917505, 30.74682462536353 ] ] ], [ [ [ 78.916822080584041, 30.733862740902797 ], [ 78.924122089036231, 30.733979758601876 ], [ 78.92425729419881, 30.727673775633392 ], [ 78.902358821204274, 30.727321579751351 ], [ 78.901948804919869, 30.746239245204269 ], [ 78.894647975663929, 30.746120937981381 ], [ 78.894555608069822, 30.75036543052272 ], [ 78.91646591324205, 30.750406750319925 ], [ 78.916822080584041, 30.733862740902797 ] ] ], [ [ [ 78.880046447092411, 30.745883092413084 ], [ 78.887347189671587, 30.746002220381449 ], [ 78.887622476186507, 30.733390568208407 ], [ 78.880322683187487, 30.733271499603106 ], [ 78.880184586915419, 30.739577299355297 ], [ 78.87288436275206, 30.739457790812732 ], [ 78.872645551013051, 30.75032040791692 ], [ 78.879948875546802, 30.750335826869453 ], [ 78.880046447092411, 30.745883092413084 ] ] ], [ [ [ 78.931152551587601, 30.746708370154082 ], [ 78.923851550773279, 30.746591704524938 ], [ 78.923769402735857, 30.750419700722968 ], [ 78.931072919197746, 30.750432239688894 ], [ 78.931152551587601, 30.746708370154082 ] ] ], [ [ [ 79.112123669584207, 30.074430829390355 ], [ 79.112243437897405, 30.06812349064629 ], [ 79.097740521821862, 30.067914375752213 ], [ 79.097619834721911, 30.074221661670762 ], [ 79.112123669584207, 30.074430829390355 ] ] ], [ [ [ 79.097257543832214, 30.093143480441427 ], [ 79.097378345737255, 30.08683621401628 ], [ 79.090125566427815, 30.086730977431845 ], [ 79.090004304708003, 30.093038217283009 ], [ 79.097257543832214, 30.093143480441427 ] ] ], [ [ [ 78.99520638976108, 30.116860872812005 ], [ 78.995333789501302, 30.110554013799547 ], [ 79.002587897534184, 30.110664560256858 ], [ 79.003095253422998, 30.085436947154871 ], [ 79.01034756203687, 30.08554698222493 ], [ 79.009968484919341, 30.10446778523373 ], [ 79.03172978903784, 30.104795739705885 ], [ 79.03185480811355, 30.09848872914025 ], [ 79.039108195564182, 30.098597219605377 ], [ 79.039481635980053, 30.079676066584071 ], [ 79.046733683667114, 30.079784075143724 ], [ 79.047229215282272, 30.054555670702392 ], [ 79.068980082434251, 30.054876972932924 ], [ 79.068857635532353, 30.061184165007145 ], [ 79.061606848432334, 30.061077436681249 ], [ 79.061483903519189, 30.067384595282899 ], [ 79.054232696202718, 30.067277440409807 ], [ 79.05386224915334, 30.086198795920232 ], [ 79.046609702571899, 30.086091159953611 ], [ 79.046361622478756, 30.098705310006327 ], [ 79.06086859411721, 30.09892029058469 ], [ 79.060991734010287, 30.092613164554965 ], [ 79.068244818523652, 30.092720027735865 ], [ 79.068735149810934, 30.067491350573125 ], [ 79.083237758738491, 30.067703662374285 ], [ 79.083480854824018, 30.055089177488693 ], [ 79.105232301933952, 30.055404488772911 ], [ 79.105323777312222, 30.050601165193161 ], [ 78.989292723560979, 30.050510503526137 ], [ 78.989228640328292, 30.053681293235815 ], [ 78.960229317991363, 30.053234520981722 ], [ 78.960099986497852, 30.05954129805248 ], [ 78.967350214859678, 30.059653618414995 ], [ 78.967221301409538, 30.065960417302367 ], [ 78.981722798671214, 30.066183916330434 ], [ 78.981594762765596, 30.072490765117724 ], [ 78.988846031552484, 30.072601943468182 ], [ 78.989101144491912, 30.059988183192587 ], [ 78.996351535400436, 30.060098905988426 ], [ 78.996478572295615, 30.053791988062223 ], [ 79.025478701337974, 30.054230774180613 ], [ 79.025228259598236, 30.066844825243269 ], [ 79.017977249339552, 30.06673567257198 ], [ 79.017851509646889, 30.073042660736743 ], [ 79.010600079972107, 30.072933080855478 ], [ 79.010473841011716, 30.079240034809278 ], [ 78.995970183032284, 30.079019620510042 ], [ 78.995842984979731, 30.085326512261769 ], [ 78.988590756852531, 30.08521567755356 ], [ 78.988463058815526, 30.091522534772565 ], [ 78.981210411492384, 30.09141127216958 ], [ 78.981082213179903, 30.097718094747059 ], [ 78.973829146682306, 30.097606404052009 ], [ 78.973700447803239, 30.103913191879155 ], [ 78.951940113789718, 30.103575634676936 ], [ 78.95167983285792, 30.116189020236664 ], [ 78.958934156748711, 30.116301996391545 ], [ 78.958804414764771, 30.122608707823186 ], [ 78.973314106412175, 30.122833516001272 ], [ 78.973056341414718, 30.135447032607168 ], [ 78.980312169724641, 30.135558892527893 ], [ 78.980183686784457, 30.141865669201888 ], [ 78.987440016610876, 30.141977156631569 ], [ 78.987568038728085, 30.135670351842023 ], [ 78.994823948279262, 30.135781410541536 ], [ 78.994951469160796, 30.129474571183941 ], [ 79.002206958415215, 30.129585201350743 ], [ 79.002333978352667, 30.12327832753396 ], [ 78.987823961330079, 30.123056722592953 ], [ 78.987951861836422, 30.116749898135289 ], [ 78.99520638976108, 30.116860872812005 ] ] ], [ [ [ 79.133287192820745, 30.106278571824753 ], [ 79.12603284354185, 30.106175256716316 ], [ 79.125913767848488, 30.112482608965504 ], [ 79.133168577429629, 30.112585950152933 ], [ 79.133287192820745, 30.106278571824753 ] ] ], [ [ [ 79.082751104018115, 30.092932554107538 ], [ 79.075497941908125, 30.092826490922612 ], [ 79.075375721863963, 30.099133670813451 ], [ 79.068122138549853, 30.099027180746621 ], [ 79.06799941969463, 30.105334327243551 ], [ 79.053491449736939, 30.105120092762597 ], [ 79.053367771579133, 30.11142717866835 ], [ 79.060622197239468, 30.111534523091677 ], [ 79.060498940234055, 30.117841629567089 ], [ 79.07500882927539, 30.118055171419304 ], [ 79.074886454226203, 30.124362325262609 ], [ 79.096652959772996, 30.124679715053976 ], [ 79.09677395322332, 30.118372481136294 ], [ 79.089518873383568, 30.118267111648983 ], [ 79.089640288901904, 30.111959897815144 ], [ 79.096894908344211, 30.112065240715282 ], [ 79.097015825145874, 30.105757993791848 ], [ 79.08976166595528, 30.105652677475582 ], [ 79.089883004553911, 30.099345450631226 ], [ 79.082629343913837, 30.099239760777532 ], [ 79.082751104018115, 30.092932554107538 ] ] ], [ [ [ 79.045989207425507, 30.117626486153785 ], [ 79.046237523459908, 30.105012375247306 ], [ 79.038983636511674, 30.104904257559149 ], [ 79.038734399972881, 30.117518313881064 ], [ 79.045989207425507, 30.117626486153785 ] ] ], [ [ [ 79.031479632015674, 30.117409741241339 ], [ 79.031604730342053, 30.111102743739892 ], [ 79.024350462329977, 30.110993798236855 ], [ 79.024224903699604, 30.117300768242419 ], [ 79.031479632015674, 30.117409741241339 ] ] ], [ [ [ 79.103546710601279, 30.143706452814232 ], [ 79.103787967404827, 30.131091964508464 ], [ 79.096531927983065, 30.130986942467402 ], [ 79.096289749343512, 30.14360137777777 ], [ 79.089032826455977, 30.143495901908775 ], [ 79.08915439593649, 30.137188714107008 ], [ 79.0818979725356, 30.13708286411449 ], [ 79.081653872971543, 30.149697179801539 ], [ 79.074396566156111, 30.14959087548452 ], [ 79.074519096375269, 30.143283747703592 ], [ 79.067262289473931, 30.143177069382673 ], [ 79.067385241834984, 30.136869961988214 ], [ 79.060128934827034, 30.136762909869798 ], [ 79.060375644170421, 30.124148729522528 ], [ 79.053120297672535, 30.124041330911744 ], [ 79.053244054227804, 30.117734258051716 ], [ 79.045989207425507, 30.117626486153785 ], [ 79.045492103076739, 30.14285462963888 ], [ 79.038235452866303, 30.142746348156379 ], [ 79.038360248922842, 30.136439349385945 ], [ 79.031104099147512, 30.136330694541016 ], [ 79.031354494048159, 30.123716732209299 ], [ 79.024099305282363, 30.123607731711072 ], [ 79.024224903699604, 30.117300768242419 ], [ 79.016970215170403, 30.117191394892146 ], [ 79.016718057514453, 30.129805260087632 ], [ 79.009462487915016, 30.129695430987951 ], [ 79.009335888441569, 30.136002326064748 ], [ 79.002079898232367, 30.135892068618432 ], [ 79.001825657087664, 30.148505783502777 ], [ 78.994568785299691, 30.148395069595299 ], [ 78.99444114318014, 30.154701889289587 ], [ 79.023470716022757, 30.155142450968082 ], [ 79.023344878662002, 30.161449375195698 ], [ 79.030602833188425, 30.16155854076149 ], [ 79.030728209224321, 30.155251589014078 ], [ 79.037985742130346, 30.155360326094861 ], [ 79.037860827429867, 30.161667305261041 ], [ 79.045118861240354, 30.161775668686477 ], [ 79.04499436846281, 30.168082668637165 ], [ 79.088546163269925, 30.168724588003272 ], [ 79.08866788687655, 30.162417426248368 ], [ 79.095926193581946, 30.162522981938331 ], [ 79.095804931539959, 30.168830170306837 ], [ 79.103063738221095, 30.168935351373623 ], [ 79.103305300900502, 30.156320915105081 ], [ 79.110563222822606, 30.156425642107909 ], [ 79.110803710083346, 30.143811127010597 ], [ 79.103546710601279, 30.143706452814232 ] ] ], [ [ [ 79.132337216596753, 30.156737416787937 ], [ 79.125079180816755, 30.15663389295684 ], [ 79.124959802951892, 30.162941193265592 ], [ 79.132218300201231, 30.16304474320162 ], [ 79.132337216596753, 30.156737416787937 ] ] ], [ [ [ 79.153994017388754, 30.163352985940346 ], [ 79.139476835121201, 30.163147891964361 ], [ 79.139358342680467, 30.16945523789169 ], [ 79.124840387270353, 30.169248487077677 ], [ 79.124720933762035, 30.175555774392173 ], [ 79.131980354388247, 30.175659376547781 ], [ 79.131861324950719, 30.181966683478429 ], [ 79.139121245185294, 30.182069910272109 ], [ 79.139239812705156, 30.175762577327909 ], [ 79.146499308566632, 30.175865376725142 ], [ 79.146617376760403, 30.169558011379713 ], [ 79.168394702746497, 30.16986392407912 ], [ 79.16862795748527, 30.157249019712467 ], [ 79.161369734862546, 30.157147501316299 ], [ 79.161486768204412, 30.150840065014101 ], [ 79.154229044021321, 30.150738171213597 ], [ 79.153994017388754, 30.163352985940346 ] ] ], [ [ [ 79.066646943152989, 30.174712508531609 ], [ 79.059387868318694, 30.174605294335944 ], [ 79.059264220263245, 30.18091233556995 ], [ 79.066523756913057, 30.181019576790248 ], [ 79.066646943152989, 30.174712508531609 ] ] ], [ [ [ 79.081165209692799, 30.174925732993387 ], [ 79.073906056993081, 30.174819321419989 ], [ 79.073783332579012, 30.181126416602154 ], [ 79.066523756913057, 30.181019576790248 ], [ 79.066400531656953, 30.187326638523004 ], [ 79.080920645813293, 30.187539970483407 ], [ 79.081165209692799, 30.174925732993387 ] ] ], [ [ [ 79.059016806655052, 30.193526398449308 ], [ 79.059140533045507, 30.187219370274711 ], [ 79.051880573606795, 30.187111700524657 ], [ 79.051756385118978, 30.193418701566781 ], [ 79.059016806655052, 30.193526398449308 ] ] ], [ [ [ 79.058769236314191, 30.206140435204293 ], [ 79.058893041081419, 30.199833420092801 ], [ 79.051632157301782, 30.19972569607441 ], [ 79.051507890144734, 30.206032684046669 ], [ 79.058769236314191, 30.206140435204293 ] ] ], [ [ [ 79.116741261417644, 30.213295200911126 ], [ 79.116861404727061, 30.206987978833524 ], [ 79.109599749021498, 30.206883442332114 ], [ 79.109479143093424, 30.213190638076433 ], [ 79.116741261417644, 30.213295200911126 ] ] ], [ [ [ 79.159962439968453, 30.232836231269104 ], [ 79.160079918880598, 30.226528872782826 ], [ 79.152816648692379, 30.226426670402557 ], [ 79.152698706662051, 30.232734003153041 ], [ 79.159962439968453, 30.232836231269104 ] ] ], [ [ [ 79.138052446349377, 30.238835614478361 ], [ 79.138646599460131, 30.207299177110418 ], [ 79.124123098466256, 30.207092113468704 ], [ 79.123883699207582, 30.219706603584147 ], [ 79.131146356258199, 30.219810388610739 ], [ 79.130668955375441, 30.245039395344758 ], [ 79.137933502833008, 30.245142882452182 ], [ 79.137814521661781, 30.251450143923943 ], [ 79.145079570312035, 30.251553254483408 ], [ 79.144961015160362, 30.257860535403431 ], [ 79.16675777674773, 30.258167528670317 ], [ 79.166874940786059, 30.25186017050433 ], [ 79.159609780020801, 30.251758267780982 ], [ 79.159844923861058, 30.239143583264827 ], [ 79.15258072728993, 30.239041329409737 ], [ 79.152462710566112, 30.245348649171774 ], [ 79.145198087945417, 30.245245967063671 ], [ 79.145316568070527, 30.238938673145114 ], [ 79.138052446349377, 30.238835614478361 ] ] ], [ [ [ 79.043622342983696, 30.237459236636656 ], [ 79.050885963894387, 30.237567525844501 ], [ 79.051010427908139, 30.231260570563151 ], [ 79.065536861537922, 30.231475887850074 ], [ 79.065413323777889, 30.237782897342537 ], [ 79.072677062457728, 30.23788997961719 ], [ 79.072553948876816, 30.244197009532563 ], [ 79.079818189819477, 30.244303716336567 ], [ 79.080063451565536, 30.231689596266598 ], [ 79.087326804862414, 30.231795847129181 ], [ 79.087448914503611, 30.225488750555932 ], [ 79.09471184343343, 30.225594572531087 ], [ 79.09507655229649, 30.206673163760779 ], [ 79.087815011569674, 30.206567421706001 ], [ 79.087693017846917, 30.212874537843412 ], [ 79.058645392342896, 30.212447443782832 ], [ 79.058521509157089, 30.218754445827518 ], [ 79.043997005752473, 30.218538432935308 ], [ 79.043872157694636, 30.224845374045241 ], [ 79.022084310944848, 30.224518257428414 ], [ 79.02221054739411, 30.218211398677226 ], [ 79.014948474326346, 30.218101583310652 ], [ 79.014568256298872, 30.237022056928865 ], [ 79.000041453181709, 30.236801053459505 ], [ 78.999913707185058, 30.243107809249178 ], [ 79.007177551796488, 30.243218539979889 ], [ 79.006922865302613, 30.255832087606873 ], [ 78.999658093864369, 30.255721301129721 ], [ 78.99940231870184, 30.268334766738967 ], [ 79.006668017553139, 30.268445608976496 ], [ 79.006795461590201, 30.262138851574317 ], [ 79.021326052560539, 30.262359272294809 ], [ 79.021705361749994, 30.243438794361644 ], [ 79.0289693267991, 30.243548317996822 ], [ 79.028843393788549, 30.249855178099175 ], [ 79.036107862073479, 30.24996432681997 ], [ 79.035982352728851, 30.256271207839326 ], [ 79.04324732427088, 30.256379981438815 ], [ 79.043122238885331, 30.262686883279834 ], [ 79.050387713705589, 30.262795281551124 ], [ 79.050263052572319, 30.269102204118465 ], [ 79.057529030691967, 30.269210226854614 ], [ 79.057404794104272, 30.275517170052861 ], [ 79.071937796156959, 30.275732061114677 ], [ 79.072061104711025, 30.269425063867278 ], [ 79.064795048120416, 30.269317846773472 ], [ 79.064918781534388, 30.263010869961214 ], [ 79.057653227970818, 30.262903277114177 ], [ 79.057901504644065, 30.250289358010448 ], [ 79.050636917647793, 30.250181416783427 ], [ 79.050761460477787, 30.24387447458491 ], [ 79.043497376309489, 30.243766158116316 ], [ 79.043622342983696, 30.237459236636656 ] ] ], [ [ [ 79.130310507833755, 30.263961082092827 ], [ 79.123044607184653, 30.263857114035662 ], [ 79.122924585063188, 30.270164303776546 ], [ 79.13019094966991, 30.270268297994015 ], [ 79.130310507833755, 30.263961082092827 ] ] ], [ [ [ 79.108270981673826, 30.276262237288542 ], [ 79.108391969962057, 30.26995510669088 ], [ 79.115658258444995, 30.270059906672991 ], [ 79.115899192457846, 30.257445573199789 ], [ 79.108633831702832, 30.257340825940116 ], [ 79.108512919968334, 30.263647969574418 ], [ 79.101247133694429, 30.263542793185451 ], [ 79.101004267399091, 30.276157007967939 ], [ 79.108270981673826, 30.276262237288542 ] ] ], [ [ [ 79.028339263004455, 30.275082552968819 ], [ 79.028465355533058, 30.268775719084239 ], [ 79.02119953611539, 30.268666085157072 ], [ 79.021072979628116, 30.274972891460049 ], [ 79.028339263004455, 30.275082552968819 ] ] ], [ [ [ 79.078958550104474, 30.288452930888475 ], [ 79.079081472394762, 30.282145919835365 ], [ 79.064547463795606, 30.281931780780674 ], [ 79.064423612863834, 30.288238737973749 ], [ 79.078958550104474, 30.288452930888475 ] ] ], [ [ [ 79.027960745939097, 30.294003015278246 ], [ 79.02808695821814, 30.287696201066741 ], [ 79.020819746484321, 30.287586484384423 ], [ 79.020693069806413, 30.293893271003981 ], [ 79.027960745939097, 30.294003015278246 ] ] ], [ [ [ 79.107907787015023, 30.295183589959699 ], [ 79.108028890210562, 30.288876478923846 ], [ 79.100761247347975, 30.28877119665842 ], [ 79.100639679638306, 30.295078281216874 ], [ 79.107907787015023, 30.295183589959699 ] ] ], [ [ [ 79.136622636718684, 30.314522400828931 ], [ 79.136741994992121, 30.308215204427665 ], [ 79.129472805654544, 30.308111456681459 ], [ 79.129352982385456, 30.314418627000936 ], [ 79.136622636718684, 30.314522400828931 ] ] ], [ [ [ 79.049014269446317, 30.332171069632317 ], [ 79.049264342222159, 30.319557348938527 ], [ 79.041994687523697, 30.319448705075136 ], [ 79.041743684270216, 30.332062371155356 ], [ 79.049014269446317, 30.332171069632317 ] ] ], [ [ [ 79.128993285061398, 30.333340098863889 ], [ 79.121722272802231, 30.333235842863633 ], [ 79.121601832247734, 30.339542960920138 ], [ 79.128873310080621, 30.339647243116669 ], [ 79.128993285061398, 30.333340098863889 ] ] ], [ [ [ 79.056160263929172, 30.338586242012045 ], [ 79.063431393561004, 30.338694159944527 ], [ 79.063307189509658, 30.345001058230327 ], [ 79.05603559425019, 30.34489311318535 ], [ 79.055910885136029, 30.351199977805411 ], [ 79.070455046503071, 30.351415517984414 ], [ 79.070578824057137, 30.345108599234003 ], [ 79.077850497745501, 30.345215736188585 ], [ 79.077603835224764, 30.357829620971422 ], [ 79.084876479666505, 30.3579364074957 ], [ 79.084999364475522, 30.351629441561361 ], [ 79.106816132493336, 30.351947295662949 ], [ 79.107058991030485, 30.339333184531132 ], [ 79.070702562470345, 30.33880167393712 ], [ 79.07082626175314, 30.332494742094696 ], [ 79.063555558334841, 30.332387255109786 ], [ 79.063679683841684, 30.326080343727028 ], [ 79.056409485023835, 30.325972480009348 ], [ 79.056160263929172, 30.338586242012045 ] ] ], [ [ [ 79.099299893561025, 30.364455780459281 ], [ 79.099421885004844, 30.358148767734324 ], [ 79.092149162975616, 30.35804278975256 ], [ 79.092026705410333, 30.364349775862163 ], [ 79.099299893561025, 30.364455780459281 ] ] ], [ [ [ 79.121119688923102, 30.364771367914788 ], [ 79.121240281940672, 30.358464275952631 ], [ 79.113967444634625, 30.358359510841968 ], [ 79.113846385464711, 30.364666576493203 ], [ 79.121119688923102, 30.364771367914788 ] ] ], [ [ [ 79.126948541816205, 30.440560663968622 ], [ 79.156064709711117, 30.440975414697711 ], [ 79.155945960563415, 30.447282551997713 ], [ 79.163225564851373, 30.447385251284256 ], [ 79.163343845867601, 30.441078088240275 ], [ 79.170623019401575, 30.441180356112081 ], [ 79.170740795046612, 30.434873160911884 ], [ 79.178019537806577, 30.434974997568084 ], [ 79.177902230165259, 30.441282218305712 ], [ 79.199740084356151, 30.441585370744178 ], [ 79.199971854868849, 30.428970770763957 ], [ 79.192693469222178, 30.428870176110603 ], [ 79.192926028588133, 30.416255600582115 ], [ 79.200203478906687, 30.416356144786391 ], [ 79.200666287872124, 30.391126814867807 ], [ 79.186115161711285, 30.390925523292239 ], [ 79.185998580344517, 30.397232814992947 ], [ 79.164170766973015, 30.396927764503388 ], [ 79.164288749250034, 30.39062054934762 ], [ 79.171564182969774, 30.390722612196903 ], [ 79.171681661136816, 30.384415364917864 ], [ 79.193506784107598, 30.38471904801392 ], [ 79.193738829364079, 30.372104381506649 ], [ 79.186464684722139, 30.372003609191733 ], [ 79.186581118728839, 30.365696291495112 ], [ 79.201128511880526, 30.365897381045588 ], [ 79.201359404721771, 30.353282625188488 ], [ 79.186813876306104, 30.353081636612561 ], [ 79.186930199896366, 30.346774299428414 ], [ 79.179657956756643, 30.34667322412173 ], [ 79.179424340736588, 30.359287841209653 ], [ 79.172151202505745, 30.359186310752566 ], [ 79.172033872838497, 30.365493584049471 ], [ 79.150213282696527, 30.365186489455773 ], [ 79.150332011002916, 30.358879293264803 ], [ 79.164878101374981, 30.359084375937815 ], [ 79.164995860017882, 30.352777121735979 ], [ 79.172268495072885, 30.352879030953456 ], [ 79.172620150273175, 30.333957152551807 ], [ 79.158077712058315, 30.333753083717564 ], [ 79.157959599473628, 30.340060331741178 ], [ 79.143416379459154, 30.339854595476218 ], [ 79.143297297997265, 30.346161785304879 ], [ 79.150569354999831, 30.346264881348134 ], [ 79.15045070176734, 30.352572090561967 ], [ 79.135905693644446, 30.352365442451937 ], [ 79.135666410116471, 30.364979737529378 ], [ 79.128393030522787, 30.364875754929358 ], [ 79.128272865673807, 30.371182866578366 ], [ 79.120999057764237, 30.371078453351068 ], [ 79.120757680981711, 30.383692604642452 ], [ 79.113482978182276, 30.38358773426831 ], [ 79.113604152248797, 30.377280688207271 ], [ 79.106329954352859, 30.377175439551504 ], [ 79.106451556547, 30.370868413378528 ], [ 79.09917786353401, 30.370762786648445 ], [ 79.09905579491344, 30.377069786300897 ], [ 79.091781674077922, 30.376963728463075 ], [ 79.09190420911456, 30.370656755432638 ], [ 79.084630593435989, 30.370550319738783 ], [ 79.084753555990133, 30.364243366888488 ], [ 79.070207373930373, 30.364029335842165 ], [ 79.070331229797631, 30.357722430187433 ], [ 79.063058663532345, 30.357614835151466 ], [ 79.062934341585347, 30.363921713784976 ], [ 79.055661348559923, 30.363813687382116 ], [ 79.055536521076846, 30.370120532336909 ], [ 79.040989721172735, 30.369903211968829 ], [ 79.041115481056977, 30.36359642157063 ], [ 79.026569772599601, 30.363377538470449 ], [ 79.026062763185692, 30.388604440785702 ], [ 79.033337463039643, 30.388714194641526 ], [ 79.033463808898645, 30.382407451378228 ], [ 79.040738082077425, 30.382516773072986 ], [ 79.040863921516433, 30.376209995803265 ], [ 79.048137767998682, 30.376318885535518 ], [ 79.04763603828377, 30.401546064581243 ], [ 79.054911791287964, 30.40165465873859 ], [ 79.055036816264163, 30.395347846577618 ], [ 79.062312141845368, 30.395456008644967 ], [ 79.062436660495834, 30.389149162783696 ], [ 79.069711558632903, 30.389256892959693 ], [ 79.070083478890751, 30.370336234947661 ], [ 79.077357016645607, 30.370443479574551 ], [ 79.076862910977354, 30.39567111821237 ], [ 79.084138354233161, 30.395778065696874 ], [ 79.083892001093957, 30.408391899397277 ], [ 79.069339285445821, 30.408177491995733 ], [ 79.069090907109043, 30.420791191909785 ], [ 79.09820023308086, 30.421218600763783 ], [ 79.098811541850324, 30.389683765992054 ], [ 79.10608663458477, 30.3897894722937 ], [ 79.105477661633998, 30.421324439751317 ], [ 79.120032634178955, 30.421534901801593 ], [ 79.120395329492482, 30.402613782612889 ], [ 79.134947650887639, 30.402822466269626 ], [ 79.134707761325615, 30.415436656994888 ], [ 79.127430647043312, 30.4153324654133 ], [ 79.127310177875444, 30.421639524849123 ], [ 79.134587759657748, 30.421743742568154 ], [ 79.134467720051774, 30.428050821614004 ], [ 79.156302095440694, 30.428361120537538 ], [ 79.156183421333523, 30.434668270877353 ], [ 79.127069125272129, 30.434253624127688 ], [ 79.126948541816205, 30.440560663968622 ] ], [ [ 79.135187388819261, 30.390208249445472 ], [ 79.157013352827619, 30.390518081640423 ], [ 79.15689490360046, 30.396825271078079 ], [ 79.142343289367531, 30.396619069378669 ], [ 79.142223868520389, 30.402926200554891 ], [ 79.134947650887639, 30.402822466269626 ], [ 79.135187388819261, 30.390208249445472 ] ], [ [ 79.14198491353585, 30.415540443342042 ], [ 79.149262103526397, 30.41564382444728 ], [ 79.149143036889058, 30.421950961990664 ], [ 79.141865379378174, 30.421847554951182 ], [ 79.14198491353585, 30.415540443342042 ] ] ], [ [ [ 79.061688957796648, 30.42699013957505 ], [ 79.061813673414477, 30.420683326508918 ], [ 79.0472593244168, 30.42046637993683 ], [ 79.047007983307296, 30.433079890670246 ], [ 79.054286073238728, 30.433188621102204 ], [ 79.054411295973054, 30.426881841758036 ], [ 79.061688957796648, 30.42699013957505 ] ] ], [ [ [ 79.127069125272129, 30.434253624127688 ], [ 79.127189670621803, 30.42794657775422 ], [ 79.119911659287865, 30.427841928464325 ], [ 79.119790646153035, 30.434148948592139 ], [ 79.127069125272129, 30.434253624127688 ] ] ], [ [ [ 79.06871804507513, 30.439711692597605 ], [ 79.068842371704321, 30.433404865593989 ], [ 79.061564202753644, 30.433296946079402 ], [ 79.061439408274836, 30.439603746021042 ], [ 79.06871804507513, 30.439711692597605 ] ] ], [ [ [ 79.119669594764218, 30.440455962184121 ], [ 79.119790646153035, 30.434148948592139 ], [ 79.112512205287928, 30.434043867532424 ], [ 79.112390685976493, 30.440350854773808 ], [ 79.119669594764218, 30.440455962184121 ] ] ], [ [ [ 79.083152006522297, 30.446233243296206 ], [ 79.083275436423804, 30.439926369026949 ], [ 79.105111815600822, 30.440245341745293 ], [ 79.105233802824571, 30.433938380956143 ], [ 79.07612057994308, 30.433512379638199 ], [ 79.075872823254102, 30.446126081009314 ], [ 79.083152006522297, 30.446233243296206 ] ] ], [ [ [ 79.112269128253004, 30.44665783547514 ], [ 79.112390685976493, 30.440350854773808 ], [ 79.105111815600822, 30.440245341745293 ], [ 79.104989789817239, 30.446552295991069 ], [ 79.112269128253004, 30.44665783547514 ] ] ], [ [ [ 79.126707260544663, 30.453174724049287 ], [ 79.126827920243784, 30.446867697276112 ], [ 79.112269128253004, 30.44665783547514 ], [ 79.112025897528596, 30.459271777254017 ], [ 79.133866952593308, 30.459586118900035 ], [ 79.133987182042802, 30.453279072504927 ], [ 79.126707260544663, 30.453174724049287 ] ] ], [ [ [ 79.024283173257459, 30.476897770248293 ], [ 79.02415575816832, 30.483204387270799 ], [ 79.031437474971554, 30.483314554677101 ], [ 79.031310488600866, 30.489621192710139 ], [ 79.038592714506692, 30.489730981368243 ], [ 79.038845709303558, 30.477117643729667 ], [ 79.024283173257459, 30.476897770248293 ] ] ], [ [ [ 79.037959527756271, 30.521264210276758 ], [ 79.038086245121775, 30.514957577663065 ], [ 79.023518078595842, 30.514737373555832 ], [ 79.023390421780121, 30.521043951040891 ], [ 79.037959527756271, 30.521264210276758 ] ] ], [ [ [ 79.052025284926245, 30.54670952560447 ], [ 79.052151221793622, 30.540402864590433 ], [ 79.037579135441192, 30.540184068599196 ], [ 79.037452257894017, 30.546490674864053 ], [ 79.052025284926245, 30.54670952560447 ] ] ], [ [ [ 78.917500051833542, 30.702332905157323 ], [ 78.910202457741406, 30.70221562355885 ], [ 78.910066474990316, 30.708521574799423 ], [ 78.902768449777938, 30.708403854167354 ], [ 78.902631949979579, 30.714709769375023 ], [ 78.895333493670179, 30.714591609509945 ], [ 78.895196476525825, 30.720897488574185 ], [ 78.88789758914281, 30.720778889276648 ], [ 78.887760054353606, 30.72708473208689 ], [ 78.902358821204274, 30.727321579751351 ], [ 78.902495407125571, 30.721015677903338 ], [ 78.909794380792619, 30.721133457255522 ], [ 78.9099304493446, 30.714827519365286 ], [ 78.968319976339203, 30.7157547627749 ], [ 78.968055387175482, 30.728367094344623 ], [ 78.975355216277634, 30.728481211969456 ], [ 78.975618856481546, 30.715868823510938 ], [ 78.982917778185325, 30.715982474288094 ], [ 78.98265508696376, 30.728594919431043 ], [ 78.989954999084304, 30.728708216721159 ], [ 78.98982406605414, 30.735014457577275 ], [ 78.997124494197465, 30.73512737283092 ], [ 78.997254952489754, 30.72882110383156 ], [ 79.019155058920134, 30.72915730400279 ], [ 79.019026024908101, 30.735463656818695 ], [ 79.011725473774021, 30.735351972459789 ], [ 79.011595924143492, 30.741658290811582 ], [ 78.945888546232666, 30.740634413615034 ], [ 78.945754680613362, 30.746940470144899 ], [ 78.938453594917505, 30.74682462536353 ], [ 78.938376462477621, 30.750444367214339 ], [ 78.967590900775008, 30.750488762844199 ], [ 78.967658190400428, 30.747285541836405 ], [ 79.026069376624861, 30.748187672101757 ], [ 79.026455175969758, 30.729268550312774 ], [ 79.041055531530901, 30.729489812263616 ], [ 79.040927921898373, 30.735796247976214 ], [ 79.033627249119888, 30.735685794584981 ], [ 79.033499124284702, 30.74199219615069 ], [ 79.048101460008994, 30.742212747559389 ], [ 79.048228634925792, 30.735906291028844 ], [ 79.05552938805252, 30.736015923734847 ], [ 79.055402688111243, 30.742322407594468 ], [ 79.062703956173991, 30.742431657172759 ], [ 79.062577691408222, 30.748738161655382 ], [ 79.113691000421326, 30.749491602999917 ], [ 79.113813938935081, 30.743184910768235 ], [ 79.135718801700804, 30.743501576102314 ], [ 79.135961712406882, 30.730888014070331 ], [ 79.128661003006584, 30.730782921896569 ], [ 79.128904709976624, 30.7181693859843 ], [ 79.121604988434896, 30.718063936076838 ], [ 79.121727258765304, 30.711757184559051 ], [ 79.114428050268174, 30.711651350928893 ], [ 79.114550756361126, 30.705344619231088 ], [ 79.121849490534657, 30.705450426469156 ], [ 79.121971683753387, 30.699143661808087 ], [ 79.114673423753985, 30.699037880958752 ], [ 79.114918642481314, 30.686424384694003 ], [ 79.100324134437955, 30.686211699739108 ], [ 79.100447633213918, 30.67990499481224 ], [ 79.085854228418313, 30.679690724993034 ], [ 79.086103002971484, 30.667077402331287 ], [ 79.107990327851397, 30.667398032760971 ], [ 79.108113236531267, 30.661091281530876 ], [ 79.100817895843093, 30.660984840569014 ], [ 79.101434221860984, 30.629451118675416 ], [ 79.094141284095031, 30.629344401861658 ], [ 79.094388486875857, 30.616730920410223 ], [ 79.101680480086046, 30.616837583918109 ], [ 79.101803550915847, 30.610530806685947 ], [ 79.109095110912691, 30.610637035186524 ], [ 79.108236106435101, 30.654784523729116 ], [ 79.11553101278075, 30.65489052904017 ], [ 79.115408615995477, 30.661197313309295 ], [ 79.122704034086567, 30.661302935896607 ], [ 79.122460071330622, 30.673916537469704 ], [ 79.144349396114677, 30.674231107005074 ], [ 79.144228777786537, 30.680537976455195 ], [ 79.13693182433434, 30.680433503290153 ], [ 79.136810694188085, 30.68674034011039 ], [ 79.144108121397423, 30.686844839347689 ], [ 79.143987426937031, 30.693151695681642 ], [ 79.158583343264013, 30.693359517103108 ], [ 79.158463558864682, 30.699666418728878 ], [ 79.173060574506323, 30.699872652603684 ], [ 79.172822789582327, 30.712486539097842 ], [ 79.165523314297559, 30.712383575738773 ], [ 79.165403891023658, 30.718690483482888 ], [ 79.172703840853785, 30.71879347252192 ], [ 79.172584854600686, 30.725100399396172 ], [ 79.157984043234904, 30.724893959685811 ], [ 79.158223876676757, 30.712280202318347 ], [ 79.150924476869406, 30.712176418844027 ], [ 79.151044811240382, 30.705869556207706 ], [ 79.143745923761173, 30.705765388670361 ], [ 79.143866694395044, 30.699458545456164 ], [ 79.129269982292996, 30.699249032845856 ], [ 79.129148263258827, 30.705555823793496 ], [ 79.136447074384151, 30.705660811196427 ], [ 79.13632579129326, 30.711967621763922 ], [ 79.143625115025074, 30.712072225323364 ], [ 79.143504268176457, 30.718379055414271 ], [ 79.150804104535425, 30.718483274921553 ], [ 79.150201673060351, 30.750017456896195 ], [ 79.179410896515989, 30.75043074818263 ], [ 79.179529557665262, 30.744123821922543 ], [ 79.216039551268167, 30.744631069019093 ], [ 79.215929496117226, 30.750600305207218 ], [ 79.223233968203743, 30.750596384219758 ], [ 79.223688868869601, 30.725810014384777 ], [ 79.230989589482874, 30.725909746713825 ], [ 79.23110477781384, 30.719602618054331 ], [ 79.245705378323834, 30.71980080228532 ], [ 79.245819581046476, 30.713493617684126 ], [ 79.260419376351066, 30.71369011192996 ], [ 79.260645776008118, 30.701075625179008 ], [ 79.253346809301775, 30.700977632027595 ], [ 79.253460429791048, 30.694670403331958 ], [ 79.246161973140758, 30.694572024781976 ], [ 79.24627603184679, 30.688264814117993 ], [ 79.2608720328641, 30.688461112391945 ], [ 79.260985107765862, 30.682153846237043 ], [ 79.217200381023076, 30.68156018283436 ], [ 79.217316262713538, 30.675253058312595 ], [ 79.210019409080473, 30.675152705810326 ], [ 79.210135727772894, 30.668845599808499 ], [ 79.202839384396512, 30.668744862960065 ], [ 79.202956139792292, 30.662437775574851 ], [ 79.188364510498729, 30.662235124328699 ], [ 79.188482175530567, 30.655928081000987 ], [ 79.19577749845331, 30.656029585916617 ], [ 79.196011771137705, 30.643415428979605 ], [ 79.181423054426773, 30.643212111546173 ], [ 79.181304990711638, 30.649519142502069 ], [ 79.166715477200597, 30.649314138071823 ], [ 79.16659643010783, 30.655621111298228 ], [ 79.152006120772398, 30.655414419107402 ], [ 79.15212611393828, 30.649107497481989 ], [ 79.159420776713787, 30.649211022293123 ], [ 79.159540259136904, 30.642904068269548 ], [ 79.174128751877518, 30.64310983939675 ], [ 79.174247251102486, 30.636802827443688 ], [ 79.188834947917414, 30.637006911814332 ], [ 79.189304791820618, 30.611778594790309 ], [ 79.18201281439606, 30.611676858744939 ], [ 79.182130654739055, 30.60536978858655 ], [ 79.167547755677006, 30.605165142323049 ], [ 79.167666502556273, 30.598858116774764 ], [ 79.160375581037414, 30.598755206874191 ], [ 79.160137105939313, 30.61136919998367 ], [ 79.130970022461696, 30.610953270454843 ], [ 79.131091166723124, 30.604646381096693 ], [ 79.152965006579876, 30.60495886275703 ], [ 79.153084697148472, 30.598651888757448 ], [ 79.131212272749138, 30.598339485185004 ], [ 79.131333340550057, 30.592032582720663 ], [ 79.138623638996378, 30.592137099313018 ], [ 79.138744197071162, 30.585830164172268 ], [ 79.146034062061901, 30.585934246650233 ], [ 79.146154110708025, 30.579627278942514 ], [ 79.160733011485561, 30.579834168166059 ], [ 79.160852079755813, 30.573527142188539 ], [ 79.146274121457324, 30.573320304691475 ], [ 79.146394094320016, 30.56701332389796 ], [ 79.131817229708886, 30.566804907354864 ], [ 79.132058945205614, 30.554191030379446 ], [ 79.146633926426375, 30.554399342687137 ], [ 79.146753785690493, 30.548092342271609 ], [ 79.161327977044792, 30.548298972928212 ], [ 79.161209059071084, 30.554606025044052 ], [ 79.168496681806118, 30.554708754972232 ], [ 79.168615129119416, 30.548401677159049 ], [ 79.19047680915132, 30.548707345372666 ], [ 79.190593807468261, 30.542400184559366 ], [ 79.212454408408092, 30.542702110345889 ], [ 79.21256995853993, 30.536394867469433 ], [ 79.197997128669812, 30.53619404121115 ], [ 79.198113582851846, 30.529886842081421 ], [ 79.205399509202863, 30.529987433652806 ], [ 79.205747241224145, 30.511065721669731 ], [ 79.191178245078561, 30.510864282732367 ], [ 79.191295021875334, 30.504557082821112 ], [ 79.213147162050873, 30.504858555483096 ], [ 79.213262493392151, 30.498551273571206 ], [ 79.191411761786881, 30.498249876396635 ], [ 79.191528464823094, 30.491942663459863 ], [ 79.176962433250111, 30.491739749747108 ], [ 79.176844791512991, 30.498046911856409 ], [ 79.162277969925853, 30.497842320912198 ], [ 79.162159352059774, 30.504149425261769 ], [ 79.140307992699505, 30.50383941184278 ], [ 79.140667957650962, 30.484918312064675 ], [ 79.155232677081003, 30.485125238819936 ], [ 79.155351651592383, 30.47881814066093 ], [ 79.16263359875623, 30.478920968715997 ], [ 79.16275206681064, 30.472613838271059 ], [ 79.170033582531119, 30.472716234386716 ], [ 79.169915583357877, 30.479023390490113 ], [ 79.177197605249305, 30.479125405975878 ], [ 79.177315135531344, 30.472818224315759 ], [ 79.191878352778929, 30.473020985584505 ], [ 79.191645130993876, 30.485635444011653 ], [ 79.198927732935331, 30.485736265842938 ], [ 79.199276103591288, 30.466814492684069 ], [ 79.206557335447386, 30.466914832646555 ], [ 79.206672916995771, 30.460607536772915 ], [ 79.199392153774554, 30.46050722195389 ], [ 79.199624144147123, 30.447892660983044 ], [ 79.163225564851373, 30.447385251284256 ], [ 79.163107246447609, 30.453692407810234 ], [ 79.17038735641249, 30.453794726969889 ], [ 79.170269469048407, 30.460101902625713 ], [ 79.155708349651775, 30.459896807033058 ], [ 79.155470588517886, 30.47251103597619 ], [ 79.133626379686177, 30.472200192090767 ], [ 79.133265235151868, 30.491121252864698 ], [ 79.089569406868364, 30.490488123623631 ], [ 79.089815836245123, 30.477874406759685 ], [ 79.0970974398072, 30.477980891005064 ], [ 79.097220127334523, 30.471673996063725 ], [ 79.104501300877487, 30.471780047522223 ], [ 79.104623481003983, 30.465473119459052 ], [ 79.111904224507029, 30.465578738329754 ], [ 79.112025897528596, 30.459271777254017 ], [ 79.104745622529194, 30.459166184848854 ], [ 79.104867725463492, 30.452859243692561 ], [ 79.090308228065666, 30.452646894372695 ], [ 79.090431228804079, 30.446339999893929 ], [ 79.083152006522297, 30.446233243296206 ], [ 79.083028537607191, 30.452540111011118 ], [ 79.075748886172789, 30.452432921858751 ], [ 79.075872823254102, 30.446126081009314 ], [ 79.046756483273086, 30.445693375125511 ], [ 79.046630673632535, 30.452000107496541 ], [ 79.039351219535945, 30.451890889506924 ], [ 79.039477497289695, 30.445584184509585 ], [ 79.032198551206591, 30.445474588251418 ], [ 79.032451922785654, 30.432861213473505 ], [ 79.025173952490832, 30.432751266724519 ], [ 79.025046818923698, 30.439057929832135 ], [ 79.017768421017635, 30.438947549988367 ], [ 79.017640779332297, 30.445254178840052 ], [ 79.010361953836636, 30.44514336570278 ], [ 79.010233803737634, 30.451449960189038 ], [ 79.002954550674076, 30.451338713559561 ], [ 79.002825891865868, 30.457645273570833 ], [ 78.995546211256212, 30.457533593250403 ], [ 78.995675338260497, 30.451227061226096 ], [ 78.988396166644677, 30.451115003196747 ], [ 78.98826657145527, 30.457421507132448 ], [ 78.980986972610879, 30.457309015225057 ], [ 78.981117035974407, 30.451002539479592 ], [ 78.966558898061535, 30.450776395014426 ], [ 78.966689856351309, 30.44446996934337 ], [ 78.973968436682952, 30.444583216021819 ], [ 78.974098885738485, 30.43827675535449 ], [ 78.96682077326335, 30.438163537062373 ], [ 78.966951648808788, 30.431857098172362 ], [ 78.952396483490318, 30.43162950228621 ], [ 78.952659980408711, 30.419016718801835 ], [ 78.959936607386041, 30.419130662259033 ], [ 78.960067826153193, 30.412824232021165 ], [ 78.945515548303405, 30.412595997219601 ], [ 78.945647659782281, 30.406289617617478 ], [ 78.952923310813404, 30.406403908863904 ], [ 78.953054913601036, 30.400097493977221 ], [ 78.996706886494948, 30.40077456762933 ], [ 78.996835646713365, 30.394467976268349 ], [ 79.004110652007569, 30.394579376877367 ], [ 79.004367117064547, 30.38196611849126 ], [ 78.997093045063082, 30.381854773782386 ], [ 78.996964366232433, 30.388161378319065 ], [ 78.982415411296813, 30.387937418971838 ], [ 78.982674594211105, 30.37532431570714 ], [ 78.975401111076735, 30.375211785535274 ], [ 78.975140995230092, 30.387824832297976 ], [ 78.967866620293918, 30.387711840968102 ], [ 78.968258131540111, 30.36879234598149 ], [ 78.975531107331776, 30.368905252259271 ], [ 78.975661062489323, 30.362598712388088 ], [ 78.953843657223487, 30.362258865867673 ], [ 78.953712303838245, 30.368565320403778 ], [ 78.931893874197655, 30.368221749604935 ], [ 78.931229486695173, 30.399753491776107 ], [ 78.923954428271045, 30.399638014745513 ], [ 78.923286653843604, 30.431169446474989 ], [ 78.930564048262454, 30.431285068411931 ], [ 78.929897557488701, 30.462816479394846 ], [ 78.922617823384869, 30.462700712460428 ], [ 78.922349995194878, 30.475313172419927 ], [ 78.929630666207061, 30.47542899737887 ], [ 78.929497157312639, 30.481735246422307 ], [ 78.936778339185025, 30.481850694268893 ], [ 78.936512132650734, 30.49446323029705 ], [ 78.929230012959849, 30.494347724607351 ], [ 78.92936360623402, 30.488041488832121 ], [ 78.922081997721904, 30.487925605834036 ], [ 78.921813830874925, 30.500538012695223 ], [ 78.914531326637317, 30.500421665216596 ], [ 78.913588119629139, 30.54456467600237 ], [ 78.928159746364187, 30.544797371852216 ], [ 78.928025772818842, 30.551103547874149 ], [ 78.920739467922843, 30.550987374460664 ], [ 78.920604981614503, 30.557293514776934 ], [ 78.927891756964229, 30.557409717252114 ], [ 78.927623598281585, 30.570022036072494 ], [ 78.934911357327508, 30.570137889127484 ], [ 78.934777685387147, 30.576444067538912 ], [ 78.942065957549914, 30.576559541899918 ], [ 78.941932714473566, 30.582865742539997 ], [ 78.949221499775916, 30.582980837998619 ], [ 78.949088685860687, 30.589287060771841 ], [ 78.941799429328029, 30.589171936538776 ], [ 78.941666102101948, 30.595478123895326 ], [ 78.927086772703078, 30.595246593944815 ], [ 78.926952460364049, 30.601552716789023 ], [ 78.919662387680674, 30.601436310778997 ], [ 78.91979717151311, 30.595130217022234 ], [ 78.912507612860963, 30.59501343214599 ], [ 78.912101718812451, 30.613931605870917 ], [ 78.919392692356411, 30.614048478326257 ], [ 78.91925778084159, 30.620354552114897 ], [ 78.91196633536957, 30.620237650459124 ], [ 78.911830909194109, 30.626543688385716 ], [ 78.897247202477502, 30.626308601310043 ], [ 78.897383572772029, 30.620002622097534 ], [ 78.882800982295123, 30.619765960392655 ], [ 78.882526310221451, 30.632377793896541 ], [ 78.889818528080184, 30.63249638814014 ], [ 78.889681599350666, 30.638802324494321 ], [ 78.896974332751469, 30.638920539724197 ], [ 78.896837833296715, 30.645226498923936 ], [ 78.911424374156809, 30.645461762186514 ], [ 78.911288776935592, 30.651767773457316 ], [ 78.940464261568138, 30.65223351105011 ], [ 78.940330512911402, 30.658539631933124 ], [ 78.933036105233356, 30.658423781941995 ], [ 78.932901841365933, 30.664729867252262 ], [ 78.925607003049137, 30.664613579248741 ], [ 78.92547222367287, 30.670919628875964 ], [ 78.918176954740275, 30.670802902660743 ], [ 78.918041659556991, 30.677108916494557 ], [ 78.925337401769809, 30.677225671841491 ], [ 78.924662653949611, 30.708755786711311 ], [ 78.917364543097335, 30.708638885650249 ], [ 78.917500051833542, 30.702332905157323 ] ], [ [ 79.093893925227746, 30.641957857017552 ], [ 79.086600081352856, 30.641850678022646 ], [ 79.086848385350677, 30.629237276390196 ], [ 79.094141284095031, 30.629344401861658 ], [ 79.093893925227746, 30.641957857017552 ] ], [ [ 79.094512029760182, 30.610424169825929 ], [ 79.094635533654483, 30.604117412670444 ], [ 79.101926582904468, 30.604224022885969 ], [ 79.101803550915847, 30.610530806685947 ], [ 79.094512029760182, 30.610424169825929 ] ], [ [ 79.080053552241807, 30.603902967497937 ], [ 79.080177960638807, 30.597596257360291 ], [ 79.094758998569304, 30.597810648944694 ], [ 79.094635533654483, 30.604117412670444 ], [ 79.080053552241807, 30.603902967497937 ] ], [ [ 79.079804617605973, 30.616516368041115 ], [ 79.072512741844037, 30.616408479195439 ], [ 79.072762620376707, 30.603795132556478 ], [ 79.080053552241807, 30.603902967497937 ], [ 79.079804617605973, 30.616516368041115 ] ], [ [ 79.072887500498894, 30.597488449365841 ], [ 79.073261904416555, 30.578568360320102 ], [ 79.080550950273178, 30.578676087494049 ], [ 79.080426659643877, 30.584982817357446 ], [ 79.087716216024887, 30.585090163539782 ], [ 79.087592357588633, 30.591396913667069 ], [ 79.080302329769282, 30.5912895406465 ], [ 79.080177960638807, 30.597596257360291 ], [ 79.072887500498894, 30.597488449365841 ] ], [ [ 79.08079941383815, 30.566062608047861 ], [ 79.088087556796026, 30.566169873735817 ], [ 79.087840035364508, 30.578783406841534 ], [ 79.080550950273178, 30.578676087494049 ], [ 79.08079941383815, 30.566062608047861 ] ], [ [ 79.0957453158872, 30.547356302717056 ], [ 79.110318972204198, 30.547568636510302 ], [ 79.110196759893284, 30.553875505892254 ], [ 79.117484116596884, 30.553981088181285 ], [ 79.116996765104332, 30.579208605811882 ], [ 79.109707524560491, 30.579102917847656 ], [ 79.109340192375697, 30.598023407938001 ], [ 79.094758998569304, 30.597810648944694 ], [ 79.0957453158872, 30.547356302717056 ] ], [ [ 79.253233152962707, 30.707284854211089 ], [ 79.238634378547019, 30.707087588881059 ], [ 79.238748983587911, 30.700780415898095 ], [ 79.253346809301775, 30.700977632027595 ], [ 79.253233152962707, 30.707284854211089 ] ], [ [ 79.216968507929579, 30.694174412301319 ], [ 79.22426681972496, 30.694274430149196 ], [ 79.22403574876563, 30.706888683421042 ], [ 79.231335045502263, 30.706988341163697 ], [ 79.23121992981703, 30.713295482870667 ], [ 79.223920158604429, 30.71319580026903 ], [ 79.223804531975702, 30.71950291059056 ], [ 79.216504322614981, 30.719402792904255 ], [ 79.216736488486632, 30.70678861566029 ], [ 79.209437264814795, 30.706688137888719 ], [ 79.20990305368106, 30.6814598052846 ], [ 79.217200381023076, 30.68156018283436 ], [ 79.216968507929579, 30.694174412301319 ] ], [ [ 79.188246808332053, 30.66854216112101 ], [ 79.173654380847111, 30.668337821808102 ], [ 79.17377302974451, 30.66203083601718 ], [ 79.188364510498729, 30.662235124328699 ], [ 79.188246808332053, 30.66854216112101 ] ], [ [ 79.173535694506299, 30.674644801056267 ], [ 79.166239063354851, 30.674541991708487 ], [ 79.166358223195118, 30.668235038117448 ], [ 79.173654380847111, 30.668337821808102 ], [ 79.173535694506299, 30.674644801056267 ] ], [ [ 79.131454370136183, 30.585725673704594 ], [ 79.131575361517832, 30.579418758137663 ], [ 79.138864717090172, 30.579523222483996 ], [ 79.138744197071162, 30.585830164172268 ], [ 79.131454370136183, 30.585725673704594 ] ], [ [ 79.176727112604169, 30.504354067447004 ], [ 79.176609396513669, 30.510661216517942 ], [ 79.183893802274397, 30.510762953031133 ], [ 79.183776518782324, 30.517070121055831 ], [ 79.191061431386601, 30.517171476129519 ], [ 79.190944580789534, 30.523478663011684 ], [ 79.183659198236853, 30.52337728256234 ], [ 79.183541840627967, 30.529684437549779 ], [ 79.168970246697597, 30.529480404548504 ], [ 79.16885191155508, 30.535787501946302 ], [ 79.161565700355837, 30.535684849100399 ], [ 79.161446857469656, 30.541991914280036 ], [ 79.154160213445664, 30.541888828444357 ], [ 79.154279526685187, 30.535581789057428 ], [ 79.146993390691534, 30.535478321824847 ], [ 79.146873607108802, 30.541785335317222 ], [ 79.132300508090296, 30.541577127218591 ], [ 79.132179745719313, 30.547884082071747 ], [ 79.117605858319067, 30.547674192388886 ], [ 79.117727561601612, 30.541367290044398 ], [ 79.110441145926998, 30.541261760572937 ], [ 79.110563281072089, 30.534954878081042 ], [ 79.095991506156892, 30.534742650520641 ], [ 79.09623754097035, 30.522128972082903 ], [ 79.110807435670665, 30.522341093437277 ], [ 79.110929455144927, 30.516034191287218 ], [ 79.089076080763135, 30.515715478656077 ], [ 79.089446133776747, 30.496794972220034 ], [ 79.125861574241327, 30.497323728423979 ], [ 79.125740609159223, 30.503630702889907 ], [ 79.13302428189391, 30.503735260695358 ], [ 79.132903748163699, 30.510042254802382 ], [ 79.140187928550532, 30.5101464320316 ], [ 79.140067826468638, 30.516453445683652 ], [ 79.147352514528052, 30.516557242128805 ], [ 79.14723284439097, 30.522864275229743 ], [ 79.154518040143373, 30.522967690683018 ], [ 79.154398802247698, 30.529274743136686 ], [ 79.161684505713396, 30.529377777390209 ], [ 79.161803273552493, 30.523070699150349 ], [ 79.169088544469986, 30.52317330062429 ], [ 79.169206804882322, 30.516866190174561 ], [ 79.161922003883177, 30.516763614381734 ], [ 79.162159352059774, 30.504149425261769 ], [ 79.176727112604169, 30.504354067447004 ] ], [ [ 79.190827693277413, 30.529785843377976 ], [ 79.190710768840304, 30.536093017227497 ], [ 79.183424445945732, 30.535991586017236 ], [ 79.183541840627967, 30.529684437549779 ], [ 79.190827693277413, 30.529785843377976 ] ], [ [ 79.18330701418013, 30.542298727963839 ], [ 79.176020257985343, 30.542196864047185 ], [ 79.176138160134528, 30.53588974758771 ], [ 79.183424445945732, 30.535991586017236 ], [ 79.18330701418013, 30.542298727963839 ] ], [ [ 79.177550084710234, 30.460203841450934 ], [ 79.177432628681657, 30.466511036140478 ], [ 79.170151544424613, 30.466409071764961 ], [ 79.170269469048407, 30.460101902625713 ], [ 79.177550084710234, 30.460203841450934 ] ], [ [ 79.082534271601105, 30.477767516309047 ], [ 79.082657896675457, 30.471460674820644 ], [ 79.089938992551197, 30.471567538493964 ], [ 79.089815836245123, 30.477874406759685 ], [ 79.082534271601105, 30.477767516309047 ] ], [ [ 79.061189700967532, 30.45221732621258 ], [ 79.061064788117847, 30.458524106460636 ], [ 79.046504824228805, 30.458306833295264 ], [ 79.046630673632535, 30.452000107496541 ], [ 79.061189700967532, 30.45221732621258 ] ], [ [ 79.039224901871165, 30.458197587928513 ], [ 79.031945019435284, 30.458087936716232 ], [ 79.032071805350341, 30.45178126577343 ], [ 79.039351219535945, 30.451890889506924 ], [ 79.039224901871165, 30.458197587928513 ] ], [ [ 78.928293677611663, 30.538491189187294 ], [ 78.935579084331721, 30.538606897442794 ], [ 78.935445623252676, 30.544913109060293 ], [ 78.928159746364187, 30.544797371852216 ], [ 78.928293677611663, 30.538491189187294 ] ], [ [ 78.949354271770531, 30.576674608587712 ], [ 78.95664262790045, 30.576789267593952 ], [ 78.956510326998867, 30.583095525673812 ], [ 78.949221499775916, 30.582980837998619 ], [ 78.949354271770531, 30.576674608587712 ] ], [ [ 78.957039280085652, 30.557870453559527 ], [ 78.964326265554575, 30.557984619196372 ], [ 78.964589550818658, 30.545371986251968 ], [ 78.942731542290701, 30.545028439112645 ], [ 78.942864533189962, 30.53872219864434 ], [ 78.964721131110849, 30.539065659842016 ], [ 78.964852669858061, 30.532759326808154 ], [ 78.950282502904656, 30.532530816935147 ], [ 78.950414939940885, 30.526224534456492 ], [ 78.972268842994779, 30.526566603177436 ], [ 78.972530773453201, 30.513953847136357 ], [ 78.965247036941633, 30.513840287972329 ], [ 78.965378409620726, 30.507533928452087 ], [ 78.972661676648698, 30.507647459190419 ], [ 78.972923359027845, 30.495034663452429 ], [ 78.965641030522804, 30.494921189554702 ], [ 78.9657722787681, 30.488614810179431 ], [ 78.958490460758071, 30.488500958423408 ], [ 78.958622136427977, 30.482194600944698 ], [ 78.96590348555776, 30.482308424187693 ], [ 78.9662968573044, 30.463389226522914 ], [ 78.973576842092086, 30.463502558381766 ], [ 78.973315572733767, 30.476115420244078 ], [ 78.980596535850026, 30.476228402829669 ], [ 78.980856868143007, 30.46361548436586 ], [ 78.988136935309328, 30.463728004467015 ], [ 78.987747781022165, 30.482647456854608 ], [ 79.002310849914693, 30.482871447665886 ], [ 79.0024396714321, 30.476564914036469 ], [ 79.017001965535215, 30.476787224301653 ], [ 79.017129809046835, 30.470480628385328 ], [ 79.031691327385658, 30.470701258860586 ], [ 79.031818193450647, 30.464394601078929 ], [ 79.060939835789966, 30.464830880142344 ], [ 79.060814843973318, 30.471137647256775 ], [ 79.038972146765715, 30.470810965040808 ], [ 79.038845709303558, 30.477117643729667 ], [ 79.053408405165385, 30.477335892608934 ], [ 79.053282865465306, 30.483642619398537 ], [ 79.046001028768046, 30.483533670748908 ], [ 79.045874980387936, 30.48984036367241 ], [ 79.038592714506692, 30.489730981368243 ], [ 79.038466157150495, 30.496037640316114 ], [ 79.053031667048501, 30.496256053256527 ], [ 79.05290600831043, 30.50256276032308 ], [ 79.02377327129355, 30.502124198810996 ], [ 79.02415575816832, 30.483204387270799 ], [ 79.016874081625787, 30.483093813628155 ], [ 79.016362141792612, 30.508320105017287 ], [ 79.001795156689099, 30.508097516196472 ], [ 79.001924141090797, 30.501791008963739 ], [ 79.009207143951684, 30.501902478774277 ], [ 79.009464052216373, 30.489289388691706 ], [ 78.987617980939959, 30.488953927775359 ], [ 78.987488139846121, 30.495260392090316 ], [ 78.980205728851629, 30.49514773096703 ], [ 78.979423002946618, 30.532986208739736 ], [ 78.972137815709573, 30.532872971270738 ], [ 78.971482058277758, 30.564404712427663 ], [ 78.964194560560287, 30.564290925728987 ], [ 78.964062813976213, 30.57059722563395 ], [ 78.971350782512133, 30.570711040790627 ], [ 78.971088106612271, 30.583323677640767 ], [ 78.963799195993857, 30.583209805557289 ], [ 78.96393102579114, 30.576903518910353 ], [ 78.95664262790045, 30.576789267593952 ], [ 78.957039280085652, 30.557870453559527 ] ], [ [ 78.943130389030088, 30.526109697804358 ], [ 78.943263253993578, 30.519803437434547 ], [ 78.950547335158063, 30.51991824534856 ], [ 78.950414939940885, 30.526224534456492 ], [ 78.943130389030088, 30.526109697804358 ] ], [ [ 79.053157286096564, 30.489949339614718 ], [ 79.060439631484527, 30.490057909187289 ], [ 79.060314481606554, 30.49636465002348 ], [ 79.053031667048501, 30.496256053256527 ], [ 79.053157286096564, 30.489949339614718 ] ], [ [ 79.052780309871693, 30.508869460813429 ], [ 79.052528793849405, 30.521482842061925 ], [ 79.045244140862337, 30.521373729604644 ], [ 79.045117853357141, 30.527680383047631 ], [ 79.023262724638656, 30.52735052193318 ], [ 79.023390421780121, 30.521043951040891 ], [ 79.016105929206489, 30.520933211148847 ], [ 79.015977762207953, 30.527239754320668 ], [ 79.001407958949358, 30.527016998282154 ], [ 79.001537065629364, 30.520710510856613 ], [ 79.008821477106835, 30.520822064418081 ], [ 79.008950073329402, 30.514515542468715 ], [ 79.016234055731076, 30.514626661380756 ], [ 79.016362141792612, 30.508320105017287 ], [ 79.052780309871693, 30.508869460813429 ] ], [ [ 79.066973341101246, 30.528006581410725 ], [ 79.067223057209588, 30.515393104683465 ], [ 79.081791700400046, 30.51560842747061 ], [ 79.081543863745367, 30.52822201201926 ], [ 79.088829183866949, 30.528329116810035 ], [ 79.088705676921222, 30.534635926043283 ], [ 79.074134135635461, 30.534421255732859 ], [ 79.073885123420354, 30.547034747052436 ], [ 79.052025284926245, 30.54670952560447 ], [ 79.051899308283311, 30.553016180035932 ], [ 79.059186352041408, 30.553125021706776 ], [ 79.059060806265038, 30.559431696783463 ], [ 79.04448581724013, 30.559213551494906 ], [ 79.044612304311514, 30.552906930977525 ], [ 79.022751532598349, 30.552576739555992 ], [ 79.023007209335134, 30.539963643935682 ], [ 79.037579135441192, 30.540184068599196 ], [ 79.037705972926759, 30.533877455745749 ], [ 79.044991525960214, 30.533987029907333 ], [ 79.045117853357141, 30.527680383047631 ], [ 79.066973341101246, 30.528006581410725 ] ], [ [ 79.008435444662325, 30.539741590663695 ], [ 79.008564162784239, 30.533435088516494 ], [ 79.023134987160603, 30.533657086231742 ], [ 79.023007209335134, 30.539963643935682 ], [ 79.008435444662325, 30.539741590663695 ] ], [ [ 78.993993500984118, 30.533211462664248 ], [ 78.993863842609542, 30.539517908847515 ], [ 79.001149623234255, 30.539629953319594 ], [ 79.001020394177175, 30.545936420929632 ], [ 78.986447933352139, 30.545711868690976 ], [ 78.986578102936519, 30.539405457255565 ], [ 78.979292404363505, 30.539292598551889 ], [ 78.979423002946618, 30.532986208739736 ], [ 78.993993500984118, 30.533211462664248 ] ], [ [ 78.948955830013546, 30.595593276906484 ], [ 78.948822932223166, 30.601899486401607 ], [ 78.956113173616913, 30.602014260105403 ], [ 78.956377984325258, 30.589401777119612 ], [ 78.963667324573137, 30.589516085573777 ], [ 78.963271460458074, 30.608434885831457 ], [ 78.955980705559597, 30.608320491643536 ], [ 78.955848195685178, 30.614626716543913 ], [ 78.941265867826957, 30.614396646102257 ], [ 78.94139932136278, 30.608090478677994 ], [ 78.934108692361917, 30.607974859917043 ], [ 78.934242575448039, 30.601668714735059 ], [ 78.941532732783983, 30.60178430460871 ], [ 78.941666102101948, 30.595478123895326 ], [ 78.948955830013546, 30.595593276906484 ] ], [ [ 78.970562257024937, 30.608548871811774 ], [ 78.970430690857043, 30.614855153780521 ], [ 78.963139422431297, 30.614741139316994 ], [ 78.963271460458074, 30.608434885831457 ], [ 78.970562257024937, 30.608548871811774 ] ], [ [ 78.941132372165157, 30.620702806880551 ], [ 78.933840799388207, 30.620587130334034 ], [ 78.93397476701243, 30.614280998450351 ], [ 78.941265867826957, 30.614396646102257 ], [ 78.941132372165157, 30.620702806880551 ] ], [ [ 78.969508564190079, 30.658998941829442 ], [ 78.969112743130182, 30.677917608585787 ], [ 78.954520794512518, 30.677688600267356 ], [ 78.954387823903417, 30.683994752091273 ], [ 78.939795096113144, 30.683764048931195 ], [ 78.939929013661228, 30.67745795466363 ], [ 78.932633186520945, 30.677342017900671 ], [ 78.932767535132285, 30.671035945905469 ], [ 78.940062888969365, 30.67115185374082 ], [ 78.940330512911402, 30.658539631933124 ], [ 78.969508564190079, 30.658998941829442 ] ], [ [ 78.969640421309492, 30.652692706300254 ], [ 78.976934565612908, 30.65280648280919 ], [ 78.976803181406041, 30.659112746744853 ], [ 78.969508564190079, 30.658998941829442 ], [ 78.969640421309492, 30.652692706300254 ] ], [ [ 79.099334740519168, 30.736665102248711 ], [ 79.099210890656977, 30.74297174793578 ], [ 79.091909425036746, 30.742864550759816 ], [ 79.092033749938821, 30.736557931788372 ], [ 79.099334740519168, 30.736665102248711 ] ], [ [ 79.099706055836904, 30.717745125676355 ], [ 79.099458551329505, 30.730358449975849 ], [ 79.084857559140147, 30.730143752187999 ], [ 79.08523160488032, 30.711223916402915 ], [ 79.092530657638193, 30.71133139001974 ], [ 79.092406489478449, 30.717638035342528 ], [ 79.099706055836904, 30.717745125676355 ] ], [ [ 79.201786926552074, 30.725508355477935 ], [ 79.201669802243771, 30.731815377524981 ], [ 79.194368753592499, 30.731713978662963 ], [ 79.194486352785816, 30.725406981893425 ], [ 79.201786926552074, 30.725508355477935 ] ], [ [ 79.026840610480221, 30.710349368948545 ], [ 79.02658369466242, 30.722962163142949 ], [ 79.011984450504144, 30.722739315874708 ], [ 79.012113877625879, 30.716432977643279 ], [ 79.019413004895071, 30.71654457850288 ], [ 79.019541916880016, 30.710238205820708 ], [ 79.026840610480221, 30.710349368948545 ] ], [ [ 78.991653375615314, 30.646726481936184 ], [ 79.006241007419746, 30.646951116222844 ], [ 79.006370418169922, 30.640644726444354 ], [ 79.013663822739417, 30.6407564023996 ], [ 79.0132768864095, 30.659675635557793 ], [ 79.027866654458762, 30.659897927574214 ], [ 79.027482191392494, 30.678817267685506 ], [ 79.034778556014757, 30.678927882843738 ], [ 79.034650794372808, 30.685234343928496 ], [ 79.041947672903973, 30.685344577177599 ], [ 79.041820344708881, 30.691651059158293 ], [ 79.049117737170732, 30.691760910289506 ], [ 79.048990842721125, 30.698067413070095 ], [ 79.041692976341096, 30.697957534531984 ], [ 79.041565567789732, 30.704264003297766 ], [ 79.048863908237323, 30.70437390924624 ], [ 79.048736933708483, 30.710680398817058 ], [ 79.041438119043917, 30.710570465454733 ], [ 79.041310630092767, 30.716876921001965 ], [ 79.063208617236469, 30.717205573213025 ], [ 79.06308251164937, 30.723512104105538 ], [ 79.033883377605591, 30.723072971603859 ], [ 79.034267267536578, 30.7041536875216 ], [ 79.026969007627301, 30.704042961925765 ], [ 79.027353956152751, 30.68512370116612 ], [ 79.012760401243142, 30.684901187133629 ], [ 79.013018725300142, 30.672288424582348 ], [ 78.998427227365099, 30.672064384432232 ], [ 78.998297138890393, 30.678370713101604 ], [ 79.005593340819416, 30.678482965824063 ], [ 79.005204250181791, 30.697401996118824 ], [ 78.997906627143621, 30.697289659348062 ], [ 78.997776374416759, 30.703595961506593 ], [ 78.990478318467723, 30.703483186933386 ], [ 78.990347550510108, 30.709789454333002 ], [ 78.983049061672517, 30.709676241757645 ], [ 78.983311504455713, 30.697063756783407 ], [ 78.990609045185153, 30.697176912900204 ], [ 78.990870374943995, 30.684564344936771 ], [ 78.983573781725411, 30.684451245264192 ], [ 78.983704858320678, 30.678144979552513 ], [ 78.976408779978428, 30.678031498742246 ], [ 78.97667175573882, 30.665419004046189 ], [ 78.983966887487981, 30.665532428229621 ], [ 78.98409784008237, 30.659226142620252 ], [ 78.991392540069967, 30.659339129447414 ], [ 78.991653375615314, 30.646726481936184 ] ], [ [ 78.976014005104673, 30.696950191005907 ], [ 78.976145638241988, 30.690643966889976 ], [ 78.983442663774156, 30.69075750434147 ], [ 78.983311504455713, 30.697063756783407 ], [ 78.976014005104673, 30.696950191005907 ] ], [ [ 78.954121756815027, 30.696607035791569 ], [ 78.953855521824025, 30.709219292888957 ], [ 78.946557241484371, 30.709104031071373 ], [ 78.946824424470719, 30.696491831453827 ], [ 78.954121756815027, 30.696607035791569 ] ], [ [ 78.97588233043966, 30.703256408481987 ], [ 78.975750614235693, 30.70956261931731 ], [ 78.968452208349078, 30.709448587020237 ], [ 78.96858439865936, 30.703142404620262 ], [ 78.97588233043966, 30.703256408481987 ] ], [ [ 79.064090243452355, 30.673059672210165 ], [ 79.071386334580509, 30.67316821314277 ], [ 79.071260980644198, 30.679474817307899 ], [ 79.06396441601342, 30.679366249285163 ], [ 79.06383854887126, 30.685672819765379 ], [ 79.085729782263968, 30.68599737644762 ], [ 79.085480772146667, 30.69861065959967 ], [ 79.092778876491124, 30.698718079618239 ], [ 79.092654786638889, 30.70502473811133 ], [ 79.078057668983888, 30.704809434604275 ], [ 79.078182707089454, 30.698502829808191 ], [ 79.063586695434424, 30.698285940937833 ], [ 79.06371264201519, 30.691979383649905 ], [ 79.056415169655949, 30.691870351789362 ], [ 79.056541550302484, 30.685563815103979 ], [ 79.049244591596974, 30.685454400905407 ], [ 79.04937140601065, 30.679147884918692 ], [ 79.056667891085809, 30.679257271819452 ], [ 79.056920453105832, 30.666644165456614 ], [ 79.042329416561685, 30.666425091602584 ], [ 79.04245658417463, 30.660118583202973 ], [ 79.035161599182928, 30.660008459941057 ], [ 79.035671759712429, 30.634782470258539 ], [ 79.028378706098195, 30.634672048231188 ], [ 79.028250753775097, 30.640978527977907 ], [ 79.020957267990809, 30.640867669580143 ], [ 79.021085692856943, 30.63456121751506 ], [ 79.013792720137644, 30.63444997811817 ], [ 79.014050392932376, 30.62183710971776 ], [ 79.028634489636332, 30.622059068921274 ], [ 79.028762320873184, 30.615752569359916 ], [ 79.03605395771919, 30.615862908669335 ], [ 79.036308555415019, 30.603249834610583 ], [ 79.043599288662918, 30.603359710605307 ], [ 79.043852782485217, 30.590746555245616 ], [ 79.051142612538001, 30.590855968339365 ], [ 79.05089006193181, 30.603469178405163 ], [ 79.065471727937492, 30.603686889388634 ], [ 79.064718785474838, 30.641526687945124 ], [ 79.072012511327372, 30.641635093478623 ], [ 79.071511648973583, 30.666861602387197 ], [ 79.064216031198853, 30.666753088541292 ], [ 79.064090243452355, 30.673059672210165 ] ], [ [ 79.029017862336886, 30.603139550428956 ], [ 79.028890111769726, 30.609446063195513 ], [ 79.021598987211462, 30.609335343170873 ], [ 79.021855391475782, 30.596722366361281 ], [ 79.007275150774106, 30.596499812762623 ], [ 79.007404235185859, 30.590193370071638 ], [ 78.992825100424852, 30.5899692402893 ], [ 78.99308503199039, 30.577356447112482 ], [ 79.000373636456501, 30.577468659856176 ], [ 79.000244162348281, 30.583775087810295 ], [ 79.014822436093183, 30.583998345882154 ], [ 79.01495096784835, 30.577691862118318 ], [ 79.007662281792037, 30.577580464860805 ], [ 79.007791244008402, 30.571274002342815 ], [ 79.000503069695355, 30.571162225290433 ], [ 79.000632462075828, 30.564855784113977 ], [ 79.015207909652958, 30.565078874777939 ], [ 79.015079459031298, 30.571385371749955 ], [ 79.022367714615456, 30.571496333503777 ], [ 79.022495694341302, 30.565189808786766 ], [ 79.029783519431462, 30.565300335236127 ], [ 79.029656010612342, 30.571606887596253 ], [ 79.04423272325009, 30.571826772765167 ], [ 79.044359290223255, 30.565520165424431 ], [ 79.051647235627826, 30.565629469147471 ], [ 79.051521139593817, 30.571936103825685 ], [ 79.058809595756031, 30.572045027193038 ], [ 79.058935220840127, 30.565738365279184 ], [ 79.066223245711654, 30.565846853811731 ], [ 79.06584766476648, 30.584766901215477 ], [ 79.036690150712673, 30.584330174041742 ], [ 79.036308555415019, 30.603249834610583 ], [ 79.029017862336886, 30.603139550428956 ] ], [ [ 78.992695073087503, 30.596275626952647 ], [ 78.999985091479559, 30.596387923879998 ], [ 78.999855494697002, 30.602694331993735 ], [ 78.985274555763155, 30.602469273863822 ], [ 78.985143974568757, 30.608775619116539 ], [ 78.977853095111399, 30.608662449576208 ], [ 78.977984148038317, 30.602356132599233 ], [ 78.970693781673191, 30.60224258321248 ], [ 78.970825264813044, 30.595936287983601 ], [ 78.978115159605551, 30.59604980899627 ], [ 78.978507946260578, 30.577130798440557 ], [ 78.985796468542205, 30.577243826637901 ], [ 78.985535594530177, 30.589856563492017 ], [ 78.992825100424852, 30.5899692402893 ], [ 78.992695073087503, 30.596275626952647 ] ], [ [ 79.007146025608577, 30.602806248842761 ], [ 79.007016859678274, 30.609112678311131 ], [ 78.999725857000954, 30.609000733492163 ], [ 78.999855494697002, 30.602694331993735 ], [ 79.007146025608577, 30.602806248842761 ] ], [ [ 78.993344799484049, 30.564743627475021 ], [ 78.993474621731579, 30.558437207735814 ], [ 78.986187470839013, 30.558324671718559 ], [ 78.986317722656651, 30.552018273512282 ], [ 79.000891124305724, 30.552242881932667 ], [ 79.000632462075828, 30.564855784113977 ], [ 78.993344799484049, 30.564743627475021 ] ], [ [ 78.968848654226264, 30.690530019888101 ], [ 78.968716547281318, 30.696836215575917 ], [ 78.961419131135003, 30.696721830501698 ], [ 78.961551711876311, 30.690415663344112 ], [ 78.968848654226264, 30.690530019888101 ] ], [ [ 79.137294985552586, 30.661512953467298 ], [ 79.137173970006245, 30.667819809967718 ], [ 79.129878001810013, 30.667714979621149 ], [ 79.129999490655322, 30.661408149285158 ], [ 79.137294985552586, 30.661512953467298 ] ], [ [ 79.093770187235307, 30.648264574732409 ], [ 79.093522594080127, 30.660877990431455 ], [ 79.086227331391527, 30.660770731125915 ], [ 79.086475870571633, 30.648157368970697 ], [ 79.093770187235307, 30.648264574732409 ] ], [ [ 78.955317737790267, 30.639851549749366 ], [ 78.955052257646287, 30.652463926501472 ], [ 78.947758238584569, 30.6523489232282 ], [ 78.948024664038897, 30.639736603890285 ], [ 78.955317737790267, 30.639851549749366 ] ], [ [ 78.940597968030559, 30.645927383515566 ], [ 78.933304505915331, 30.645811591353958 ], [ 78.933572737269799, 30.63319937414883 ], [ 78.9408652544181, 30.633315108495573 ], [ 78.940597968030559, 30.645927383515566 ] ], [ [ 78.926280262430524, 30.633083231220009 ], [ 78.926414786887193, 30.626777141642251 ], [ 78.933706789477796, 30.626893255567161 ], [ 78.933572737269799, 30.63319937414883 ], [ 78.926280262430524, 30.633083231220009 ] ], [ [ 78.984621237458782, 30.634000933884707 ], [ 78.984490450042543, 30.640307246011453 ], [ 78.97719720969036, 30.640193935038607 ], [ 78.977065908370619, 30.646500212240131 ], [ 78.962478606877767, 30.646272307200299 ], [ 78.962743058228142, 30.633659859959565 ], [ 78.955450415046172, 30.633545351409271 ], [ 78.955715643982316, 30.620932934805612 ], [ 78.970299083158309, 30.621161429117837 ], [ 78.970167433917538, 30.62746769782277 ], [ 78.984751983608405, 30.627694615130903 ], [ 78.984882688502495, 30.621388289751014 ], [ 78.992174553115547, 30.621501107417405 ], [ 78.991914046600854, 30.634113807923718 ], [ 78.984621237458782, 30.634000933884707 ] ], [ [ 79.130363727261738, 30.642487618911147 ], [ 79.123069689663851, 30.642382484302203 ], [ 79.123313267798892, 30.629768817093222 ], [ 79.130606360161607, 30.629873899199094 ], [ 79.130363727261738, 30.642487618911147 ] ], [ [ 79.116020213861901, 30.629663326298875 ], [ 79.116264582912535, 30.617049685541897 ], [ 79.13084883995451, 30.61726015325856 ], [ 79.130727619191262, 30.62356702950694 ], [ 79.123434999222624, 30.623461973647608 ], [ 79.123313267798892, 30.629768817093222 ], [ 79.116020213861901, 30.629663326298875 ] ], [ [ 79.124164581405694, 30.585620775254728 ], [ 79.124043080318529, 30.591927658044199 ], [ 79.116752858450553, 30.591822325291215 ], [ 79.116874831028369, 30.585515468830305 ], [ 79.124164581405694, 30.585620775254728 ] ], [ [ 79.08228690424373, 30.490381179608232 ], [ 79.082039380538106, 30.502994816664511 ], [ 79.067472615615458, 30.502779601671559 ], [ 79.067846657717766, 30.483859297885914 ], [ 79.075128612976926, 30.483967027707966 ], [ 79.075004440706167, 30.490273829191857 ], [ 79.08228690424373, 30.490381179608232 ] ], [ [ 79.192111427221249, 30.460406501122353 ], [ 79.19199490841298, 30.466713746607368 ], [ 79.184713750060439, 30.466612594423733 ], [ 79.184830737483821, 30.460305374285607 ], [ 79.192111427221249, 30.460406501122353 ] ], [ [ 78.946307591097153, 30.374757620398945 ], [ 78.946175688274138, 30.381064033067254 ], [ 78.938901945818088, 30.380949451955413 ], [ 78.939034314978116, 30.37464306804365 ], [ 78.946307591097153, 30.374757620398945 ] ] ], [ [ [ 79.029656010612342, 30.571606887596253 ], [ 79.022367714615456, 30.571496333503777 ], [ 79.02223969447688, 30.577802851620643 ], [ 79.029528461529054, 30.577913433359733 ], [ 79.029656010612342, 30.571606887596253 ] ] ], [ [ [ 79.029400872170726, 30.584219972525677 ], [ 79.036690150712673, 30.584330174041742 ], [ 79.036817268856254, 30.578023607327591 ], [ 79.029528461529054, 30.577913433359733 ], [ 79.029400872170726, 30.584219972525677 ] ] ], [ [ [ 79.153204349938349, 30.592344908215097 ], [ 79.153323964959696, 30.586037921130895 ], [ 79.146034062061901, 30.585934246650233 ], [ 79.145913975508719, 30.592241207813665 ], [ 79.153204349938349, 30.592344908215097 ] ] ], [ [ [ 79.057425099261138, 30.641417873581105 ], [ 79.042837846346345, 30.641199018393049 ], [ 79.04271079905611, 30.647505546597294 ], [ 79.057298997431005, 30.647724456441438 ], [ 79.057425099261138, 30.641417873581105 ] ] ], [ [ [ 79.115286180583354, 30.667504091010134 ], [ 79.107990327851397, 30.667398032760971 ], [ 79.107867380384974, 30.673704777418557 ], [ 79.11516370653392, 30.673810862141789 ], [ 79.115286180583354, 30.667504091010134 ] ] ], [ [ [ 79.107744394121568, 30.680011515502681 ], [ 79.107867380384974, 30.673704777418557 ], [ 79.100571093033068, 30.673598283307676 ], [ 79.100447633213918, 30.67990499481224 ], [ 79.107744394121568, 30.680011515502681 ] ] ], [ [ [ 79.129391662936385, 30.692942235331262 ], [ 79.129513305199396, 30.686635431250597 ], [ 79.122215954580682, 30.686530112775923 ], [ 79.122093838431923, 30.692836890576707 ], [ 79.129391662936385, 30.692942235331262 ] ] ], [ [ [ 79.129026505823518, 30.711862608173281 ], [ 79.129148263258827, 30.705555823793496 ], [ 79.121849490534657, 30.705450426469156 ], [ 79.121727258765304, 30.711757184559051 ], [ 79.129026505823518, 30.711862608173281 ] ] ], [ [ [ 79.277615296897665, 30.152415824834403 ], [ 79.277724912383135, 30.146107984693213 ], [ 79.270467074027835, 30.146012531840576 ], [ 79.27035699717203, 30.152320347904944 ], [ 79.277615296897665, 30.152415824834403 ] ] ], [ [ [ 79.277286242024331, 30.171339306678345 ], [ 79.277505646682215, 30.158723658546265 ], [ 79.270246885440173, 30.158628157536977 ], [ 79.27035699717203, 30.152320347904944 ], [ 79.263098732322462, 30.152224469868244 ], [ 79.262877550813045, 30.164840034334201 ], [ 79.27013673882297, 30.164935960735775 ], [ 79.270026557311112, 30.171243757500434 ], [ 79.277286242024331, 30.171339306678345 ] ] ], [ [ [ 79.284327341880896, 30.184050124821049 ], [ 79.284436668998481, 30.177742292844854 ], [ 79.277176487563409, 30.177647121096797 ], [ 79.27706669833546, 30.18395492908234 ], [ 79.284327341880896, 30.184050124821049 ] ] ], [ [ [ 79.240651870030192, 30.18978060629566 ], [ 79.247912800441526, 30.189877834563809 ], [ 79.2481361109554, 30.17726241898702 ], [ 79.240876104817573, 30.177165239714828 ], [ 79.240988168959376, 30.170857546751908 ], [ 79.226469187130661, 30.170662033052981 ], [ 79.226356199182405, 30.176969676725644 ], [ 79.233616134177836, 30.177067658958691 ], [ 79.233503572483755, 30.183375320875964 ], [ 79.240764005177653, 30.183472926229705 ], [ 79.240651870030192, 30.18978060629566 ] ] ], [ [ [ 79.226017020556469, 30.19589256901509 ], [ 79.211494485023735, 30.195695251025015 ], [ 79.211152208332493, 30.214617936025522 ], [ 79.218414845948331, 30.214716870644089 ], [ 79.21864214116593, 30.202101703944614 ], [ 79.225903889388974, 30.202200186865717 ], [ 79.226017020556469, 30.19589256901509 ] ] ], [ [ [ 79.269585482131362, 30.196474880199997 ], [ 79.255062520280873, 30.196282383658758 ], [ 79.255173766223606, 30.189974661138688 ], [ 79.247912800441526, 30.189877834563809 ], [ 79.247689348444737, 30.202493224353535 ], [ 79.254951239104315, 30.202590099734184 ], [ 79.25461718407773, 30.221513209283831 ], [ 79.269143847893005, 30.221705899882231 ], [ 79.269585482131362, 30.196474880199997 ] ] ], [ [ [ 79.240315251447797, 30.208703607791037 ], [ 79.240427493174735, 30.202395947077211 ], [ 79.233165673440695, 30.202298267912276 ], [ 79.233052969074393, 30.208605904016224 ], [ 79.240315251447797, 30.208703607791037 ] ] ], [ [ [ 79.225790722392802, 30.208507798258594 ], [ 79.225677519558388, 30.214815403192826 ], [ 79.232940229016236, 30.2149135336646 ], [ 79.233052969074393, 30.208605904016224 ], [ 79.225790722392802, 30.208507798258594 ] ] ], [ [ [ 79.30556926300541, 30.215872722608378 ], [ 79.305677374783784, 30.209564851385828 ], [ 79.291152215135, 30.209376278108348 ], [ 79.29093410558805, 30.221991919111204 ], [ 79.29819759409294, 30.222086454381696 ], [ 79.298306203124284, 30.215778613290325 ], [ 79.30556926300541, 30.215872722608378 ] ] ], [ [ [ 79.232940229016236, 30.2149135336646 ], [ 79.232827453256746, 30.221221156856512 ], [ 79.240090661348162, 30.221318909860251 ], [ 79.239978312956481, 30.22762655121387 ], [ 79.247242019700494, 30.227723926543142 ], [ 79.247465754889561, 30.215108588349022 ], [ 79.232940229016236, 30.2149135336646 ] ] ], [ [ [ 79.254394304385158, 30.234128583410794 ], [ 79.254505761871854, 30.227820899571849 ], [ 79.247242019700494, 30.227723926543142 ], [ 79.24713009896962, 30.234031585962462 ], [ 79.254394304385158, 30.234128583410794 ] ] ], [ [ [ 79.196281661499, 30.233341336968312 ], [ 79.196166461863271, 30.239648816140431 ], [ 79.188902080731808, 30.239548574442946 ], [ 79.189133370021977, 30.226933660086427 ], [ 79.210923843184503, 30.227233027031957 ], [ 79.210695333396799, 30.239848092168213 ], [ 79.21795982350568, 30.239947126484168 ], [ 79.217845977837428, 30.246254674280859 ], [ 79.232375993014657, 30.246451585041573 ], [ 79.232488911674849, 30.240143987684476 ], [ 79.239753509441954, 30.240241814554647 ], [ 79.239865928990909, 30.233934186112304 ], [ 79.232601794595581, 30.233836383867338 ], [ 79.232714641786373, 30.227528773591047 ], [ 79.225451006336655, 30.227430593681731 ], [ 79.225564280876213, 30.221123001667497 ], [ 79.211038043833639, 30.220925484762056 ], [ 79.211152208332493, 30.214617936025522 ], [ 79.189364512914509, 30.214318719822117 ], [ 79.189248959763077, 30.220626193192288 ], [ 79.167460204999315, 30.220323282341347 ], [ 79.167694051412596, 30.207708481670966 ], [ 79.160432132544756, 30.207606758389673 ], [ 79.160079918880598, 30.226528872782826 ], [ 79.174606570666541, 30.226732070892751 ], [ 79.174490018020535, 30.233039480546964 ], [ 79.181753862473158, 30.233140501694081 ], [ 79.181289136825342, 30.258370177220272 ], [ 79.174023438315714, 30.258269054312972 ], [ 79.173906701060034, 30.26457643153725 ], [ 79.210237879593222, 30.265078144801471 ], [ 79.210352297346788, 30.258770641350313 ], [ 79.217618178364447, 30.258869750471948 ], [ 79.21773209612688, 30.252562215610403 ], [ 79.210466678892132, 30.252463131427103 ], [ 79.210581024238905, 30.246155615032784 ], [ 79.203316106829277, 30.246056153215772 ], [ 79.203545615779163, 30.233441151080942 ], [ 79.196281661499, 30.233341336968312 ] ] ], [ [ [ 79.282573392032532, 30.28497456124536 ], [ 79.282683274340158, 30.278666832268712 ], [ 79.289950901883827, 30.278761985080262 ], [ 79.290388227127863, 30.253530909022491 ], [ 79.283122455974521, 30.253435851929797 ], [ 79.283232164530489, 30.247128090741427 ], [ 79.29776281395155, 30.247317754436409 ], [ 79.297654032866262, 30.253625563367951 ], [ 79.304919873043019, 30.253719814959339 ], [ 79.304811521415246, 30.260027641178876 ], [ 79.312077859788687, 30.260121513630658 ], [ 79.312185747511435, 30.253813663789874 ], [ 79.319451656124755, 30.253907109852769 ], [ 79.319773723597621, 30.234983451219591 ], [ 79.312509205846553, 30.234890075698843 ], [ 79.312401420531259, 30.241197944823089 ], [ 79.297871560607661, 30.241009939071105 ], [ 79.297980272843816, 30.234702117272981 ], [ 79.290715857885317, 30.234607534381404 ], [ 79.290824999010766, 30.228299729963322 ], [ 79.283561081900501, 30.228204768541708 ], [ 79.283780186658234, 30.215589188221916 ], [ 79.276517230366267, 30.215493872485212 ], [ 79.276297199484944, 30.228109404784856 ], [ 79.269033351910622, 30.228013638699661 ], [ 79.268922820940446, 30.234321371074049 ], [ 79.261658545090953, 30.234225178450306 ], [ 79.261547515714128, 30.240532880160654 ], [ 79.254282811608178, 30.240436260799747 ], [ 79.253836487409231, 30.265666905837996 ], [ 79.246569963573634, 30.265569786245837 ], [ 79.246682061583272, 30.259262159100551 ], [ 79.232150048437632, 30.259066760372026 ], [ 79.232263038605424, 30.252759175937708 ], [ 79.22499754941353, 30.252660897116311 ], [ 79.224657079749733, 30.271583556813678 ], [ 79.246457830079848, 30.271877406933623 ], [ 79.2462334566018, 30.284492628933226 ], [ 79.253501373250231, 30.284589821848304 ], [ 79.253613113323041, 30.278282189634115 ], [ 79.260880600909985, 30.278378954987183 ], [ 79.260658014399922, 30.290994261646823 ], [ 79.26792646621648, 30.291090672360536 ], [ 79.268037312497427, 30.284782998013405 ], [ 79.282573392032532, 30.28497456124536 ] ] ], [ [ [ 79.159374487280346, 30.264372926324011 ], [ 79.152108436184548, 30.264270569480729 ], [ 79.151990269954069, 30.270577863254974 ], [ 79.159256785047702, 30.270680245853345 ], [ 79.159374487280346, 30.264372926324011 ] ] ], [ [ [ 79.180707401804781, 30.289907125717377 ], [ 79.21704804843661, 30.290407327727895 ], [ 79.217162146603059, 30.284099825219915 ], [ 79.231697729989705, 30.284297033473049 ], [ 79.231810863287308, 30.277989474894998 ], [ 79.22454351800657, 30.277891097112118 ], [ 79.224657079749733, 30.271583556813678 ], [ 79.173789926852848, 30.270883802272845 ], [ 79.173556267544413, 30.283498524274314 ], [ 79.180823822457867, 30.283599748992607 ], [ 79.180707401804781, 30.289907125717377 ] ] ], [ [ [ 79.166171400033051, 30.289704222117386 ], [ 79.166406062063174, 30.277089564218745 ], [ 79.159139045560153, 30.276987558886681 ], [ 79.158903454780599, 30.289602165461744 ], [ 79.166171400033051, 30.289704222117386 ] ] ], [ [ [ 79.304269248580937, 30.29156667577082 ], [ 79.304377771804425, 30.285258881722804 ], [ 79.289841484040849, 30.2850697379941 ], [ 79.289732031566544, 30.291377484465915 ], [ 79.304269248580937, 30.29156667577082 ] ] ], [ [ [ 79.2822435364033, 30.303897709501733 ], [ 79.282353523073411, 30.297589999862762 ], [ 79.275084536491917, 30.297494371780761 ], [ 79.27497408492566, 30.303802057372142 ], [ 79.2822435364033, 30.303897709501733 ] ] ], [ [ [ 79.252830189801529, 30.322435479503255 ], [ 79.253054059206917, 30.309820286125191 ], [ 79.274863598406299, 30.310109736512889 ], [ 79.27497408492566, 30.303802057372142 ], [ 79.245896630016318, 30.303415413479218 ], [ 79.246008941073271, 30.297107825092194 ], [ 79.253277786997884, 30.297205066904503 ], [ 79.253389597811662, 30.290897447605392 ], [ 79.231584560885722, 30.290604585584767 ], [ 79.231244838639839, 30.309527203113195 ], [ 79.245784283418246, 30.309722995403426 ], [ 79.245559483560726, 30.322338139859795 ], [ 79.252830189801529, 30.322435479503255 ] ] ], [ [ [ 79.209321232906959, 30.315537939309902 ], [ 79.20955061215713, 30.302923029545475 ], [ 79.202281516825479, 30.302823342287219 ], [ 79.202051207532534, 30.315438201919136 ], [ 79.209321232906959, 30.315537939309902 ] ] ], [ [ [ 79.28918424940143, 30.322916120163985 ], [ 79.289293875171168, 30.316608405915467 ], [ 79.296564326384527, 30.316703298634017 ], [ 79.296673452267854, 30.310395554088352 ], [ 79.282133514927082, 30.310205412693065 ], [ 79.28202345863545, 30.316513109435856 ], [ 79.274753076924455, 30.316417409202089 ], [ 79.274642520470806, 30.322725075438839 ], [ 79.28918424940143, 30.322916120163985 ] ] ], [ [ [ 79.180474449956321, 30.302521859698661 ], [ 79.180590944307568, 30.296214495953034 ], [ 79.158785603468658, 30.295909459001663 ], [ 79.15854978895058, 30.308524026581747 ], [ 79.151280486787115, 30.308421489385239 ], [ 79.151162058535206, 30.314728737645957 ], [ 79.165701630238487, 30.314933459961431 ], [ 79.165819128428737, 30.308626160246838 ], [ 79.180357918741194, 30.308829216953367 ], [ 79.180241350652352, 30.315136567716237 ], [ 79.172971471930097, 30.31503521566259 ], [ 79.172737294539289, 30.327649846752813 ], [ 79.180008103813975, 30.327751249762919 ], [ 79.179774709362221, 30.34036590583149 ], [ 79.187046486700879, 30.340466955750244 ], [ 79.187162736729476, 30.334159605578918 ], [ 79.201705470250076, 30.334360442740479 ], [ 79.201935998227199, 30.321745622010681 ], [ 79.194665544063085, 30.321645455770941 ], [ 79.194781218600582, 30.31533806085179 ], [ 79.187511266258198, 30.315237516115076 ], [ 79.187743435578099, 30.302622757356577 ], [ 79.180474449956321, 30.302521859698661 ] ] ], [ [ [ 79.231131526214625, 30.315834729350787 ], [ 79.223861392395051, 30.315736203032877 ], [ 79.223747578844623, 30.322043698033024 ], [ 79.231018177935155, 30.322142249117611 ], [ 79.231131526214625, 30.315834729350787 ] ] ], [ [ [ 79.245447030282222, 30.32864570239019 ], [ 79.23817589417385, 30.328547934359069 ], [ 79.238062939731819, 30.334855465853117 ], [ 79.24533454142454, 30.334953258454217 ], [ 79.245447030282222, 30.32864570239019 ] ] ], [ [ [ 79.281693080774872, 30.335436160964168 ], [ 79.281803241568667, 30.32912848357228 ], [ 79.259989409089357, 30.32884002667873 ], [ 79.259877851428925, 30.335147631578288 ], [ 79.281693080774872, 30.335436160964168 ] ] ], [ [ [ 79.208976891791579, 30.334460255353527 ], [ 79.20886203878355, 30.340767681070368 ], [ 79.194318300815453, 30.340567601601148 ], [ 79.194202479821868, 30.346874970565786 ], [ 79.201474796385909, 30.346975237526564 ], [ 79.201359404721771, 30.353282625188488 ], [ 79.23045089838763, 30.353679750859104 ], [ 79.230677917875084, 30.341064769584605 ], [ 79.223405922088929, 30.340966144181369 ], [ 79.223747578844623, 30.322043698033024 ], [ 79.209206488843549, 30.321845384472397 ], [ 79.209091708475, 30.328152823153911 ], [ 79.216362700795244, 30.328252206803068 ], [ 79.216248349657675, 30.334559663978482 ], [ 79.208976891791579, 30.334460255353527 ] ] ], [ [ [ 79.215676051114727, 30.366096852642801 ], [ 79.215790583236313, 30.359789427874603 ], [ 79.20851726171469, 30.359689919315194 ], [ 79.208402263310987, 30.365997319091964 ], [ 79.215676051114727, 30.366096852642801 ] ] ], [ [ [ 79.215561482767242, 30.372404270926868 ], [ 79.201013010683852, 30.372204749238971 ], [ 79.200897472956754, 30.378512110941074 ], [ 79.215446878184125, 30.378711682725932 ], [ 79.215561482767242, 30.372404270926868 ] ] ], [ [ [ 79.287535695217471, 30.417531059721814 ], [ 79.265702161009372, 30.417242803223882 ], [ 79.265813710704862, 30.41093525808315 ], [ 79.273091052829102, 30.411031724753137 ], [ 79.273202099872989, 30.40472414894322 ], [ 79.280479009709197, 30.404820186244052 ], [ 79.280368430066005, 30.411127786152861 ], [ 79.294923289287084, 30.411318693113735 ], [ 79.295142544254176, 30.398703391054557 ], [ 79.302419091233219, 30.398798189016908 ], [ 79.30252819960215, 30.392490504516559 ], [ 79.309804313941868, 30.392584873697874 ], [ 79.30991292082156, 30.386277159063063 ], [ 79.295361660617232, 30.386088063175894 ], [ 79.295690075441755, 30.367165022961732 ], [ 79.288415897259185, 30.367069939329774 ], [ 79.28819605544723, 30.379685258166223 ], [ 79.280920978819623, 30.379589721999878 ], [ 79.281031383778497, 30.373282089791036 ], [ 79.273756808731903, 30.373186172939242 ], [ 79.273645937110146, 30.379493781064333 ], [ 79.266370930466294, 30.379397435366496 ], [ 79.266259556977971, 30.385705012841967 ], [ 79.258984118755691, 30.385608238098886 ], [ 79.258872243105799, 30.391915784816195 ], [ 79.251596373324006, 30.391818580828652 ], [ 79.251821022965316, 30.37920352971183 ], [ 79.25909595903552, 30.379300684913336 ], [ 79.259319533522969, 30.366685559141089 ], [ 79.281141753828607, 30.366974451124833 ], [ 79.281252088979301, 30.360666806002122 ], [ 79.295799477828382, 30.360857329988203 ], [ 79.295908845619707, 30.354549630565085 ], [ 79.310455440343674, 30.354738489199185 ], [ 79.310780540486959, 30.335815209960543 ], [ 79.303508623795139, 30.335721053823288 ], [ 79.30361738763834, 30.329413304852352 ], [ 79.289074588944757, 30.329223827965208 ], [ 79.288855163933519, 30.341839224222227 ], [ 79.274310641185281, 30.341648035425678 ], [ 79.274199944750691, 30.347955675843863 ], [ 79.259654630215692, 30.347762821993069 ], [ 79.259542966643949, 30.354070407506519 ], [ 79.252269896227574, 30.353973349840398 ], [ 79.25215773114077, 30.360280904510759 ], [ 79.237610764509071, 30.36008552711694 ], [ 79.237497631291859, 30.366393026250364 ], [ 79.244771563114966, 30.366490941747479 ], [ 79.244658860582035, 30.372798458994545 ], [ 79.237384462290862, 30.372700518908992 ], [ 79.237271257496488, 30.379008005091936 ], [ 79.222721635239523, 30.378810861563267 ], [ 79.22249325094316, 30.391425715504507 ], [ 79.244320539069321, 30.391720971896643 ], [ 79.244094813036966, 30.404335948123233 ], [ 79.251371581574361, 30.404433606056738 ], [ 79.25103412732993, 30.423356095342005 ], [ 79.236477820914928, 30.423160226978865 ], [ 79.236364329427758, 30.429467661324409 ], [ 79.229085762165113, 30.429369094263798 ], [ 79.229199721438931, 30.423061684636171 ], [ 79.207365639709863, 30.422763625049118 ], [ 79.207250277134236, 30.429070959913162 ], [ 79.214528735870587, 30.429170743551019 ], [ 79.213838603833281, 30.467014766487566 ], [ 79.264808492936282, 30.467702931370095 ], [ 79.2650321218388, 30.455087938175794 ], [ 79.272312739839123, 30.455184574334542 ], [ 79.27242403286975, 30.448877043802803 ], [ 79.279704217613499, 30.448973249859463 ], [ 79.279925761749496, 30.436358121152903 ], [ 79.272646513432619, 30.436261963327365 ], [ 79.272757700983732, 30.429954413385399 ], [ 79.287315296627355, 30.43014627523231 ], [ 79.287535695217471, 30.417531059721814 ] ] ], [ [ [ 79.20782672549845, 30.397534220649035 ], [ 79.20771150870884, 30.403841581488869 ], [ 79.22226472217784, 30.404040543507502 ], [ 79.22215040359508, 30.410347947779922 ], [ 79.22942753194225, 30.410446845924138 ], [ 79.229655198450899, 30.397831981275647 ], [ 79.20782672549845, 30.397534220649035 ] ] ], [ [ [ 79.29437454498823, 30.442856835255355 ], [ 79.2944843632431, 30.436549219745537 ], [ 79.287205045068944, 30.436453873294603 ], [ 79.287094758655826, 30.442761464893756 ], [ 79.29437454498823, 30.442856835255355 ] ] ], [ [ [ 79.256964936231242, 30.499143088514902 ], [ 79.25707741462692, 30.492835651892634 ], [ 79.242510728810629, 30.492640055885627 ], [ 79.242397311537999, 30.49894744351252 ], [ 79.256964936231242, 30.499143088514902 ] ] ], [ [ [ 79.19035977387955, 30.555014499666559 ], [ 79.18307203935889, 30.554912992290877 ], [ 79.182954496283244, 30.561220114669538 ], [ 79.190242701642973, 30.561321647440106 ], [ 79.19035977387955, 30.555014499666559 ] ] ], [ [ [ 79.219395891343709, 30.561723702107891 ], [ 79.21210753897644, 30.561623799917701 ], [ 79.212338821776797, 30.549009346713337 ], [ 79.205051447527651, 30.548909087042304 ], [ 79.204703055931986, 30.567830681814286 ], [ 79.211991842787683, 30.567931016752834 ], [ 79.211876110060089, 30.57423822707543 ], [ 79.219165404630573, 30.574338179249608 ], [ 79.219395891343709, 30.561723702107891 ] ] ], [ [ [ 79.197414305763743, 30.567729939125062 ], [ 79.197530943977469, 30.561422772576535 ], [ 79.190242701642973, 30.561321647440106 ], [ 79.190125592431627, 30.567628788692453 ], [ 79.197414305763743, 30.567729939125062 ] ] ], [ [ [ 79.182836916084241, 30.56752723052379 ], [ 79.182954496283244, 30.561220114669538 ], [ 79.175666328046844, 30.561118174272178 ], [ 79.175548276870231, 30.567425264626408 ], [ 79.182836916084241, 30.56752723052379 ] ] ], [ [ [ 79.175075699243365, 30.592653560749035 ], [ 79.175548276870231, 30.567425264626408 ], [ 79.168259674938184, 30.567322891007709 ], [ 79.168022518347868, 30.579937000916082 ], [ 79.160733011485561, 30.579834168166059 ], [ 79.160613905615847, 30.586141187606781 ], [ 79.167903883881607, 30.586244046070398 ], [ 79.167785211954438, 30.592551084690243 ], [ 79.175075699243365, 30.592653560749035 ] ] ], [ [ [ 79.197414305763743, 30.567729939125062 ], [ 79.19718091881802, 30.58034425266451 ], [ 79.189891263044728, 30.580243051629932 ], [ 79.190125592431627, 30.567628788692453 ], [ 79.182836916084241, 30.56752723052379 ], [ 79.182130654739055, 30.60536978858655 ], [ 79.189422160134754, 30.605471499211315 ], [ 79.189539491404261, 30.599164397104893 ], [ 79.204121669390886, 30.599366542774789 ], [ 79.204238020133459, 30.59305938361943 ], [ 79.21152869254567, 30.593159818959109 ], [ 79.211760340783798, 30.58054543088458 ], [ 79.204470611447263, 30.580445045751826 ], [ 79.204703055931986, 30.567830681814286 ], [ 79.197414305763743, 30.567729939125062 ] ] ], [ [ [ 79.284437403920109, 30.5941417220528 ], [ 79.284548529665074, 30.587834285831747 ], [ 79.27725796987562, 30.587737956557451 ], [ 79.277146372421569, 30.594045368693315 ], [ 79.284437403920109, 30.5941417220528 ] ] ], [ [ [ 79.160375581037414, 30.598755206874191 ], [ 79.160494762136523, 30.592448200509786 ], [ 79.153204349938349, 30.592344908215097 ], [ 79.153084697148472, 30.598651888757448 ], [ 79.160375581037414, 30.598755206874191 ] ] ], [ [ [ 79.218934772317354, 30.586952630350279 ], [ 79.218819401536166, 30.593259846132998 ], [ 79.21152869254567, 30.593159818959109 ], [ 79.211180945826598, 30.612081352198082 ], [ 79.233057429303841, 30.612380433360091 ], [ 79.23340092865682, 30.593458675954547 ], [ 79.240691746489375, 30.593557478587787 ], [ 79.240805702345483, 30.587250188407729 ], [ 79.248096084499949, 30.587348558251264 ], [ 79.248209532870334, 30.58104123697656 ], [ 79.226339908983817, 30.580744977257368 ], [ 79.226225046105426, 30.587052224450073 ], [ 79.218934772317354, 30.586952630350279 ] ] ], [ [ [ 79.255273489954817, 30.593753859263433 ], [ 79.247982600304979, 30.59365587302646 ], [ 79.247869080275763, 30.599963181301284 ], [ 79.255160441745275, 30.600061192034506 ], [ 79.255273489954817, 30.593753859263433 ] ] ], [ [ [ 79.24046372681822, 30.606172039436544 ], [ 79.247755524402649, 30.606270483074841 ], [ 79.247869080275763, 30.599963181301284 ], [ 79.240577754650189, 30.59986476226435 ], [ 79.24046372681822, 30.606172039436544 ] ] ], [ [ [ 79.277034739728592, 30.600352774341129 ], [ 79.276923071787166, 30.606660173500032 ], [ 79.262339226983357, 30.60646614512719 ], [ 79.262113896453485, 30.619080826979015 ], [ 79.26940674557423, 30.619178093978793 ], [ 79.26929449938622, 30.625485449463163 ], [ 79.27658785637712, 30.625582332034416 ], [ 79.276811368587801, 30.612967566169122 ], [ 79.284103816106835, 30.613063991802459 ], [ 79.284215047150468, 30.606756575039022 ], [ 79.291507057622795, 30.606852568137093 ], [ 79.291617781541092, 30.600545120897657 ], [ 79.277034739728592, 30.600352774341129 ] ] ], [ [ [ 79.254368104276935, 30.644212339434645 ], [ 79.254594665078898, 30.631597758400027 ], [ 79.26188842362366, 30.631695482840083 ], [ 79.262113896453485, 30.619080826979015 ], [ 79.24752830508595, 30.618885067114682 ], [ 79.247641932675933, 30.612577778346267 ], [ 79.240349662983789, 30.612479310103474 ], [ 79.240007255368255, 30.631401083064009 ], [ 79.232713604500518, 30.631302132182299 ], [ 79.232598923864856, 30.637609352100426 ], [ 79.247187207039474, 30.637806894393098 ], [ 79.247073435899495, 30.644114157140695 ], [ 79.254368104276935, 30.644212339434645 ] ], [ [ 79.247300942277406, 30.631499625138964 ], [ 79.247414641622996, 30.625192349379205 ], [ 79.254707891860122, 30.625290458128489 ], [ 79.254594665078898, 30.631597758400027 ], [ 79.247300942277406, 30.631499625138964 ] ] ], [ [ [ 79.210948931657413, 30.624695675098568 ], [ 79.218242000991154, 30.624795827335312 ], [ 79.218357554018155, 30.618488644125964 ], [ 79.203772396701467, 30.618287981116495 ], [ 79.203888857684802, 30.611980841524208 ], [ 79.196596806299837, 30.611879922385842 ], [ 79.196128852041454, 30.63710834071637 ], [ 79.203422793111159, 30.637209360753062 ], [ 79.203072858351675, 30.656130681660649 ], [ 79.21036825507646, 30.656231368225743 ], [ 79.210252009768254, 30.662538487280013 ], [ 79.217547916431357, 30.66263878969685 ], [ 79.217432107846335, 30.668945927266456 ], [ 79.224728524467565, 30.669045845326661 ], [ 79.224613152904269, 30.67535300131496 ], [ 79.261098146996332, 30.675846573575729 ], [ 79.261437050756513, 30.656924716561992 ], [ 79.268732736721162, 30.657022129435365 ], [ 79.268957548170505, 30.644407476939911 ], [ 79.261662808416986, 30.644310112703408 ], [ 79.261549947398294, 30.650617417883733 ], [ 79.2396645233801, 30.6503227974457 ], [ 79.239778803433779, 30.644015565828688 ], [ 79.225189646834167, 30.643817156179107 ], [ 79.225419989823237, 30.631202772501002 ], [ 79.210832869636221, 30.631002826768512 ], [ 79.210948931657413, 30.624695675098568 ] ] ], [ [ [ 79.268620277776051, 30.663329445933762 ], [ 79.275916472563182, 30.663426473784508 ], [ 79.276028458169264, 30.657119133065169 ], [ 79.268732736721162, 30.657022129435365 ], [ 79.268620277776051, 30.663329445933762 ] ] ], [ [ [ 79.282542889730649, 30.701367144894746 ], [ 79.289841998340918, 30.701463498196972 ], [ 79.289953247654054, 30.695156148304367 ], [ 79.297251917102599, 30.695252067694021 ], [ 79.297473362380984, 30.682637300565734 ], [ 79.290175641011786, 30.682541429032433 ], [ 79.290286785075395, 30.676234059654867 ], [ 79.261098146996332, 30.675846573575729 ], [ 79.260985107765862, 30.682153846237043 ], [ 79.275580303643849, 30.682348456953175 ], [ 79.275468176605187, 30.688655771676743 ], [ 79.2608720328641, 30.688461112391945 ], [ 79.260758922281411, 30.694768372039555 ], [ 79.282654613298163, 30.695059819037102 ], [ 79.282542889730649, 30.701367144894746 ] ], [ [ 79.290064461874508, 30.688848791915902 ], [ 79.282766301623525, 30.688752486680535 ], [ 79.282877954716284, 30.682445147825927 ], [ 79.290175641011786, 30.682541429032433 ], [ 79.290064461874508, 30.688848791915902 ] ] ], [ [ [ 79.282095642848049, 30.726596383318814 ], [ 79.282207507479669, 30.720289083465499 ], [ 79.267606548928768, 30.720095001782834 ], [ 79.267493734620345, 30.726402253234944 ], [ 79.282095642848049, 30.726596383318814 ] ] ], [ [ [ 79.245476864783129, 30.73241515193321 ], [ 79.245591139572625, 30.726107980368646 ], [ 79.230989589482874, 30.725909746713825 ], [ 79.230874364814269, 30.732216868848287 ], [ 79.245476864783129, 30.73241515193321 ] ] ], [ [ [ 79.388133081328064, 30.052868049027545 ], [ 79.380881642561334, 30.052778950139732 ], [ 79.380778976440027, 30.059087212465592 ], [ 79.388030874524304, 30.059176333871463 ], [ 79.388133081328064, 30.052868049027545 ] ] ], [ [ [ 79.33726827667239, 30.058544090733058 ], [ 79.330016609525828, 30.0584521716222 ], [ 79.32969876475029, 30.077376438864793 ], [ 79.322445752561592, 30.077284050113899 ], [ 79.322339277285337, 30.083592103062532 ], [ 79.344099794021503, 30.083868139170704 ], [ 79.344414981385739, 30.06494375202303 ], [ 79.358919401083128, 30.065125637906089 ], [ 79.358815291070144, 30.07143381930311 ], [ 79.366068010074059, 30.071524185414731 ], [ 79.366275278080437, 30.058907770585478 ], [ 79.373527110910231, 30.058997691368123 ], [ 79.37363023634046, 30.052689451661269 ], [ 79.337373698516274, 30.052235965635411 ], [ 79.33726827667239, 30.058544090733058 ] ] ], [ [ [ 79.4096859018766, 30.065749645303327 ], [ 79.409181118136402, 30.097291276944233 ], [ 79.416435904151712, 30.097378932262863 ], [ 79.417038789495066, 30.05952882245111 ], [ 79.409786762648451, 30.059441299875477 ], [ 79.409887591448069, 30.053132948083103 ], [ 79.395384552495116, 30.052956748318294 ], [ 79.395282805017516, 30.05926505557931 ], [ 79.402534767774085, 30.059353377582774 ], [ 79.402433447513403, 30.065661700792674 ], [ 79.4096859018766, 30.065749645303327 ] ] ], [ [ [ 79.380059401581178, 30.103244870180564 ], [ 79.380162295765487, 30.096936652502364 ], [ 79.37290767132427, 30.096846995631971 ], [ 79.372804316811411, 30.103155190671529 ], [ 79.380059401581178, 30.103244870180564 ] ] ], [ [ [ 79.423490426239979, 30.110082883663402 ], [ 79.423690722044455, 30.09746618725212 ], [ 79.416435904151712, 30.097378932262863 ], [ 79.416234687441388, 30.10999558460664 ], [ 79.423490426239979, 30.110082883663402 ] ] ], [ [ [ 79.401011586711448, 30.153977556678061 ], [ 79.401316802428951, 30.135052835611546 ], [ 79.394059316290907, 30.134964245598322 ], [ 79.393752716445093, 30.153888899599988 ], [ 79.401011586711448, 30.153977556678061 ] ] ], [ [ [ 79.357354280987082, 30.159747687950976 ], [ 79.357563393730516, 30.14713149772254 ], [ 79.350305181479712, 30.147040456384612 ], [ 79.3500951456504, 30.1596566006811 ], [ 79.357354280987082, 30.159747687950976 ] ] ], [ [ [ 79.320738092560731, 30.17821212856639 ], [ 79.320845075099427, 30.171904171739442 ], [ 79.313585184032718, 30.171811031168758 ], [ 79.313477739484171, 30.178118964513867 ], [ 79.320738092560731, 30.17821212856639 ] ] ], [ [ [ 79.342308061271083, 30.191105245451652 ], [ 79.342413724636756, 30.184797231600083 ], [ 79.335152808147228, 30.184705249064436 ], [ 79.335046682452202, 30.191013239731909 ], [ 79.342308061271083, 30.191105245451652 ] ] ], [ [ [ 79.384949561456239, 30.248421911893619 ], [ 79.370418103337585, 30.248241912668803 ], [ 79.370313960151151, 30.254549954237088 ], [ 79.384846345956461, 30.254729998773282 ], [ 79.384949561456239, 30.248421911893619 ] ] ], [ [ [ 79.326717598736309, 30.254000153141305 ], [ 79.319451656124755, 30.253907109852769 ], [ 79.319236774500268, 30.266522850147528 ], [ 79.311969937911883, 30.266429357041844 ], [ 79.3118619818719, 30.272737194022579 ], [ 79.333663986189734, 30.273016534675108 ], [ 79.33387707924625, 30.26040071374533 ], [ 79.341143553355295, 30.260492974680936 ], [ 79.340825255881995, 30.27941676610736 ], [ 79.348093156289579, 30.279508693508294 ], [ 79.348198824638601, 30.27320074632895 ], [ 79.35546629409356, 30.273292247501537 ], [ 79.355571464751748, 30.266984270886439 ], [ 79.348304459549539, 30.266892792732829 ], [ 79.348515629092944, 30.254276866293768 ], [ 79.341249585367137, 30.254185031368472 ], [ 79.341461548725675, 30.24156912549331 ], [ 79.326931416961642, 30.241384340315072 ], [ 79.326717598736309, 30.254000153141305 ] ] ], [ [ [ 79.399174189754859, 30.267524676362306 ], [ 79.399276542309735, 30.261216557366062 ], [ 79.392009803774712, 30.261127519780327 ], [ 79.391906987061134, 30.267435616368616 ], [ 79.399174189754859, 30.267524676362306 ] ] ], [ [ [ 79.384639816915566, 30.267346153332038 ], [ 79.384536503356983, 30.273654221009387 ], [ 79.391804137799383, 30.273743706558076 ], [ 79.391906987061134, 30.267435616368616 ], [ 79.384639816915566, 30.267346153332038 ] ] ], [ [ [ 79.304486260690425, 30.278951081238706 ], [ 79.304703135486662, 30.266335460965863 ], [ 79.297436367371418, 30.266241161926342 ], [ 79.297218564049544, 30.278856734739204 ], [ 79.304486260690425, 30.278951081238706 ] ] ], [ [ [ 79.355255852894629, 30.285908181489194 ], [ 79.34798745449352, 30.285816634269995 ], [ 79.347881719241528, 30.292124568613161 ], [ 79.340612889611876, 30.292032594957078 ], [ 79.340506656063482, 30.298340499748942 ], [ 79.347775950524621, 30.29843249653694 ], [ 79.347670148333876, 30.304740418040421 ], [ 79.354939941256319, 30.304832034351126 ], [ 79.355045278459627, 30.298524089814261 ], [ 79.362314639721447, 30.298615279574275 ], [ 79.362419478748578, 30.292307305690922 ], [ 79.36968840833201, 30.292398069099399 ], [ 79.369792749476971, 30.286090065977593 ], [ 79.36252428460476, 30.285999325393924 ], [ 79.362629057298861, 30.279691338684124 ], [ 79.355361090144157, 30.279600217702754 ], [ 79.355255852894629, 30.285908181489194 ] ] ], [ [ [ 79.42774036652601, 30.299417828059813 ], [ 79.420470711939004, 30.299330270248113 ], [ 79.420571831855341, 30.293022116583487 ], [ 79.391495394638113, 30.292667938724751 ], [ 79.391392415096675, 30.298976003310187 ], [ 79.398661940787306, 30.299065175385579 ], [ 79.398559393694498, 30.305373255992578 ], [ 79.427639679680979, 30.305725997351342 ], [ 79.42774036652601, 30.299417828059813 ] ] ], [ [ [ 79.310997102581382, 30.323199658265956 ], [ 79.310888838661498, 30.329507437332882 ], [ 79.318160323939296, 30.329601165828979 ], [ 79.318591312942672, 30.304369916742989 ], [ 79.325860971051597, 30.304463147462204 ], [ 79.325968168150794, 30.298155295667435 ], [ 79.296891600479825, 30.297780045670194 ], [ 79.296782543629874, 30.30408780310011 ], [ 79.304052099084771, 30.304182244555165 ], [ 79.303726117079705, 30.323105549439195 ], [ 79.310997102581382, 30.323199658265956 ] ] ], [ [ [ 79.354623729596213, 30.323755829448679 ], [ 79.354729166833522, 30.317447904169221 ], [ 79.347458443495, 30.317356241783113 ], [ 79.347352540828965, 30.32366414402054 ], [ 79.354623729596213, 30.323755829448679 ] ] ], [ [ [ 79.332703396670112, 30.329787410840868 ], [ 79.3328102639707, 30.323479561421461 ], [ 79.325539176174019, 30.32338666426384 ], [ 79.325431843324566, 30.329694490333885 ], [ 79.332703396670112, 30.329787410840868 ] ] ], [ [ [ 79.40449940728989, 30.387466802355856 ], [ 79.4117755219293, 30.387555478671629 ], [ 79.411979561121882, 30.374939388383169 ], [ 79.40470438028062, 30.374850756580791 ], [ 79.405011596776745, 30.355926639860758 ], [ 79.41228537802705, 30.356015204913991 ], [ 79.412081532332792, 30.368631333630784 ], [ 79.41935627874166, 30.36871953849489 ], [ 79.419254774217166, 30.375027615398182 ], [ 79.426530019418976, 30.375115437619467 ], [ 79.42673206312746, 30.36249923331545 ], [ 79.419457751168224, 30.362411455190056 ], [ 79.419660599762025, 30.349795269379324 ], [ 79.42693397906848, 30.349883003419894 ], [ 79.426833037064625, 30.356191121566205 ], [ 79.434106914557077, 30.356278473152461 ], [ 79.433805296579777, 30.375202855040669 ], [ 79.448355946188201, 30.3753764754576 ], [ 79.448455583881326, 30.369068310966565 ], [ 79.455730489304827, 30.369154492306819 ], [ 79.455928737160065, 30.356538100876293 ], [ 79.44865476475222, 30.356451962813779 ], [ 79.448853819658879, 30.343835589105737 ], [ 79.441580811151141, 30.343749089999029 ], [ 79.441680757372495, 30.337440915294842 ], [ 79.434408246461317, 30.337354033715759 ], [ 79.43450862689734, 30.331045874452315 ], [ 79.427236613565753, 30.33095861060746 ], [ 79.427337427921884, 30.324650466881643 ], [ 79.42006591215285, 30.324562820977587 ], [ 79.419964632133272, 30.3308709426734 ], [ 79.412692682747178, 30.330782870656492 ], [ 79.412489094808834, 30.343399050586928 ], [ 79.390670645250424, 30.343132276070644 ], [ 79.390773853116997, 30.336824256325666 ], [ 79.405318521893136, 30.337002465492503 ], [ 79.40542076555468, 30.330694394563075 ], [ 79.390877028339517, 30.330516230172297 ], [ 79.391083280887258, 30.317900158643926 ], [ 79.376541536382106, 30.317720468371405 ], [ 79.376749519449888, 30.30510446154452 ], [ 79.3622097675145, 30.304923247043089 ], [ 79.36168490847173, 30.336462988138869 ], [ 79.368957095151501, 30.336553911400951 ], [ 79.368852489567317, 30.342861863212011 ], [ 79.376125175230015, 30.342952405081018 ], [ 79.376021002595479, 30.349260373223316 ], [ 79.354201646932381, 30.348987466349005 ], [ 79.354307217673409, 30.342679566758303 ], [ 79.325217075735765, 30.342310123172986 ], [ 79.325109640978212, 30.348617929940268 ], [ 79.346928594978124, 30.348895688723896 ], [ 79.346716420815028, 30.361511422515502 ], [ 79.317620820198456, 30.361140082362859 ], [ 79.317512817027364, 30.367447846351066 ], [ 79.310238535473275, 30.367353976479201 ], [ 79.310130031578041, 30.373661710452851 ], [ 79.324679561981327, 30.373849092640668 ], [ 79.324356645513433, 30.392772397054255 ], [ 79.346185397887183, 30.393050644471806 ], [ 79.346291669653908, 30.386742812943776 ], [ 79.353567520809378, 30.386834728951087 ], [ 79.353461716092411, 30.393142583552937 ], [ 79.36073806775866, 30.393234117593963 ], [ 79.360527292493188, 30.405849853458538 ], [ 79.367804612051074, 30.405941028202655 ], [ 79.367909548982013, 30.399633140608238 ], [ 79.37518643435159, 30.399723887321059 ], [ 79.375081964792514, 30.406031797690204 ], [ 79.38963676923531, 30.406212120869323 ], [ 79.389740304024116, 30.399904165255688 ], [ 79.397017288031734, 30.399993696464463 ], [ 79.397120322838219, 30.393685711966864 ], [ 79.404396872170452, 30.393774815629321 ], [ 79.40449940728989, 30.387466802355856 ] ] ], [ [ [ 79.317296708189048, 30.380063355001859 ], [ 79.310021493363877, 30.379969437981099 ], [ 79.30991292082156, 30.386277159063063 ], [ 79.317188602503506, 30.386371099662721 ], [ 79.317296708189048, 30.380063355001859 ] ] ], [ [ [ 79.469985588413749, 30.388250309004889 ], [ 79.470083888050326, 30.381942092657237 ], [ 79.455532116007859, 30.381770858186094 ], [ 79.455631318340764, 30.375462678440794 ], [ 79.448355946188201, 30.3753764754576 ], [ 79.448256276978697, 30.381684633557253 ], [ 79.433704693642454, 30.381510969544181 ], [ 79.433604058885166, 30.387819077649986 ], [ 79.426327847874546, 30.387731616325052 ], [ 79.426226714142402, 30.394039696076291 ], [ 79.41167345393032, 30.393863514205982 ], [ 79.41157135365134, 30.400171543332579 ], [ 79.404294304623377, 30.400082822492241 ], [ 79.404191704639956, 30.406390822943784 ], [ 79.396914220641264, 30.40630167454788 ], [ 79.396811120658029, 30.412609646216204 ], [ 79.440479313829968, 30.413138589828172 ], [ 79.440579608354668, 30.406830485459189 ], [ 79.447857284807768, 30.40691720202496 ], [ 79.447957080167356, 30.400609069499371 ], [ 79.455234320711966, 30.400695359081492 ], [ 79.455333617201873, 30.394387198507303 ], [ 79.462610421821097, 30.394473061305554 ], [ 79.462709219736709, 30.388164872790703 ], [ 79.469985588413749, 30.388250309004889 ] ] ], [ [ [ 79.353038162524939, 30.418373937647122 ], [ 79.353144101139719, 30.412066108772297 ], [ 79.338588694294614, 30.411881686793887 ], [ 79.338481820407964, 30.418189469396207 ], [ 79.353038162524939, 30.418373937647122 ] ] ], [ [ [ 79.331096324515073, 30.424404379988253 ], [ 79.331203699964263, 30.418096627117379 ], [ 79.31664756104523, 30.417909726286531 ], [ 79.316430904876285, 30.430525131802177 ], [ 79.323709892943285, 30.430618831920516 ], [ 79.323817770250585, 30.424311108889452 ], [ 79.331096324515073, 30.424404379988253 ] ] ], [ [ [ 79.374663756108831, 30.431263374922345 ], [ 79.374872926557899, 30.418647599156884 ], [ 79.367594638629598, 30.418556784111324 ], [ 79.367384532402582, 30.431172514307338 ], [ 79.374663756108831, 30.431263374922345 ] ] ], [ [ [ 79.476870348321313, 30.413568227111352 ], [ 79.477164124651139, 30.394643571487148 ], [ 79.46988725768675, 30.394558518967571 ], [ 79.469788895861001, 30.4008667225444 ], [ 79.462511592659084, 30.400781243431897 ], [ 79.462313840562246, 30.413397588515615 ], [ 79.455035633516189, 30.413311661052756 ], [ 79.45493624279348, 30.41961980244815 ], [ 79.440378987590336, 30.419446687797922 ], [ 79.440278629627272, 30.425754779367562 ], [ 79.425720565539407, 30.425579998782585 ], [ 79.425619239770214, 30.431888040107864 ], [ 79.432898723907044, 30.431975655182718 ], [ 79.432393956728163, 30.463515875586367 ], [ 79.439675815179385, 30.46360319433542 ], [ 79.439776363662091, 30.457295141184343 ], [ 79.447057785106693, 30.457382031914182 ], [ 79.447357834460206, 30.438457768700896 ], [ 79.454637882024755, 30.438544188263027 ], [ 79.454836820642967, 30.425927937448886 ], [ 79.483953578726258, 30.426269385900728 ], [ 79.484148648738753, 30.413652938231913 ], [ 79.476870348321313, 30.413568227111352 ] ] ], [ [ [ 79.330773994435106, 30.443327599936154 ], [ 79.330881471759596, 30.437019866398522 ], [ 79.323601981529734, 30.436926548504207 ], [ 79.323494036000753, 30.443234258639688 ], [ 79.330773994435106, 30.443327599936154 ] ] ], [ [ [ 79.367069123895604, 30.450096061374953 ], [ 79.381630413958021, 30.450277513381373 ], [ 79.381734646539073, 30.443969625302383 ], [ 79.374454453374312, 30.443879124979695 ], [ 79.374559121281692, 30.437571253164968 ], [ 79.367279429464702, 30.43748036976092 ], [ 79.367384532402582, 30.431172514307338 ], [ 79.360105341915556, 30.431081248029045 ], [ 79.359894166460137, 30.443696906721115 ], [ 79.367174293298689, 30.443788218783752 ], [ 79.367069123895604, 30.450096061374953 ] ] ], [ [ [ 79.358730312501862, 30.513082569274534 ], [ 79.359048128520442, 30.494159284039799 ], [ 79.344480472709179, 30.493975073392953 ], [ 79.344373628367237, 30.500282795435787 ], [ 79.35165790903477, 30.500375127216259 ], [ 79.351445058628244, 30.512990598211957 ], [ 79.358730312501862, 30.513082569274534 ] ] ], [ [ [ 79.357243182557838, 30.60139046648866 ], [ 79.357562406986631, 30.582467452101902 ], [ 79.350271974740892, 30.58237522754785 ], [ 79.350378787209451, 30.576067566236709 ], [ 79.343088860191045, 30.575974956749533 ], [ 79.342981576227288, 30.582282594899436 ], [ 79.313820322469866, 30.581907983496826 ], [ 79.313929492322728, 30.575600439011797 ], [ 79.306639736150714, 30.575505789663993 ], [ 79.306749342837207, 30.569198262376823 ], [ 79.314038627708825, 30.569292888056424 ], [ 79.314147728637465, 30.562985330631584 ], [ 79.299570135794426, 30.562795718854986 ], [ 79.299680144271605, 30.556488202387893 ], [ 79.314256795117899, 30.556677766738147 ], [ 79.314365827159435, 30.550370196376971 ], [ 79.307077955296947, 30.550275641683957 ], [ 79.307187423614721, 30.543968088512145 ], [ 79.336337234169179, 30.544343767939214 ], [ 79.336444785633375, 30.53803611429694 ], [ 79.351018954155577, 30.538221462833324 ], [ 79.351125530753848, 30.53191375635139 ], [ 79.343838900038975, 30.531821308910942 ], [ 79.34394591328406, 30.525513619117323 ], [ 79.336659786674275, 30.525420787644531 ], [ 79.336552303132038, 30.531728454198415 ], [ 79.329265740181484, 30.531635192220541 ], [ 79.329157752246331, 30.537942828974504 ], [ 79.321870752973368, 30.537849136291559 ], [ 79.322087635444916, 30.525233903215263 ], [ 79.32937369401175, 30.525327549008253 ], [ 79.329481613746339, 30.51901989933852 ], [ 79.344052892730346, 30.519205922872146 ], [ 79.344159838386901, 30.512898220176247 ], [ 79.33687465192618, 30.512805435174091 ], [ 79.336982033654067, 30.506497749259278 ], [ 79.329697350965176, 30.506404580630164 ], [ 79.329805168467772, 30.500096911593257 ], [ 79.337089381462135, 30.500190056892539 ], [ 79.337196695359481, 30.493882358074778 ], [ 79.344480472709179, 30.493975073392953 ], [ 79.344587283297784, 30.487667344902864 ], [ 79.330020701305131, 30.487481554158379 ], [ 79.330128416658241, 30.481173865762138 ], [ 79.337411221458481, 30.481266941089579 ], [ 79.337518433678369, 30.474959222923893 ], [ 79.344800803251189, 30.47505186858443 ], [ 79.344694060142089, 30.481359609966407 ], [ 79.359259838566757, 30.481543728341418 ], [ 79.359048128520442, 30.494159284039799 ], [ 79.366332006685511, 30.494250779355166 ], [ 79.366226571064047, 30.500558570462243 ], [ 79.395364293747335, 30.500920575509095 ], [ 79.395260703820767, 30.50722845084821 ], [ 79.409830701661249, 30.507407057268921 ], [ 79.410035969968078, 30.494791210719189 ], [ 79.417320078180083, 30.494879859131007 ], [ 79.417524277966649, 30.482263942490363 ], [ 79.410241108598697, 30.482175338483586 ], [ 79.410446117622868, 30.469559440568958 ], [ 79.417728348739544, 30.469648000181898 ], [ 79.417830335767562, 30.46334001940437 ], [ 79.425112130208205, 30.463428150607228 ], [ 79.42521361624479, 30.457120141327152 ], [ 79.41793229056816, 30.457032032212449 ], [ 79.418034213150008, 30.450724038606992 ], [ 79.425315070210658, 30.450812125636311 ], [ 79.425517881964765, 30.438196075025818 ], [ 79.4182379616921, 30.438108032158915 ], [ 79.418441581463043, 30.425492000066996 ], [ 79.41116262956217, 30.425403595744474 ], [ 79.41126485904779, 30.41909559225741 ], [ 79.389429601427508, 30.418828012842049 ], [ 79.389533201706044, 30.41252007006505 ], [ 79.382255315503315, 30.412430088536066 ], [ 79.381838846178923, 30.437661730797469 ], [ 79.396398394622508, 30.437841468721718 ], [ 79.396191835820588, 30.450457341461682 ], [ 79.381630413958021, 30.450277513381373 ], [ 79.381526148426929, 30.456585395033617 ], [ 79.374245018283275, 30.456494849322013 ], [ 79.374140251081826, 30.462802701847867 ], [ 79.366858685342535, 30.462711727259006 ], [ 79.366963921246537, 30.456403897533658 ], [ 79.35240182708587, 30.456220775753092 ], [ 79.352614073006578, 30.44360518879839 ], [ 79.345334013085932, 30.443513065022209 ], [ 79.345227438516886, 30.449820838618738 ], [ 79.337946943906474, 30.449728285794091 ], [ 79.337839867128977, 30.456036029744872 ], [ 79.34512083025794, 30.456128605774101 ], [ 79.345014188300055, 30.462436366487417 ], [ 79.337732756504522, 30.462343767250665 ], [ 79.337625612024027, 30.468651498310628 ], [ 79.330343745279038, 30.46855846961639 ], [ 79.330451358565028, 30.462250761868603 ], [ 79.323169994629609, 30.462157350347976 ], [ 79.323278042559863, 30.455849659562439 ], [ 79.31599718141571, 30.455755865422717 ], [ 79.316105663694202, 30.449448191696117 ], [ 79.308825305322912, 30.44935401514461 ], [ 79.308934221653701, 30.443046358573614 ], [ 79.29437454498823, 30.442856835255355 ], [ 79.294154804320641, 30.45547204689105 ], [ 79.279593393018175, 30.455280804511307 ], [ 79.27948253339207, 30.461588352694342 ], [ 79.294044881889249, 30.461779643015181 ], [ 79.293934924713668, 30.468087232675696 ], [ 79.301216619911912, 30.468182292503752 ], [ 79.300997539253856, 30.480797500081248 ], [ 79.293714906092617, 30.480702392602279 ], [ 79.293384617346049, 30.499625083992996 ], [ 79.300668658562827, 30.499720262970843 ], [ 79.300558962374183, 30.506027837670118 ], [ 79.307843507900628, 30.506122633663061 ], [ 79.30773424685654, 30.512430225635725 ], [ 79.31501929671127, 30.512524638436229 ], [ 79.314801611122178, 30.525139850272332 ], [ 79.307515621191982, 30.525045390186278 ], [ 79.307296857363596, 30.537660528871346 ], [ 79.300009961323823, 30.537565614147717 ], [ 79.300119830912635, 30.53125807179093 ], [ 79.292833439971062, 30.531162773588132 ], [ 79.29294374510286, 30.524855248612123 ], [ 79.300229665802732, 30.524950522963916 ], [ 79.300449231524169, 30.512335405902629 ], [ 79.293164250862489, 30.512240179243822 ], [ 79.293274451509092, 30.505932634853295 ], [ 79.28598997545366, 30.505837025219478 ], [ 79.286542803441733, 30.474299325911655 ], [ 79.279260709009847, 30.474203429650519 ], [ 79.279371638725763, 30.467895894407718 ], [ 79.272090048232201, 30.467799615981626 ], [ 79.271978649636992, 30.474107127095213 ], [ 79.264696625471259, 30.474010418252711 ], [ 79.264136757628108, 30.505547755485377 ], [ 79.271421128364892, 30.505644585528557 ], [ 79.271309518384925, 30.511952057782153 ], [ 79.278594394144548, 30.512048505176658 ], [ 79.278038166162219, 30.543585890014164 ], [ 79.285325428152163, 30.543682050777473 ], [ 79.285214547772952, 30.549989532369139 ], [ 79.292502315455138, 30.55008530967315 ], [ 79.292391870878348, 30.556392808750921 ], [ 79.277815428894655, 30.556200798587831 ], [ 79.277926815114682, 30.549893347541964 ], [ 79.263351455464061, 30.549699755345962 ], [ 79.263126764334288, 30.562314554069602 ], [ 79.25583819591381, 30.562217097966396 ], [ 79.256176591764344, 30.543294963266408 ], [ 79.248889471317426, 30.543197172887957 ], [ 79.249002669186112, 30.536889806141321 ], [ 79.270862725730169, 30.537181881990389 ], [ 79.270974476823071, 30.530874435661005 ], [ 79.263688226160795, 30.530777508602242 ], [ 79.264024677889267, 30.511855203489667 ], [ 79.256739872805923, 30.511757942306211 ], [ 79.256852422294102, 30.505450518653056 ], [ 79.242283858427442, 30.505254824649146 ], [ 79.242397311537999, 30.49894744351252 ], [ 79.227829830196399, 30.498750171845604 ], [ 79.228172790165317, 30.479828137686493 ], [ 79.2427374558807, 30.480025261164496 ], [ 79.24262411025498, 30.486332661769328 ], [ 79.257189857490687, 30.486528208787135 ], [ 79.257414636660698, 30.473913303129979 ], [ 79.21372345454779, 30.47332208090457 ], [ 79.213608268870715, 30.479629388822328 ], [ 79.220890511391374, 30.479728966424101 ], [ 79.220775758411534, 30.486036292791159 ], [ 79.198927732935331, 30.485736265842938 ], [ 79.198811535981747, 30.492043510549049 ], [ 79.213377788302694, 30.492243985156527 ], [ 79.213262493392151, 30.498551273571206 ], [ 79.220546143652996, 30.498650926030756 ], [ 79.2204312818548, 30.504958232901522 ], [ 79.213147162050873, 30.504858555483096 ], [ 79.213031794269028, 30.511165830891279 ], [ 79.220316383764271, 30.51126553327174 ], [ 79.220201449371686, 30.51757282714053 ], [ 79.22748654501838, 30.517672147536043 ], [ 79.227372044311622, 30.52397945976902 ], [ 79.220086478667227, 30.523880114507005 ], [ 79.219856428283649, 30.536494669729514 ], [ 79.23442947664627, 30.536693052475467 ], [ 79.234201162986025, 30.549307680984299 ], [ 79.226913679654515, 30.549208643691554 ], [ 79.227028325112798, 30.542901357464089 ], [ 79.212454408408092, 30.542702110345889 ], [ 79.212338821776797, 30.549009346713337 ], [ 79.219626232535262, 30.549109198932165 ], [ 79.219511080124789, 30.555416453773844 ], [ 79.226798997983963, 30.555515923415424 ], [ 79.226684280091376, 30.561823196634826 ], [ 79.23397270507084, 30.561922283491306 ], [ 79.233858421993318, 30.568229574991911 ], [ 79.226569525967008, 30.568130463348872 ], [ 79.226454735601067, 30.574437723556681 ], [ 79.241033506147389, 30.574635588540652 ], [ 79.241147354112556, 30.56832827885539 ], [ 79.248436322176033, 30.568426574932165 ], [ 79.248209532870334, 30.58104123697656 ], [ 79.255499479327312, 30.581139174230316 ], [ 79.255273489954817, 30.593753859263433 ], [ 79.262564415290086, 30.593851437291605 ], [ 79.262676956133788, 30.587544073632095 ], [ 79.27725796987562, 30.587737956557451 ], [ 79.277592550899314, 30.568815681230237 ], [ 79.284881696454107, 30.56891193826727 ], [ 79.284548529665074, 30.587834285831747 ], [ 79.29183912453513, 30.587930206971155 ], [ 79.29172847050873, 30.594237667175392 ], [ 79.30631070836084, 30.594428332682117 ], [ 79.306420418921874, 30.58812082481753 ], [ 79.335583422115022, 30.588497162587757 ], [ 79.335475598596574, 30.594804764548986 ], [ 79.342766906647867, 30.594897851820338 ], [ 79.342874258382608, 30.588590226590007 ], [ 79.35016512854024, 30.588682882402594 ], [ 79.349951334906166, 30.601298172739352 ], [ 79.357243182557838, 30.60139046648866 ] ], [ [ 79.403163918890385, 30.469470474643277 ], [ 79.403266843716565, 30.463162538352972 ], [ 79.410548573554308, 30.463251481984145 ], [ 79.410446117622868, 30.469559440568958 ], [ 79.403163918890385, 30.469470474643277 ] ], [ [ 79.403060961531907, 30.475778404512713 ], [ 79.381213154044815, 30.475509001421095 ], [ 79.381317518479179, 30.469201139054341 ], [ 79.403163918890385, 30.469470474643277 ], [ 79.403060961531907, 30.475778404512713 ] ], [ [ 79.255612420509493, 30.574831821970033 ], [ 79.262901931249715, 30.574929326833971 ], [ 79.262789461450467, 30.581236703479245 ], [ 79.255499479327312, 30.581139174230316 ], [ 79.255612420509493, 30.574831821970033 ] ], [ [ 79.291949743629715, 30.581622740285813 ], [ 79.299239901852403, 30.581718229405215 ], [ 79.299129754337002, 30.58802571996873 ], [ 79.29183912453513, 30.587930206971155 ], [ 79.291949743629715, 30.581622740285813 ] ] ], [ [ [ 79.438769447566926, 30.520375384319195 ], [ 79.438971085393376, 30.507759386974982 ], [ 79.446256261304939, 30.507846452044404 ], [ 79.446055563578184, 30.520462493000991 ], [ 79.460627890587489, 30.520635488880554 ], [ 79.460528434731344, 30.526943543057698 ], [ 79.46781511573046, 30.527029451747524 ], [ 79.467716098897526, 30.533337521025597 ], [ 79.482290495489906, 30.533508159268177 ], [ 79.482388571404599, 30.527200047281248 ], [ 79.489675345782572, 30.52728473411279 ], [ 79.489870464189153, 30.514668448549958 ], [ 79.482584630309006, 30.514583804113428 ], [ 79.482780565369055, 30.501967535359292 ], [ 79.475495702337398, 30.50188252642242 ], [ 79.475594093167786, 30.495574403742616 ], [ 79.468309730941698, 30.495489009319112 ], [ 79.468408560252144, 30.489180901631759 ], [ 79.461124698814871, 30.489095121928806 ], [ 79.46102539994834, 30.495403208125126 ], [ 79.446456832252977, 30.495230385450594 ], [ 79.446657276490527, 30.48261429322643 ], [ 79.453940605643481, 30.482700864555991 ], [ 79.454040311024443, 30.476392787145379 ], [ 79.432191826397997, 30.47613191889193 ], [ 79.432292907532997, 30.469823900443991 ], [ 79.425010612092294, 30.469736153475708 ], [ 79.424502540020868, 30.501276071614036 ], [ 79.417217929884984, 30.501187807823751 ], [ 79.417115749310426, 30.507495750096975 ], [ 79.424400829247745, 30.50758403599492 ], [ 79.423891793112205, 30.539123761618413 ], [ 79.431179256465981, 30.539211750650523 ], [ 79.431077823425127, 30.545519698535536 ], [ 79.423789889370482, 30.54543168748096 ], [ 79.423687953436996, 30.551739606920794 ], [ 79.438264795297044, 30.551915265424206 ], [ 79.438365789522948, 30.545607302035808 ], [ 79.452941817253603, 30.545781286348085 ], [ 79.453041838140209, 30.539473273007307 ], [ 79.44575427912855, 30.539386506351288 ], [ 79.445854739004432, 30.533078508313601 ], [ 79.431280657472314, 30.532903796346421 ], [ 79.431483363415879, 30.520287868484438 ], [ 79.438769447566926, 30.520375384319195 ] ] ], [ [ [ 79.394742263013569, 30.538767731094183 ], [ 79.394949737606609, 30.526152038289119 ], [ 79.387663377522458, 30.52606205714709 ], [ 79.387454962060815, 30.538677704896397 ], [ 79.394742263013569, 30.538767731094183 ] ] ], [ [ [ 79.343410508888255, 30.557052003552368 ], [ 79.34351765741971, 30.550744339573686 ], [ 79.350805699944416, 30.550836856445176 ], [ 79.350912343888794, 30.544529162864873 ], [ 79.336337234169179, 30.544343767939214 ], [ 79.336229648730253, 30.550651415124381 ], [ 79.321653733451541, 30.550464343519248 ], [ 79.321545172273687, 30.556771937437698 ], [ 79.343410508888255, 30.557052003552368 ] ] ], [ [ [ 79.357775055340824, 30.569852076908479 ], [ 79.357562406986631, 30.582467452101902 ], [ 79.364852872815661, 30.582559268554903 ], [ 79.364535063820014, 30.60148235183086 ], [ 79.357243182557838, 30.60139046648866 ], [ 79.357136707205981, 30.607698125039899 ], [ 79.349844387454539, 30.607605808219663 ], [ 79.349951334906166, 30.601298172739352 ], [ 79.342659521013928, 30.601205470589608 ], [ 79.342444648011849, 30.613820688741491 ], [ 79.349737406234368, 30.613913437240107 ], [ 79.349630391236516, 30.620221059799821 ], [ 79.356923655634432, 30.620313422770689 ], [ 79.357030198234526, 30.614005777134189 ], [ 79.364323023863378, 30.614097708417063 ], [ 79.364216953670095, 30.620405377028273 ], [ 79.371510285194461, 30.620496922565881 ], [ 79.371404654077409, 30.626804607596867 ], [ 79.378698491515337, 30.626895767181338 ], [ 79.378803650058458, 30.620588059376924 ], [ 79.393390479209174, 30.620769106792828 ], [ 79.393494659685118, 30.61446134730361 ], [ 79.400787651222046, 30.614551235431065 ], [ 79.400891326511811, 30.608243447037008 ], [ 79.415476463008602, 30.608421952716519 ], [ 79.415579161238952, 30.602114113271757 ], [ 79.42287130602341, 30.602202731119917 ], [ 79.423279887611798, 30.576971220436064 ], [ 79.415989630058107, 30.576882691169537 ], [ 79.416092166281075, 30.570574819567447 ], [ 79.38693334704891, 30.570216711625431 ], [ 79.38703773595627, 30.563908923156674 ], [ 79.416194670128775, 30.564266941536435 ], [ 79.416399580733312, 30.551651166191085 ], [ 79.409111240378721, 30.55156231781789 ], [ 79.409419775739664, 30.532638673283365 ], [ 79.416706704043776, 30.532727454977525 ], [ 79.416911291288187, 30.520111615381428 ], [ 79.409625303608408, 30.520022878125932 ], [ 79.40972801885745, 30.513714970909451 ], [ 79.402442533712417, 30.513625848843514 ], [ 79.402029596743645, 30.538857349871758 ], [ 79.394742263013569, 30.538767731094183 ], [ 79.394638476555514, 30.545075567847487 ], [ 79.380062966270515, 30.544895062871984 ], [ 79.380377050346439, 30.525971668795169 ], [ 79.387663377522458, 30.52606205714709 ], [ 79.387767535886667, 30.519754223620652 ], [ 79.38048167891337, 30.519663857894219 ], [ 79.38058627443263, 30.513356040557039 ], [ 79.38787166135161, 30.513446383660817 ], [ 79.38797575392617, 30.507138537268482 ], [ 79.373405952929929, 30.506957489402776 ], [ 79.373300920552424, 30.513265290453681 ], [ 79.366015599859381, 30.51317413335731 ], [ 79.36591006425823, 30.519481905143586 ], [ 79.358624306873224, 30.51939031813254 ], [ 79.358518267751649, 30.525698060545679 ], [ 79.365804495312588, 30.525789670487871 ], [ 79.365593257351819, 30.53840518184705 ], [ 79.372880459081401, 30.53849643026626 ], [ 79.372564764168658, 30.557419717490994 ], [ 79.379853411484888, 30.557510626726266 ], [ 79.379433904628428, 30.582741677131224 ], [ 79.372143372079194, 30.582650676900229 ], [ 79.372459466043409, 30.563727467011855 ], [ 79.365170380900778, 30.563636127223628 ], [ 79.365381885905222, 30.55102066742792 ], [ 79.358093776155783, 30.550928965732137 ], [ 79.357881329165622, 30.563544379633662 ], [ 79.350592310986599, 30.563452224248614 ], [ 79.350485565954983, 30.569759898470007 ], [ 79.357775055340824, 30.569852076908479 ] ], [ [ 79.393598807277485, 30.608153581371006 ], [ 79.393702921995157, 30.601845808995886 ], [ 79.400994969075867, 30.601935652203281 ], [ 79.400891326511811, 30.608243447037008 ], [ 79.393598807277485, 30.608153581371006 ] ], [ [ 79.386724470314519, 30.582832269241329 ], [ 79.386201701031752, 30.614371050531918 ], [ 79.371615882971867, 30.614189231082058 ], [ 79.371721447418636, 30.607881533146251 ], [ 79.379013867581918, 30.607972624419066 ], [ 79.379433904628428, 30.582741677131224 ], [ 79.386724470314519, 30.582832269241329 ] ] ], [ [ [ 79.33579896704444, 30.575881939276719 ], [ 79.335906688473756, 30.569574317928616 ], [ 79.343196110283046, 30.569667312141156 ], [ 79.343303326512412, 30.563359661075136 ], [ 79.32872545927323, 30.563173311389786 ], [ 79.328617300675816, 30.569480915839129 ], [ 79.321327947037943, 30.569387105879475 ], [ 79.321219282961522, 30.575694680401067 ], [ 79.33579896704444, 30.575881939276719 ] ] ], [ [ [ 79.328075995103433, 30.601018841115792 ], [ 79.328184324593366, 30.59471126899269 ], [ 79.320893084787087, 30.594617365158243 ], [ 79.320784283382991, 30.600924913805212 ], [ 79.328075995103433, 30.601018841115792 ] ] ], [ [ [ 79.313601879326626, 30.594523053052438 ], [ 79.30631070836084, 30.594428332682117 ], [ 79.306200963156286, 30.600735834070775 ], [ 79.313492606017647, 30.600830578121261 ], [ 79.313601879326626, 30.594523053052438 ] ] ], [ [ [ 79.407977439929709, 30.620948519223514 ], [ 79.393390479209174, 30.620769106792828 ], [ 79.393286265840757, 30.627076859837839 ], [ 79.407874171771567, 30.627256317100716 ], [ 79.407977439929709, 30.620948519223514 ] ] ], [ [ [ 79.298026364567534, 30.651100269166157 ], [ 79.305321753229435, 30.651195611942352 ], [ 79.305541763890673, 30.638580706359548 ], [ 79.334719880106306, 30.638957797236646 ], [ 79.334827942154462, 30.632650240541672 ], [ 79.327533834376382, 30.632556604696365 ], [ 79.327642334989591, 30.626249064921126 ], [ 79.334935970099309, 30.626342677377526 ], [ 79.335043963950085, 30.620035107745032 ], [ 79.342337160625391, 30.620128288122359 ], [ 79.342444648011849, 30.613820688741491 ], [ 79.335151923715998, 30.613727531645068 ], [ 79.335367741030041, 30.60111236004618 ], [ 79.328075995103433, 30.601018841115792 ], [ 79.327859233495829, 30.613633965957604 ], [ 79.320566577500301, 30.613539991685865 ], [ 79.320784283382991, 30.600924913805212 ], [ 79.313492606017647, 30.600830578121261 ], [ 79.313273955878401, 30.613445608836663 ], [ 79.291396298744374, 30.613160008892812 ], [ 79.29106381225408, 30.632082292249024 ], [ 79.28376991222693, 30.631986203163535 ], [ 79.283658540652326, 30.638293593971266 ], [ 79.269069900693921, 30.638100140944591 ], [ 79.268957548170505, 30.644407476939911 ], [ 79.276252323388292, 30.644504432137079 ], [ 79.276028458169264, 30.657119133065169 ], [ 79.283324214951634, 30.657215727444381 ], [ 79.283435692024185, 30.650908356112559 ], [ 79.290731010782721, 30.651004517220585 ], [ 79.290620006918985, 30.657311912566001 ], [ 79.297915833922104, 30.657407688423049 ], [ 79.298026364567534, 30.651100269166157 ] ], [ [ 79.290952913440805, 30.638389707061222 ], [ 79.290841979620183, 30.644697115385359 ], [ 79.283547133921246, 30.644600978287894 ], [ 79.283658540652326, 30.638293593971266 ], [ 79.290952913440805, 30.638389707061222 ] ] ], [ [ [ 79.414653709031725, 30.65888443657839 ], [ 79.414756666929293, 30.652576648629609 ], [ 79.407460773019622, 30.652487444207036 ], [ 79.407357341757702, 30.65879520987875 ], [ 79.414653709031725, 30.65888443657839 ] ] ], [ [ [ 79.450934752731825, 30.671940205590992 ], [ 79.451035407187703, 30.665632320644018 ], [ 79.44373840536025, 30.665545119132485 ], [ 79.443637277197766, 30.67185298230773 ], [ 79.450934752731825, 30.671940205590992 ] ] ], [ [ [ 79.414653709031725, 30.65888443657839 ], [ 79.414344640316486, 30.67780776177645 ], [ 79.421642461103929, 30.677896645639098 ], [ 79.421539847132692, 30.684204430005682 ], [ 79.436136533650199, 30.684381012715363 ], [ 79.436238199653843, 30.6780731842831 ], [ 79.443536117117446, 30.678160839051657 ], [ 79.443637277197766, 30.67185298230773 ], [ 79.436339833581556, 30.671765349415892 ], [ 79.436441435442006, 30.665457508114592 ], [ 79.429144497582357, 30.665369487596667 ], [ 79.42924654092414, 30.659061661835452 ], [ 79.414653709031725, 30.65888443657839 ] ] ], [ [ [ 79.333745785502984, 30.695725516235374 ], [ 79.334179057993566, 30.670495483643357 ], [ 79.326882111072621, 30.670401707402256 ], [ 79.326773370498074, 30.676709201854255 ], [ 79.312178632331452, 30.676520373742985 ], [ 79.311959152528644, 30.689135248941703 ], [ 79.319257452215581, 30.689229915033785 ], [ 79.319148134509319, 30.695537366527773 ], [ 79.333745785502984, 30.695725516235374 ] ] ], [ [ [ 79.465230489053411, 30.69103716931626 ], [ 79.465330290504639, 30.684729260404147 ], [ 79.443434925110637, 30.684468689363403 ], [ 79.443333701168712, 30.690776533242158 ], [ 79.421437200777845, 30.690512207930887 ], [ 79.421539847132692, 30.684204430005682 ], [ 79.414241552374591, 30.684115523956862 ], [ 79.414138431899588, 30.690423279693075 ], [ 79.399540991918258, 30.690244193555039 ], [ 79.399645060607099, 30.683936482503508 ], [ 79.392346863896691, 30.683846347111945 ], [ 79.392451373697639, 30.677538652103355 ], [ 79.385153683903951, 30.677448129538966 ], [ 79.385048700167786, 30.683755801952508 ], [ 79.377750569569855, 30.683664847031782 ], [ 79.377645078626983, 30.689972490289595 ], [ 79.384943683300634, 30.690063467910452 ], [ 79.384733550137511, 30.702678780456075 ], [ 79.399332756008889, 30.702859596305039 ], [ 79.399228588770598, 30.709167288001801 ], [ 79.421129067324074, 30.709435503049686 ], [ 79.421231810882318, 30.703127744453731 ], [ 79.428531560859412, 30.703216306977392 ], [ 79.428633797579735, 30.696908519845135 ], [ 79.450531817138057, 30.697171681084917 ], [ 79.450431003754034, 30.703479533880685 ], [ 79.457730881874653, 30.703566455938006 ], [ 79.457931528063995, 30.690950700550676 ], [ 79.465230489053411, 30.69103716931626 ] ], [ [ 79.406736068285468, 30.696641668562727 ], [ 79.414035278882707, 30.696731028984228 ], [ 79.413932093315125, 30.70303877182948 ], [ 79.406632408307445, 30.702949389111083 ], [ 79.406736068285468, 30.696641668562727 ] ] ], [ [ [ 79.391823819990634, 30.715384725346716 ], [ 79.391928494788473, 30.709077062610358 ], [ 79.384628433823607, 30.708986427042042 ], [ 79.384523284342805, 30.71529406716899 ], [ 79.391823819990634, 30.715384725346716 ] ] ], [ [ [ 79.428224657101708, 30.722139629724055 ], [ 79.427917462765251, 30.741062894477835 ], [ 79.44252275893065, 30.741239052582657 ], [ 79.442624238665104, 30.734931260198312 ], [ 79.464530996553378, 30.735192351737656 ], [ 79.464830968211928, 30.716268740700468 ], [ 79.450229281543059, 30.716095220173091 ], [ 79.450431003754034, 30.703479533880685 ], [ 79.443131157444896, 30.703392201697248 ], [ 79.442928485876806, 30.7160078444102 ], [ 79.43562772218894, 30.715920058322936 ], [ 79.435525863547227, 30.72222784812779 ], [ 79.428224657101708, 30.722139629724055 ] ], [ [ 79.435322049844714, 30.734843408414115 ], [ 79.435423972768717, 30.728535631491802 ], [ 79.442725686395164, 30.728623461374244 ], [ 79.442624238665104, 30.734931260198312 ], [ 79.435322049844714, 30.734843408414115 ] ], [ [ 79.45012837269887, 30.722403053668032 ], [ 79.457429675105516, 30.722490040791804 ], [ 79.457329209485465, 30.728797889545802 ], [ 79.450027432017365, 30.728710880727686 ], [ 79.45012837269887, 30.722403053668032 ] ] ], [ [ [ 79.326011225071866, 30.720861481580563 ], [ 79.318710518644153, 30.720767107657416 ], [ 79.318601028371091, 30.72707452672395 ], [ 79.325902209698754, 30.727168924182898 ], [ 79.326011225071866, 30.720861481580563 ] ] ], [ [ [ 79.296697692235384, 30.726788871875264 ], [ 79.289396649971593, 30.726692832791464 ], [ 79.289285225052495, 30.733000150191781 ], [ 79.296586742328259, 30.73309621322354 ], [ 79.296697692235384, 30.726788871875264 ] ] ], [ [ [ 79.406009761237684, 30.740795576930207 ], [ 79.406113617603367, 30.734487895092091 ], [ 79.398811591052151, 30.734397990247537 ], [ 79.398602894809059, 30.747013302633732 ], [ 79.413208882181451, 30.74719279118975 ], [ 79.413312295850986, 30.740885093489538 ], [ 79.406009761237684, 30.740795576930207 ] ] ], [ [ [ 79.449724418862658, 30.747634323286505 ], [ 79.449825455107884, 30.741326515537768 ], [ 79.44252275893065, 30.741239052582657 ], [ 79.44242124718312, 30.747546838526411 ], [ 79.449724418862658, 30.747634323286505 ] ] ], [ [ [ 79.516968936707926, 30.167958635730876 ], [ 79.517063381841766, 30.16165007046385 ], [ 79.509803551375683, 30.161567813015953 ], [ 79.509708644294534, 30.167876357538624 ], [ 79.516968936707926, 30.167958635730876 ] ] ], [ [ [ 79.545732436275628, 30.187209636888003 ], [ 79.538470638231999, 30.187128903806098 ], [ 79.538377461002909, 30.19343750536726 ], [ 79.550017530496504, 30.193566743939492 ], [ 79.550016350812285, 30.180947412867265 ], [ 79.545825121578744, 30.180901008645492 ], [ 79.545732436275628, 30.187209636888003 ] ] ], [ [ [ 79.523758896338052, 30.199583346878555 ], [ 79.516496262029918, 30.199501366959215 ], [ 79.516401637236683, 30.205809894177545 ], [ 79.50913857006617, 30.205727491464941 ], [ 79.509043452329664, 30.212035991576396 ], [ 79.516306982472273, 30.212118415051439 ], [ 79.516212297728686, 30.21842692958003 ], [ 79.523476320977124, 30.218508971482827 ], [ 79.523758896338052, 30.199583346878555 ] ] ], [ [ [ 79.509043452329664, 30.212035991576396 ], [ 79.501779952312774, 30.211953165871332 ], [ 79.501684341339939, 30.218261638768553 ], [ 79.508948304467424, 30.218344485339962 ], [ 79.509043452329664, 30.212035991576396 ] ] ], [ [ [ 79.508853126471422, 30.224652972754789 ], [ 79.516117582997921, 30.22473543776248 ], [ 79.516212297728686, 30.21842692958003 ], [ 79.508948304467424, 30.218344485339962 ], [ 79.508853126471422, 30.224652972754789 ] ] ], [ [ [ 79.550021976323919, 30.250353442688422 ], [ 79.550019169335584, 30.21249569645741 ], [ 79.545361401368893, 30.212444086532855 ], [ 79.544803967063913, 30.250295570931204 ], [ 79.550021976323919, 30.250353442688422 ] ] ], [ [ [ 79.537817777519464, 30.231288981668463 ], [ 79.530552768011574, 30.231207703528046 ], [ 79.530458920423513, 30.237516240257232 ], [ 79.537724393513855, 30.237597538866417 ], [ 79.537817777519464, 30.231288981668463 ] ] ], [ [ [ 79.523099136023887, 30.2437430488079 ], [ 79.530365043117698, 30.243824770642842 ], [ 79.530458920423513, 30.237516240257232 ], [ 79.523193477050938, 30.237434538994965 ], [ 79.523099136023887, 30.2437430488079 ] ] ], [ [ [ 79.508376784203293, 30.256195314568014 ], [ 79.508281425235666, 30.262503763872505 ], [ 79.501014216227261, 30.262420771163892 ], [ 79.500918362785086, 30.268729193226495 ], [ 79.508186036077916, 30.26881220682229 ], [ 79.508090616721958, 30.275120643416507 ], [ 79.515358784652378, 30.27520327465848 ], [ 79.515738424042979, 30.249969407013761 ], [ 79.523004765124355, 30.250051552273863 ], [ 79.523099136023887, 30.2437430488079 ], [ 79.508567411600367, 30.243578396898329 ], [ 79.508472112988827, 30.249886858909679 ], [ 79.501205832108681, 30.249803907967582 ], [ 79.501110039332417, 30.256112342743961 ], [ 79.508376784203293, 30.256195314568014 ] ] ], [ [ [ 79.485995672964265, 30.293795412925771 ], [ 79.486092577555624, 30.287487058400547 ], [ 79.471554657409627, 30.287318081825656 ], [ 79.471456823130964, 30.293626393845507 ], [ 79.485995672964265, 30.293795412925771 ] ] ], [ [ [ 79.493168673701931, 30.300187686435713 ], [ 79.493265143961949, 30.293879317174181 ], [ 79.485995672964265, 30.293795412925771 ], [ 79.48589873770122, 30.300103761084138 ], [ 79.493168673701931, 30.300187686435713 ] ] ], [ [ [ 79.550025258893029, 30.313449215468321 ], [ 79.550025009196133, 30.307139664698589 ], [ 79.543965827871915, 30.307072369510923 ], [ 79.543872553845446, 30.313380870958841 ], [ 79.550025258893029, 30.313449215468321 ] ] ], [ [ [ 79.463596996269615, 30.331390888814283 ], [ 79.463695482181279, 30.325082636461161 ], [ 79.456423808431566, 30.324997010558217 ], [ 79.456324856814177, 30.331305241388893 ], [ 79.463596996269615, 30.331390888814283 ] ] ], [ [ [ 79.478238922996795, 30.32525267620424 ], [ 79.478141368521591, 30.331560971297698 ], [ 79.485413601023595, 30.331645406343448 ], [ 79.485316481558058, 30.337953716282815 ], [ 79.492589210667163, 30.338037768308798 ], [ 79.492685864246525, 30.331729437250413 ], [ 79.499958158043142, 30.33181306401254 ], [ 79.500054315301796, 30.325504705569987 ], [ 79.492782487252228, 30.325421099822702 ], [ 79.492879079692443, 30.319112756026534 ], [ 79.485607747799975, 30.319028767349664 ], [ 79.485510689768134, 30.3253370900321 ], [ 79.478238922996795, 30.32525267620424 ] ] ], [ [ [ 79.485219331363353, 30.344262019849374 ], [ 79.485316481558058, 30.337953716282815 ], [ 79.470771115674737, 30.337784399516018 ], [ 79.470673033437819, 30.344092660534617 ], [ 79.485219331363353, 30.344262019849374 ] ] ], [ [ [ 79.5288589581221, 30.34476039339588 ], [ 79.536132334594356, 30.34484204036589 ], [ 79.536038417098851, 30.351150483296053 ], [ 79.543312289514276, 30.351231746295653 ], [ 79.543218808689844, 30.35754020328547 ], [ 79.535944469889614, 30.35745891986998 ], [ 79.535850492958687, 30.363767350086789 ], [ 79.528575717355849, 30.363685641564345 ], [ 79.528481244023425, 30.369994044900604 ], [ 79.543031758310377, 30.370157098200647 ], [ 79.543125298291187, 30.363848653920737 ], [ 79.550026627511656, 30.36392540938785 ], [ 79.550025705886995, 30.326068299326025 ], [ 79.543685917228089, 30.325997854807952 ], [ 79.543592554621384, 30.332306337207463 ], [ 79.536320080475974, 30.332225135440183 ], [ 79.536226222384087, 30.33853359108031 ], [ 79.52895331199386, 30.338451964622635 ], [ 79.5288589581221, 30.34476039339588 ] ] ], [ [ [ 79.485122150431252, 30.350570317042255 ], [ 79.463301351524493, 30.350315607590343 ], [ 79.463104099102438, 30.362932054863084 ], [ 79.47765313295659, 30.363102351128518 ], [ 79.477750841855709, 30.356794087916729 ], [ 79.485024938753469, 30.356878607860629 ], [ 79.485122150431252, 30.350570317042255 ] ] ], [ [ [ 79.521111061604984, 30.37622028741939 ], [ 79.521585611503014, 30.344678342048017 ], [ 79.507039008413869, 30.344513026242467 ], [ 79.506943226048818, 30.350821386503579 ], [ 79.492395811754662, 30.350654411314203 ], [ 79.492105483878561, 30.369579328031133 ], [ 79.499380575251962, 30.369663080937638 ], [ 79.499284204837394, 30.375971394795531 ], [ 79.521111061604984, 30.37622028741939 ] ] ], [ [ [ 79.549654722027981, 30.41439709190481 ], [ 79.550026892544153, 30.38921555992254 ], [ 79.55002679487508, 30.376544398883482 ], [ 79.542938188739498, 30.376465536124325 ], [ 79.542844589570592, 30.382773967690934 ], [ 79.528292207695031, 30.382610832488201 ], [ 79.528008428923314, 30.401535966144621 ], [ 79.542563614396371, 30.40169922423997 ], [ 79.542376149477846, 30.414316030138583 ], [ 79.549654722027981, 30.41439709190481 ] ] ], [ [ [ 79.520825971241251, 30.395145378271472 ], [ 79.521016061535249, 30.382528657402666 ], [ 79.49918780393935, 30.382279702280776 ], [ 79.499284204837394, 30.375971394795531 ], [ 79.484733119163877, 30.375803442060047 ], [ 79.484830423128031, 30.369495170370367 ], [ 79.46300542608877, 30.369240268923505 ], [ 79.462906721862154, 30.375548476598809 ], [ 79.477457622421255, 30.375718858414594 ], [ 79.477261988181198, 30.388335340178298 ], [ 79.484538418891418, 30.388419966304788 ], [ 79.484246137498545, 30.407344704822563 ], [ 79.491524001087512, 30.407428989332569 ], [ 79.491329928200841, 30.420045492072607 ], [ 79.505887618219134, 30.420212928992719 ], [ 79.505983734369053, 30.41390463881098 ], [ 79.498705341910409, 30.413821144087809 ], [ 79.498801895348649, 30.40751286847847 ], [ 79.50607982013419, 30.407596342254188 ], [ 79.506175875522686, 30.40128803932312 ], [ 79.51345336315137, 30.401371086879479 ], [ 79.513548920785624, 30.395062756734504 ], [ 79.520825971241251, 30.395145378271472 ] ] ], [ [ [ 79.461818912920492, 30.4449383393661 ], [ 79.454538365540174, 30.444852304074718 ], [ 79.454339238177823, 30.457468516503106 ], [ 79.46162072272746, 30.457554594944895 ], [ 79.461719833484992, 30.451246470353585 ], [ 79.483563068497858, 30.451502204614851 ], [ 79.483660742351105, 30.445194009516385 ], [ 79.49094141409789, 30.445278420971317 ], [ 79.490746972749619, 30.457894847116428 ], [ 79.498028612470719, 30.457978894729663 ], [ 79.498222116566282, 30.445362426451808 ], [ 79.505502849608305, 30.445446025951803 ], [ 79.505599087379011, 30.439137761278893 ], [ 79.512879382425965, 30.439220933933424 ], [ 79.512687813448352, 30.451837498620304 ], [ 79.505406581411989, 30.451754284245379 ], [ 79.50511759418751, 30.470679020841825 ], [ 79.519682901759609, 30.470845168392458 ], [ 79.519587450109455, 30.477153442802543 ], [ 79.526870618390006, 30.477235927640624 ], [ 79.526965600862738, 30.470927632562177 ], [ 79.534248329979718, 30.471009690320184 ], [ 79.534342813401324, 30.46470136830294 ], [ 79.548907422985351, 30.464864223737695 ], [ 79.549281308743261, 30.439630708724586 ], [ 79.542000863828719, 30.439549565583693 ], [ 79.542282372554013, 30.420624423545139 ], [ 79.53500336178827, 30.420542935829722 ], [ 79.534909087201626, 30.426851302429199 ], [ 79.527629638236235, 30.426769388564473 ], [ 79.527819093462469, 30.414152690089075 ], [ 79.520540610292898, 30.414070411817612 ], [ 79.520445429809214, 30.420378743594409 ], [ 79.513166508891629, 30.420296039086374 ], [ 79.513070830325674, 30.426604343743158 ], [ 79.505791471676261, 30.426521212798502 ], [ 79.505695294732291, 30.432829490227498 ], [ 79.46201697785915, 30.432322058205955 ], [ 79.461818912920492, 30.4449383393661 ] ], [ [ 79.52753486569101, 30.43307772824917 ], [ 79.520254978542042, 30.432995388035007 ], [ 79.520350219228291, 30.426687069000479 ], [ 79.527629638236235, 30.426769388564473 ], [ 79.52753486569101, 30.43307772824917 ] ] ], [ [ [ 79.468704860871171, 30.47025654018163 ], [ 79.475987345728797, 30.470341849064575 ], [ 79.47618378566996, 30.457725533362126 ], [ 79.468902238607527, 30.457640267233298 ], [ 79.468803565334738, 30.463948406905047 ], [ 79.461521580639513, 30.463862713139147 ], [ 79.461422407212709, 30.470170824935522 ], [ 79.454139984901502, 30.470084703332471 ], [ 79.454040311024443, 30.476392787145379 ], [ 79.468606125208495, 30.476564667062163 ], [ 79.468704860871171, 30.47025654018163 ] ] ], [ [ [ 79.490649705972416, 30.464203050609957 ], [ 79.483367628149296, 30.464118575646605 ], [ 79.483269861637382, 30.470426751578191 ], [ 79.475987345728797, 30.470341849064575 ], [ 79.475790781583669, 30.482958139193659 ], [ 79.490357721129286, 30.483127622764282 ], [ 79.490649705972416, 30.464203050609957 ] ] ], [ [ [ 79.512208360861237, 30.483378798715897 ], [ 79.497641237133038, 30.483211754674826 ], [ 79.497544316761747, 30.48951995369567 ], [ 79.519396456290679, 30.489769972487011 ], [ 79.519587450109455, 30.477153442802543 ], [ 79.512304311999003, 30.477070551456904 ], [ 79.512208360861237, 30.483378798715897 ] ] ], [ [ [ 79.541437044868601, 30.477399677770261 ], [ 79.534153816692466, 30.477318005965174 ], [ 79.53405927353154, 30.483626315237089 ], [ 79.526775605895367, 30.483544216343397 ], [ 79.526680563370746, 30.489852498669652 ], [ 79.519396456290679, 30.489769972487011 ], [ 79.51910973914454, 30.508694719161845 ], [ 79.526395255536215, 30.50877730738085 ], [ 79.526585490808088, 30.496160774618531 ], [ 79.533870097556473, 30.496242914658254 ], [ 79.533775464726261, 30.502551204805847 ], [ 79.541060571159107, 30.502632958495589 ], [ 79.541154734202678, 30.496324647872964 ], [ 79.548439400598326, 30.496405974256717 ], [ 79.548813877662425, 30.471172586577389 ], [ 79.541531088962344, 30.471091341660568 ], [ 79.541437044868601, 30.477399677770261 ] ] ], [ [ [ 79.512016367598036, 30.495995274087793 ], [ 79.490162910724877, 30.495743972253518 ], [ 79.490260331316819, 30.489435800704168 ], [ 79.482976376651408, 30.489351241025606 ], [ 79.482780565369055, 30.501967535359292 ], [ 79.497350384117283, 30.50213633257291 ], [ 79.497059255272106, 30.521060852964979 ], [ 79.511632016892591, 30.521228148223656 ], [ 79.512016367598036, 30.495995274087793 ] ] ], [ [ [ 79.526109677140767, 30.527702058673093 ], [ 79.52620490001506, 30.521393814623636 ], [ 79.518918443340326, 30.521311185033987 ], [ 79.518822750101762, 30.527619408394223 ], [ 79.526109677140767, 30.527702058673093 ] ] ], [ [ [ 79.540400596196221, 30.546790954338924 ], [ 79.540211763718915, 30.559407467174946 ], [ 79.547501134743371, 30.559488997406014 ], [ 79.547876796809248, 30.534255864645274 ], [ 79.540589309419033, 30.534174415984022 ], [ 79.54049496771043, 30.540482688350917 ], [ 79.533207039440214, 30.540400811756694 ], [ 79.533301851826366, 30.534092559880349 ], [ 79.526014424179863, 30.534010296340174 ], [ 79.525823827965766, 30.546626752523775 ], [ 79.540400596196221, 30.546790954338924 ] ] ], [ [ [ 79.460229878589232, 30.545867667147498 ], [ 79.459831363411652, 30.571099742871738 ], [ 79.474411349236533, 30.571271453474257 ], [ 79.474608784683767, 30.558655342548292 ], [ 79.496476169201813, 30.558909721140097 ], [ 79.4965734269705, 30.552601592432161 ], [ 79.489284738951866, 30.552517228484628 ], [ 79.489480104058956, 30.539900994093276 ], [ 79.467617050781371, 30.539645583899183 ], [ 79.467517971373567, 30.545953640367401 ], [ 79.460229878589232, 30.545867667147498 ] ] ], [ [ [ 79.532827490272723, 30.565633755438959 ], [ 79.53292242252418, 30.559325529093531 ], [ 79.525633111307869, 30.559243183167709 ], [ 79.525537707792225, 30.565551388910215 ], [ 79.532827490272723, 30.565633755438959 ] ] ], [ [ [ 79.54002281192281, 30.572023954485392 ], [ 79.540117302739745, 30.565715714021273 ], [ 79.532827490272723, 30.565633755438959 ], [ 79.53263753580211, 30.578250188974508 ], [ 79.54721907657192, 30.578413780001956 ], [ 79.5473131256567, 30.572105525516839 ], [ 79.54002281192281, 30.572023954485392 ] ] ], [ [ [ 79.539644550116606, 30.597256852502895 ], [ 79.539739160365045, 30.590948637576034 ], [ 79.532447461320658, 30.590866596964123 ], [ 79.532542513566781, 30.584558396162972 ], [ 79.525251316400869, 30.58447596780983 ], [ 79.525155792295195, 30.590784147997628 ], [ 79.517864153437571, 30.590701290682532 ], [ 79.517768127163691, 30.597009443761522 ], [ 79.539644550116606, 30.597256852502895 ] ] ], [ [ [ 79.532162124436425, 30.609791161035236 ], [ 79.53225726676358, 30.603482979401086 ], [ 79.524964653572155, 30.603400489200062 ], [ 79.524869038938505, 30.609708650213033 ], [ 79.532162124436425, 30.609791161035236 ] ] ], [ [ [ 79.415168173716211, 30.627345432443267 ], [ 79.407874171771567, 30.627256317100716 ], [ 79.4077708710103, 30.633564108538501 ], [ 79.429654392385828, 30.633830294447037 ], [ 79.429552477788818, 30.640138145943975 ], [ 79.422257465366172, 30.64004980421776 ], [ 79.422155045512667, 30.646357627214911 ], [ 79.414859592337734, 30.646268854240848 ], [ 79.414756666929293, 30.652576648629609 ], [ 79.436644542995822, 30.652841806213051 ], [ 79.436441435442006, 30.665457508114592 ], [ 79.44373840536025, 30.665545119132485 ], [ 79.444344504543622, 30.627697805070511 ], [ 79.451638667267048, 30.627784876009649 ], [ 79.451136029883756, 30.659324429269311 ], [ 79.458432589905243, 30.659411199601372 ], [ 79.458132047674596, 30.678334919450055 ], [ 79.480026180343316, 30.678592967106439 ], [ 79.480223730601963, 30.665977031500383 ], [ 79.472926602631503, 30.665891468077277 ], [ 79.473124975274359, 30.653275549521748 ], [ 79.465828825631945, 30.653189619489197 ], [ 79.465928438291243, 30.646881672041228 ], [ 79.458632793368579, 30.646795354246912 ], [ 79.458732847718764, 30.64048742193561 ], [ 79.466028019514994, 30.640573718173552 ], [ 79.466127569311681, 30.634265757887007 ], [ 79.473422299549256, 30.634351623556899 ], [ 79.473224114649454, 30.64696758061682 ], [ 79.480519822293942, 30.647053079967499 ], [ 79.48032245898365, 30.659669054071752 ], [ 79.487619144516628, 30.659754186699168 ], [ 79.487422603939876, 30.672370177658298 ], [ 79.494720267843036, 30.672454943158304 ], [ 79.494524551144707, 30.685070950782755 ], [ 79.501823193899838, 30.685155348751053 ], [ 79.502017962618012, 30.672539299006072 ], [ 79.50931568811535, 30.672623245195478 ], [ 79.509412552612503, 30.666315189754211 ], [ 79.516709834900283, 30.666398705427365 ], [ 79.516902525092121, 30.653782533631773 ], [ 79.502309885298203, 30.653615176318986 ], [ 79.502407131452273, 30.647307122608083 ], [ 79.495111330844622, 30.647222850969278 ], [ 79.495404304262962, 30.628298714531276 ], [ 79.509993098026854, 30.628466722608422 ], [ 79.510089748744903, 30.622158622342237 ], [ 79.517383718736681, 30.62224199212681 ], [ 79.517672070564871, 30.603317590446277 ], [ 79.510379517890726, 30.603234283145746 ], [ 79.510186368956056, 30.615850515675838 ], [ 79.502892902051201, 30.61576675797701 ], [ 79.502795809259993, 30.622074843710624 ], [ 79.488208022407292, 30.621906059930652 ], [ 79.488306060333727, 30.615598016368917 ], [ 79.481012685819294, 30.615513032471895 ], [ 79.48111116520586, 30.609205003739209 ], [ 79.488404067314292, 30.609289966399814 ], [ 79.488502043357315, 30.602981910024166 ], [ 79.503086995698752, 30.603150567304507 ], [ 79.503280966821592, 30.59053435103058 ], [ 79.510572544896732, 30.590618025024838 ], [ 79.510669012697051, 30.584309886369912 ], [ 79.517960149394668, 30.584393131210149 ], [ 79.518439674714557, 30.552852237976659 ], [ 79.525728484696344, 30.552934971038603 ], [ 79.525823827965766, 30.546626752523775 ], [ 79.518535488942618, 30.546544040161514 ], [ 79.518631272911051, 30.540235835958821 ], [ 79.511343434949339, 30.540152736767133 ], [ 79.511439659319564, 30.533844546974159 ], [ 79.504152322402931, 30.533761061160337 ], [ 79.503765359016981, 30.55899369838361 ], [ 79.496476169201813, 30.558909721140097 ], [ 79.496378880711021, 30.565217843450871 ], [ 79.481799650957669, 30.565048623199232 ], [ 79.481504771970378, 30.583972824724622 ], [ 79.47421378904906, 30.583887538772732 ], [ 79.474312584739536, 30.577579499327346 ], [ 79.45973165593189, 30.577407745774149 ], [ 79.459831363411652, 30.571099742871738 ], [ 79.445251503517312, 30.570926400319539 ], [ 79.445352122165673, 30.564618434358071 ], [ 79.438062711127202, 30.564531172946136 ], [ 79.438163769168, 30.558223222394602 ], [ 79.423585985303063, 30.558047519937087 ], [ 79.423279887611798, 30.576971220436064 ], [ 79.430570177400654, 30.577059341644762 ], [ 79.430468551971202, 30.583367250997487 ], [ 79.445050170871411, 30.583542312988239 ], [ 79.444949456856733, 30.589850259693808 ], [ 79.437658159674299, 30.589762910946796 ], [ 79.437253096944247, 30.614994546177922 ], [ 79.444546282652894, 30.615081982304226 ], [ 79.444445409522714, 30.621389896899647 ], [ 79.429858125095208, 30.621214572158571 ], [ 79.430061729216277, 30.608598824149638 ], [ 79.422769079973079, 30.608510592717092 ], [ 79.422666821644015, 30.614818447883049 ], [ 79.415373732350531, 30.614729785727263 ], [ 79.415168173716211, 30.627345432443267 ] ], [ [ 79.452240785845092, 30.589937200159856 ], [ 79.452140511941181, 30.596245162183706 ], [ 79.459432344511811, 30.596331715999106 ], [ 79.459232645996096, 30.608947664072058 ], [ 79.451939869128125, 30.60886106697528 ], [ 79.452040206371706, 30.602553117789132 ], [ 79.444747933401018, 30.602466133843063 ], [ 79.444949456856733, 30.589850259693808 ], [ 79.452240785845092, 30.589937200159856 ] ] ], [ [ [ 79.546842583102773, 30.603646734120971 ], [ 79.539549909990129, 30.603565061043366 ], [ 79.539171050542606, 30.628797831324629 ], [ 79.546465613840496, 30.628879586085695 ], [ 79.546842583102773, 30.603646734120971 ] ] ], [ [ [ 79.517095093688809, 30.64116633622919 ], [ 79.517287540756058, 30.628550113226286 ], [ 79.509993098026854, 30.628466722608422 ], [ 79.50979970503721, 30.641082903936809 ], [ 79.517095093688809, 30.64116633622919 ] ] ], [ [ [ 79.538981441340752, 30.641414178125224 ], [ 79.538886591842015, 30.647722341937602 ], [ 79.546182574345167, 30.647804157988457 ], [ 79.546088168270742, 30.654112335842889 ], [ 79.550012747284583, 30.654156184161511 ], [ 79.550014123014108, 30.641537715466374 ], [ 79.538981441340752, 30.641414178125224 ] ] ], [ [ [ 79.538601863657391, 30.666646795013072 ], [ 79.538791712400609, 30.654030499356921 ], [ 79.52419889066195, 30.653865598245375 ], [ 79.523911230679346, 30.672789908574913 ], [ 79.516613444185609, 30.67270678172045 ], [ 79.516517023047484, 30.679014851609292 ], [ 79.509218793045264, 30.678931294229866 ], [ 79.509121867394001, 30.685239336856519 ], [ 79.516420571477639, 30.68532291509305 ], [ 79.516324089467872, 30.691630972170895 ], [ 79.523623298230646, 30.691714161289937 ], [ 79.523527260161472, 30.698022232721161 ], [ 79.530826973619853, 30.698105032514778 ], [ 79.530635755795785, 30.710721197485192 ], [ 79.523335093094531, 30.71063835636798 ], [ 79.523431191785505, 30.704330297747465 ], [ 79.516131034095537, 30.704247067105509 ], [ 79.516227577009914, 30.697939022841986 ], [ 79.508927924314776, 30.697855402883288 ], [ 79.508733858811368, 30.710471443269114 ], [ 79.501433287528869, 30.710387371299564 ], [ 79.501335734026156, 30.716695360902371 ], [ 79.523238964080321, 30.716946408581904 ], [ 79.523142804734675, 30.723254454388389 ], [ 79.53044441727765, 30.723337336839716 ], [ 79.530348702737868, 30.729645396908957 ], [ 79.544952968559201, 30.72980997133811 ], [ 79.544858174436584, 30.736118066041072 ], [ 79.550002089454537, 30.736175651616939 ], [ 79.55000900014204, 30.685702252001359 ], [ 79.545615690716133, 30.685653129229099 ], [ 79.545521105712226, 30.691961268723333 ], [ 79.538221806502406, 30.69187930957214 ], [ 79.538411895046281, 30.679263065087028 ], [ 79.545710245878269, 30.679344983339419 ], [ 79.545899266709597, 30.666728672377065 ], [ 79.538601863657391, 30.666646795013072 ] ] ], [ [ [ 79.464830968211928, 30.716268740700468 ], [ 79.479432780997854, 30.716440619854701 ], [ 79.479333771851842, 30.722748539502081 ], [ 79.493936659457134, 30.722918819695597 ], [ 79.494230744412278, 30.703994914113039 ], [ 79.501530810259254, 30.704079375282216 ], [ 79.501725763436426, 30.69146336400712 ], [ 79.465230489053411, 30.69103716931626 ], [ 79.465030791657057, 30.703652967862897 ], [ 79.457730881874653, 30.703566455938006 ], [ 79.457630511291526, 30.709874323987066 ], [ 79.464930895694849, 30.709960857495734 ], [ 79.464830968211928, 30.716268740700468 ] ] ], [ [ [ 79.515841222531364, 30.723171161442249 ], [ 79.501238149742804, 30.723003344089761 ], [ 79.501042888800754, 30.735619291215009 ], [ 79.508345360266688, 30.735703447091325 ], [ 79.50844253086585, 30.729395455756542 ], [ 79.515744557708757, 30.729479180067127 ], [ 79.515841222531364, 30.723171161442249 ] ] ], [ [ [ 79.479234731467542, 30.72905645272515 ], [ 79.479333771851842, 30.722748539502081 ], [ 79.47203237483177, 30.722662783715098 ], [ 79.471833312492393, 30.735278560958616 ], [ 79.486438038435807, 30.735449747424724 ], [ 79.486536634821505, 30.729141819339077 ], [ 79.479234731467542, 30.72905645272515 ] ] ], [ [ [ 79.530252958000034, 30.735953450571699 ], [ 79.530348702737868, 30.729645396908957 ], [ 79.523046615049381, 30.729562493786617 ], [ 79.522950395016196, 30.735870526775738 ], [ 79.530252958000034, 30.735953450571699 ] ] ], [ [ [ 79.522854144626905, 30.742178553354947 ], [ 79.522950395016196, 30.735870526775738 ], [ 79.515647862388462, 30.735787192280267 ], [ 79.515551136562181, 30.742095198080829 ], [ 79.522854144626905, 30.742178553354947 ] ] ], [ [ [ 79.493642296053096, 30.741842667507886 ], [ 79.471733734219356, 30.741586439937716 ], [ 79.471634124532741, 30.747894312487265 ], [ 79.500847504635956, 30.748235212668661 ], [ 79.501042888800754, 30.735619291215009 ], [ 79.493740448140514, 30.735534724657427 ], [ 79.493642296053096, 30.741842667507886 ] ] ], [ [ [ 79.515551136562181, 30.742095198080829 ], [ 79.508248159011714, 30.742011432010884 ], [ 79.508150927092586, 30.748319410514391 ], [ 79.515454380221669, 30.748403197467994 ], [ 79.515551136562181, 30.742095198080829 ] ] ] ] } }
]
}
