{
"type": "FeatureCollection",
"name": "red_zones",
"crs": { "type": "name", "properties": { "name": "urn:ogc:def:crs:OGC:1.3:CRS84" } },
"features": [
{ "type": "Feature", "properties": { "zone_class": "Orange", "h_mean": 0.56535373134328359, "h_max": 0.7, "source": "DERIVED", "area_ha": 9294.7921182565551 }, "geometry": { "type": "MultiPolygon", "coordinates": [ [ [ [ 78.871336079764291, 30.050508663005857 ], [ 78.871318712183452, 30.051320386621107 ], [ 78.886249139506589, 30.051561306480242 ], [ 78.886266385494295, 30.050749575030476 ], [ 78.871336079764291, 30.050508663005857 ] ] ], [ [ [ 78.750000026633472, 30.050111853528954 ], [ 78.750000219719084, 30.050923828742299 ], [ 78.754644456377051, 30.051003240414559 ], [ 78.754662775182169, 30.050191580121201 ], [ 78.750000026633472, 30.050111853528954 ] ] ], [ [ [ 78.750004630496974, 30.070013331132753 ], [ 78.750004719802988, 30.070411206137319 ], [ 78.75047157615532, 30.070419199412562 ], [ 78.750489943320545, 30.069607543844864 ], [ 78.750004630496974, 30.070013331132753 ] ] ], [ [ [ 78.751404826192214, 30.070435173068109 ], [ 78.75047157615532, 30.070419199412562 ], [ 78.750009161609583, 30.09084262653662 ], [ 78.750013268495948, 30.111009737984826 ], [ 78.750485892794671, 30.111017836516449 ], [ 78.751404826192214, 30.070435173068109 ] ] ], [ [ [ 78.750017192591002, 30.131685019047978 ], [ 78.750020836802378, 30.152420002127087 ], [ 78.75048066909487, 30.152427887935982 ], [ 78.751419524188634, 30.111033829514778 ], [ 78.750485892794671, 30.111017836516449 ], [ 78.750017192591002, 30.131685019047978 ] ] ], [ [ [ 78.751414690259566, 30.15244390079592 ], [ 78.75048066909487, 30.152427887935982 ], [ 78.750024092037037, 30.172527177296324 ], [ 78.750027127017773, 30.193018066399794 ], [ 78.750492729621541, 30.193026057544863 ], [ 78.751414690259566, 30.15244390079592 ] ] ], [ [ [ 78.750029859036061, 30.213369101044428 ], [ 78.750032297821875, 30.233615898848125 ], [ 78.750503675705559, 30.233623995560436 ], [ 78.751427133716319, 30.193042089746211 ], [ 78.750492729621541, 30.193026057544863 ], [ 78.750029859036061, 30.213369101044428 ] ] ], [ [ [ 78.751438463511178, 30.233640047102469 ], [ 78.750503675705559, 30.233623995560436 ], [ 78.750034492672128, 30.254210790055609 ], [ 78.750036417889291, 30.275025448879152 ], [ 78.750494988100172, 30.275033332014665 ], [ 78.751438463511178, 30.233640047102469 ] ] ], [ [ [ 78.750037992024829, 30.295052244093718 ], [ 78.750039324727453, 30.315622812334492 ], [ 78.750503672593865, 30.315630801117123 ], [ 78.75143016808147, 30.275049403416869 ], [ 78.750494988100172, 30.275033332014665 ], [ 78.750037992024829, 30.295052244093718 ] ] ], [ [ [ 78.751439237867189, 30.315646891858773 ], [ 78.750503672593865, 30.315630801117123 ], [ 78.75004035616945, 30.33589346292305 ], [ 78.750041109417793, 30.356219943265714 ], [ 78.750511239937083, 30.356228037926545 ], [ 78.751439237867189, 30.315646891858773 ] ] ], [ [ [ 78.750041584176785, 30.376734446308529 ], [ 78.750041771045531, 30.396816841442163 ], [ 78.750517689229838, 30.396825042212278 ], [ 78.751447191287255, 30.356244148006986 ], [ 78.750511239937083, 30.356228037926545 ], [ 78.750041584176785, 30.376734446308529 ] ] ], [ [ [ 78.751454027442989, 30.396841171630868 ], [ 78.750517689229838, 30.396825042212278 ], [ 78.750041675113295, 30.417575194015548 ], [ 78.750041287973517, 30.438225437559467 ], [ 78.750504380090192, 30.438233423747782 ], [ 78.751454027442989, 30.396841171630868 ] ] ], [ [ [ 78.750040628040949, 30.45841570581003 ], [ 78.750039678206832, 30.478821864869744 ], [ 78.750508560389036, 30.478829957247324 ], [ 78.751441113699784, 30.438249573024951 ], [ 78.750504380090192, 30.438233423747782 ], [ 78.750040628040949, 30.45841570581003 ] ] ], [ [ [ 78.75144568245382, 30.478846125861619 ], [ 78.750508560389036, 30.478829957247324 ], [ 78.750038442017285, 30.499255981458457 ], [ 78.750036942588622, 30.519418058731727 ], [ 78.750511619877443, 30.519426257529677 ], [ 78.75144568245382, 30.478846125861619 ] ] ], [ [ [ 78.75003511609539, 30.540096020727795 ], [ 78.750032991439014, 30.560825935735433 ], [ 78.750494826769952, 30.560833919097952 ], [ 78.751449131187698, 30.519442445480543 ], [ 78.750511619877443, 30.519426257529677 ], [ 78.75003511609539, 30.540096020727795 ] ] ], [ [ [ 78.751432735910939, 30.560850126906541 ], [ 78.750494826769952, 30.560833919097952 ], [ 78.750030649323918, 30.580935823385545 ], [ 78.750027978752769, 30.601421657335091 ], [ 78.750495611601764, 30.601429747198011 ], [ 78.751432735910939, 30.560850126906541 ] ] ], [ [ [ 78.750025040746991, 30.621775389199769 ], [ 78.750021837386385, 30.64201714479761 ], [ 78.750495272823585, 30.642025341392078 ], [ 78.751433911588734, 30.601445974342329 ], [ 78.750495611601764, 30.601429747198011 ], [ 78.750025040746991, 30.621775389199769 ] ] ], [ [ [ 78.75143396445101, 30.642041587871642 ], [ 78.750495272823585, 30.642025341392078 ], [ 78.750018289404295, 30.662614717939025 ], [ 78.750014409445868, 30.683424300565843 ], [ 78.750474986931266, 30.683432280871433 ], [ 78.75143396445101, 30.642041587871642 ] ] ], [ [ [ 78.750010394330957, 30.703453809372405 ], [ 78.750005985257232, 30.724019314379344 ], [ 78.750472367753289, 30.724027401496606 ], [ 78.751414078836504, 30.683448547208087 ], [ 78.750474986931266, 30.683432280871433 ], [ 78.750010394330957, 30.703453809372405 ] ] ], [ [ [ 78.751411852907921, 30.724043687167818 ], [ 78.750472367753289, 30.724027401496606 ], [ 78.750001354557639, 30.74429266326954 ], [ 78.75, 30.75 ], [ 78.750808673809885, 30.75000249268648 ], [ 78.751411852907921, 30.724043687167818 ] ] ], [ [ [ 78.835442293738069, 30.749018543703386 ], [ 78.835424133824077, 30.749830161364034 ], [ 78.863835330194433, 30.750301259987062 ], [ 78.892761609461459, 30.750361883263409 ], [ 78.892770304434421, 30.749962709197529 ], [ 78.835442293738069, 30.749018543703386 ] ] ], [ [ [ 78.806916773136663, 30.750163123866688 ], [ 78.835415066108567, 30.750235410718471 ], [ 78.835424133824077, 30.749830161364034 ], [ 78.778098385752642, 30.748860662858146 ], [ 78.778079745094672, 30.749672249315161 ], [ 78.806916773136663, 30.750163123866688 ] ] ], [ [ [ 78.777139994119921, 30.749656144605272 ], [ 78.777130234466483, 30.750080872640613 ], [ 78.777614205023582, 30.75008226375877 ], [ 78.777139994119921, 30.749656144605272 ] ] ], [ [ [ 79.319130698050358, 30.050499908596063 ], [ 79.290486685861609, 30.050533652798286 ], [ 79.290479659902545, 30.050942616573938 ], [ 79.348349814851133, 30.051682315210112 ], [ 79.348363291824953, 30.050870367733033 ], [ 79.319130698050358, 30.050499908596063 ] ] ], [ [ [ 79.261416184412383, 30.050561516296845 ], [ 79.232604494373163, 30.050582786971596 ], [ 79.232597272635957, 30.050989370549544 ], [ 79.290465710707352, 30.051754539884172 ], [ 79.290479659902545, 30.050942616573938 ], [ 79.261416184412383, 30.050561516296845 ] ] ], [ [ [ 79.232582851255685, 30.051801268864821 ], [ 79.232597272635957, 30.050989370549544 ], [ 79.203702942448899, 30.050597777941743 ], [ 79.174723618871838, 30.050606427567995 ], [ 79.174716204129609, 30.05101063068178 ], [ 79.232582851255685, 30.051801268864821 ] ] ], [ [ [ 79.145991045614593, 30.050608694594537 ], [ 79.116844133453569, 30.050604575718879 ], [ 79.116836528480377, 30.051006398109351 ], [ 79.174701310603027, 30.051822503174098 ], [ 79.174716204129609, 30.05101063068178 ], [ 79.145991045614593, 30.050608694594537 ] ] ], [ [ [ 79.116821162848836, 30.051818243950805 ], [ 79.116836528480377, 30.051006398109351 ], [ 79.088280567357302, 30.050594267434423 ], [ 79.058966112206249, 30.050577232672435 ], [ 79.058958319776977, 30.050976674087742 ], [ 79.116821162848836, 30.051818243950805 ] ] ], [ [ [ 79.030571581116646, 30.050554497756035 ], [ 79.002023108276433, 30.050525454176846 ], [ 79.002014871191832, 30.050935646177447 ], [ 79.058942482084333, 30.051788492450598 ], [ 79.058958319776977, 30.050976674087742 ], [ 79.030571581116646, 30.050554497756035 ] ] ], [ [ [ 79.001998569086538, 30.051747436695425 ], [ 79.002014871191832, 30.050935646177447 ], [ 78.97286416032243, 30.050489386969392 ], [ 78.944148211006393, 30.050447544037397 ], [ 78.944139784361127, 30.050855354115164 ], [ 79.001998569086538, 30.051747436695425 ] ] ], [ [ [ 78.915158378395944, 30.050398936599905 ], [ 78.886274998922048, 30.050344147118981 ], [ 78.886266385494295, 30.050749575030476 ], [ 78.944123010288919, 30.051667115512704 ], [ 78.944139784361127, 30.050855354115164 ], [ 78.915158378395944, 30.050398936599905 ] ] ], [ [ [ 78.906007544639252, 30.309281532548798 ], [ 78.903269881776666, 30.305989730514835 ], [ 78.897673813307875, 30.305087920387244 ], [ 78.893862150533167, 30.308274534554805 ], [ 78.893775331131778, 30.31233305123331 ], [ 78.897448483236104, 30.315640089074197 ], [ 78.90212677455807, 30.315715221761483 ], [ 78.904985582811278, 30.31332509529491 ], [ 78.906007544639252, 30.309281532548798 ] ] ], [ [ [ 78.961556428239902, 30.338579035563892 ], [ 78.962492341151616, 30.338593626918598 ], [ 78.962509157784822, 30.337781891711799 ], [ 78.961556428239902, 30.338579035563892 ] ] ], [ [ [ 78.962475523833845, 30.339405362016105 ], [ 78.963411445142128, 30.339419947150617 ], [ 78.963428254748024, 30.338608211581533 ], [ 78.962475523833845, 30.339405362016105 ] ] ], [ [ [ 78.967020882560035, 30.34597211646021 ], [ 78.96887608663539, 30.346812958053942 ], [ 78.968842545634331, 30.348436432547441 ], [ 78.970697812115432, 30.349277250798199 ], [ 78.970664297883488, 30.350900726516272 ], [ 78.972519626777682, 30.351741521418081 ], [ 78.972486139322172, 30.353364998359151 ], [ 78.974341530636792, 30.354205769906027 ], [ 78.974308069965005, 30.355829248068485 ], [ 78.976163523707413, 30.356669996254436 ], [ 78.976130089826626, 30.358293475636732 ], [ 78.97890502861236, 30.359960423878384 ], [ 78.978871635611355, 30.361583905196671 ], [ 78.980727238073868, 30.362424594540926 ], [ 78.98069387188157, 30.364048077075058 ], [ 78.982549536796327, 30.364888743037856 ], [ 78.982516197420026, 30.366512226786238 ], [ 78.984371924794374, 30.367352869361579 ], [ 78.986161116360321, 30.371440459676709 ], [ 78.989839624588754, 30.374745115217841 ], [ 78.989806392549497, 30.376368603807418 ], [ 78.991662369835794, 30.377209152773034 ], [ 78.992499090710183, 30.382094016004594 ], [ 78.99437178182248, 30.382122786200458 ], [ 78.995274976931455, 30.383760653446469 ], [ 78.999923720327843, 30.385455929141404 ], [ 79.000827037773035, 30.38709376270738 ], [ 79.002699833778124, 30.387122417786372 ], [ 79.001813007367488, 30.38467284670487 ], [ 78.99995679718387, 30.383832432736433 ], [ 78.999989871347907, 30.382208935895054 ], [ 78.998133723674712, 30.381368498488332 ], [ 78.998166824715796, 30.379745002846001 ], [ 78.996310739545663, 30.378904542006993 ], [ 78.995440707251277, 30.375643188062082 ], [ 78.991761969181425, 30.372338680765658 ], [ 78.990892134993146, 30.369077302830334 ], [ 78.989036314533863, 30.368236749143872 ], [ 78.987247051298425, 30.364149193581362 ], [ 78.985391355759319, 30.363308593097837 ], [ 78.984521797731006, 30.360047181632137 ], [ 78.980843998360129, 30.356742402231564 ], [ 78.97815260063031, 30.351016790900122 ], [ 78.973556071031695, 30.346885603717425 ], [ 78.9716840752275, 30.346856565534377 ], [ 78.963411445142128, 30.339419947150617 ], [ 78.963377823877451, 30.341043417960876 ], [ 78.967020882560035, 30.34597211646021 ] ] ], [ [ [ 78.985124957225665, 30.376296476758533 ], [ 78.984188672193412, 30.376282031242187 ], [ 78.984172008797771, 30.377093772576121 ], [ 78.985124957225665, 30.376296476758533 ] ] ], [ [ [ 79.157338272832575, 30.581846207688404 ], [ 79.156507466239702, 30.576150324967024 ], [ 79.151892994032622, 30.572024792924864 ], [ 79.151923786786242, 30.570401197783063 ], [ 79.149139916284739, 30.568737605051126 ], [ 79.149170750858858, 30.567114011617576 ], [ 79.146387021462246, 30.565450364948454 ], [ 79.146417897841985, 30.563826773226776 ], [ 79.143634309527116, 30.562163072639851 ], [ 79.143665227697554, 30.560539482633697 ], [ 79.140881780441319, 30.558875728148358 ], [ 79.140912740387549, 30.557252139861379 ], [ 79.138129434166814, 30.555588331496981 ], [ 79.138160435873957, 30.553964744932809 ], [ 79.1353772706656, 30.552300882708753 ], [ 79.135408314118735, 30.550677297871008 ], [ 79.132625289899664, 30.549013381806663 ], [ 79.132656375083897, 30.547389798698973 ], [ 79.129873491830978, 30.545725828813715 ], [ 79.129904618731416, 30.544102247439739 ], [ 79.127121876421526, 30.542438223752935 ], [ 79.127153045023306, 30.540814644116299 ], [ 79.124370443633325, 30.539150566647329 ], [ 79.124401653921552, 30.537526988751658 ], [ 79.121619193428373, 30.535862857519884 ], [ 79.121650445388156, 30.534239281368801 ], [ 79.118868125768671, 30.532575096393618 ], [ 79.118899419385144, 30.530951521990755 ], [ 79.116117240616234, 30.529287283291499 ], [ 79.116148575874504, 30.527663710640493 ], [ 79.113366537933075, 30.52599941823653 ], [ 79.113397914818265, 30.524375847341027 ], [ 79.11061601768121, 30.522711501251727 ], [ 79.110647436178454, 30.521087932115336 ], [ 79.107865679822652, 30.519423532360047 ], [ 79.107897139917085, 30.517799964986406 ], [ 79.105115524319459, 30.516135511584505 ], [ 79.105147025996203, 30.514511945977237 ], [ 79.103287443683485, 30.513672874880005 ], [ 79.101491009472142, 30.509586652123453 ], [ 79.099631552946661, 30.508747533496209 ], [ 79.09966313645927, 30.507123971215375 ], [ 79.097803742816339, 30.506284828832154 ], [ 79.096007660858135, 30.502198541474911 ], [ 79.094148392958203, 30.501359351597742 ], [ 79.094180058240411, 30.499735792657741 ], [ 79.090493403538474, 30.496433783872366 ], [ 79.089619378801189, 30.493172932559794 ], [ 79.087760338331734, 30.492333660014943 ], [ 79.085964907812382, 30.488247254610279 ], [ 79.084105993002282, 30.487407934638416 ], [ 79.08413780737655, 30.485784381751948 ], [ 79.082278955385036, 30.484945038075594 ], [ 79.082310796960101, 30.483321486314718 ], [ 79.080452007779826, 30.482482118939881 ], [ 79.079578420275041, 30.479221213254757 ], [ 79.076798382546585, 30.477556212980168 ], [ 79.076830305679906, 30.475932664605644 ], [ 79.074971704889123, 30.475093226171378 ], [ 79.073177094653531, 30.471006670711155 ], [ 79.071318619418903, 30.470167184933974 ], [ 79.070445426602603, 30.466906229967709 ], [ 79.068587052953447, 30.46606670909226 ], [ 79.06861909764848, 30.464443165715448 ], [ 79.066760786754017, 30.463603621186966 ], [ 79.064966709402896, 30.459516969676891 ], [ 79.061282527407442, 30.456214222454239 ], [ 79.060409770842128, 30.452953213453224 ], [ 79.058551749683204, 30.452113562955766 ], [ 79.058583942890323, 30.450490025755233 ], [ 79.056725984444299, 30.449650351638187 ], [ 79.054932556401184, 30.445563582951795 ], [ 79.053074723358876, 30.444723861613554 ], [ 79.052202323807137, 30.441462808535608 ], [ 79.048519237745097, 30.438159740129819 ], [ 79.047647037521031, 30.434898662619887 ], [ 79.043964346632649, 30.431595479869305 ], [ 79.043996755090475, 30.42997195167899 ], [ 79.042139312920412, 30.42913208961922 ], [ 79.041267390546381, 30.425870977963164 ], [ 79.037585246974388, 30.422567635003055 ], [ 79.036713523662442, 30.419306499003874 ], [ 79.03485634685164, 30.418466543522243 ], [ 79.033064344143497, 30.414379520491302 ], [ 79.031207292549567, 30.413539517935725 ], [ 79.028511532475264, 30.407814791870248 ], [ 79.026654644768612, 30.406974730908434 ], [ 79.026687307788734, 30.405351213481698 ], [ 79.024846827985314, 30.403699370936273 ], [ 79.025799734658165, 30.402901777995353 ], [ 79.025914074504342, 30.397219464483271 ], [ 79.022233493266768, 30.393915744718928 ], [ 79.02036054542468, 30.393887363936813 ], [ 79.019456838008836, 30.392249649898691 ], [ 79.015727427550829, 30.391381029570745 ], [ 79.014856656164397, 30.388119777231218 ], [ 79.013000259804727, 30.387279541287668 ], [ 79.010306216076728, 30.38155449651272 ], [ 79.006626742879391, 30.378250378644108 ], [ 79.006659699437833, 30.376626873801769 ], [ 79.004803591746466, 30.375786532713875 ], [ 79.003933295374395, 30.372525222522988 ], [ 79.000254367771277, 30.369220945455343 ], [ 78.999384269554838, 30.365959611224643 ], [ 78.997528426529925, 30.365119177234419 ], [ 78.995738851910588, 30.361031722873644 ], [ 78.993883133783285, 30.360191242060854 ], [ 78.993013311794002, 30.356929874230957 ], [ 78.989335322841796, 30.35362532485383 ], [ 78.986643494243665, 30.347899867442923 ], [ 78.980191455481119, 30.34292831021018 ], [ 78.979305532660817, 30.340478613988179 ], [ 78.977433652114229, 30.340449663624099 ], [ 78.967339665993663, 30.330549102773936 ], [ 78.965467988217938, 30.33051998970631 ], [ 78.951683954304855, 30.318124817917997 ], [ 78.951717737555896, 30.316501353278035 ], [ 78.948944476605931, 30.31483389444206 ], [ 78.948978300567518, 30.313210431773598 ], [ 78.947123900202342, 30.312369340526036 ], [ 78.947157750836695, 30.310745879101017 ], [ 78.94530341276888, 30.309904764588762 ], [ 78.945337290068736, 30.308281304408727 ], [ 78.943483014290919, 30.307440166637761 ], [ 78.943516918248989, 30.305816707704313 ], [ 78.941662704753838, 30.304975546680602 ], [ 78.941696635362831, 30.303352088995318 ], [ 78.938923914105175, 30.301684439384022 ], [ 78.938957885368566, 30.300060983683352 ], [ 78.937103820197805, 30.299219764131532 ], [ 78.937137818094499, 30.297596309682984 ], [ 78.934382355721965, 30.29511684694166 ], [ 78.927851060043864, 30.294201569638972 ], [ 78.925945942247054, 30.295795367355268 ], [ 78.924074973480344, 30.295765692596433 ], [ 78.922255364318147, 30.293300830962803 ], [ 78.920384447290147, 30.293271105651634 ], [ 78.917646696836258, 30.289979595476709 ], [ 78.915775848332245, 30.289949807231306 ], [ 78.913956552479704, 30.287484842823517 ], [ 78.912085755721151, 30.287455004050475 ], [ 78.909348442987906, 30.284163338006639 ], [ 78.907477714760546, 30.284133436331206 ], [ 78.904740647395911, 30.280841683871639 ], [ 78.902869987703482, 30.280811719311735 ], [ 78.900133165662098, 30.277519880483791 ], [ 78.898262574508266, 30.277489853057343 ], [ 78.896443942683305, 30.275024672174343 ], [ 78.894573403288689, 30.274994594272815 ], [ 78.891837018668809, 30.271702599896486 ], [ 78.889966547819981, 30.271672459160243 ], [ 78.887230408398324, 30.268380378547519 ], [ 78.885360006098978, 30.268350174994485 ], [ 78.878935809799486, 30.262562344959989 ], [ 78.877065527826218, 30.262532028185554 ], [ 78.874330070679733, 30.259239706155835 ], [ 78.87245985726679, 30.25920932661435 ], [ 78.869724645148125, 30.255916918527522 ], [ 78.867854500299174, 30.255886476236931 ], [ 78.86511953316294, 30.252593982140297 ], [ 78.863249456881647, 30.252563477118514 ], [ 78.861432151650376, 30.250097864717137 ], [ 78.859562127155641, 30.250067309325374 ], [ 78.854057956300835, 30.245105342543528 ], [ 78.847530944470449, 30.24418624254772 ], [ 78.843737965854828, 30.246559773768219 ], [ 78.842678807357984, 30.252226161719893 ], [ 78.847247677702427, 30.25717322145157 ], [ 78.849117821685766, 30.257203959132067 ], [ 78.851852351099026, 30.260496765910666 ], [ 78.853722563716261, 30.260527440879855 ], [ 78.860145075739311, 30.266316433166601 ], [ 78.862015408815594, 30.266346995012359 ], [ 78.864750620372689, 30.269639560920744 ], [ 78.866621022072096, 30.269670060005414 ], [ 78.869356478777917, 30.272962539873884 ], [ 78.871226949096766, 30.272992976179552 ], [ 78.877651309769661, 30.278781187053173 ], [ 78.879521900519492, 30.278811510115144 ], [ 78.882258039839101, 30.282103748613729 ], [ 78.884128699197561, 30.282134008846914 ], [ 78.886865083836426, 30.285426161126274 ], [ 78.888735811799847, 30.285456358512754 ], [ 78.895162022193404, 30.291243786561207 ], [ 78.89703287055957, 30.291273870583723 ], [ 78.899769938282176, 30.294565780993345 ], [ 78.90164085524242, 30.294595802119385 ], [ 78.904378168454798, 30.297887626130439 ], [ 78.906249154005408, 30.29791758434207 ], [ 78.908068426697199, 30.300382652307281 ], [ 78.909939464039056, 30.300412559980941 ], [ 78.912677215190172, 30.303704228152874 ], [ 78.914548321115205, 30.303734072880278 ], [ 78.920960114318206, 30.31033206193208 ], [ 78.922831356003414, 30.310361794080524 ], [ 78.935691819372465, 30.321933311285729 ], [ 78.93558964647417, 30.326803650750946 ], [ 78.933683983169388, 30.328397530329472 ], [ 78.934534574262386, 30.332470926415795 ], [ 78.938226893234969, 30.334965184780465 ], [ 78.945730784087459, 30.334271324205531 ], [ 78.950342443700634, 30.337591688297998 ], [ 78.959448775732653, 30.3499140943707 ], [ 78.959347665125776, 30.354784485634863 ], [ 78.947246682896491, 30.351346989476298 ], [ 78.94634457440624, 30.349708832529135 ], [ 78.939843556539358, 30.347170542355972 ], [ 78.938941608685582, 30.345532340761277 ], [ 78.934295897830836, 30.343835019079361 ], [ 78.933394072008099, 30.342196784093222 ], [ 78.92966744582138, 30.341325821186445 ], [ 78.925992248047308, 30.338019605647997 ], [ 78.922265856583323, 30.337148441494644 ], [ 78.918591068132287, 30.33384203464141 ], [ 78.916719385174702, 30.333812221073593 ], [ 78.915817941406743, 30.332173880342673 ], [ 78.912091876477859, 30.331302439843757 ], [ 78.908417654246023, 30.327995770325487 ], [ 78.904691824074774, 30.327124128785627 ], [ 78.9037906402489, 30.325485715793118 ], [ 78.901919133900506, 30.325455697863259 ], [ 78.900099596275524, 30.322990538555086 ], [ 78.895455682825229, 30.32129191169091 ], [ 78.891782402128783, 30.317984813699823 ], [ 78.886203225706296, 30.316270787449412 ], [ 78.885302445930193, 30.314632263701377 ], [ 78.883431168159916, 30.314601991013813 ], [ 78.882530449281319, 30.312963450690432 ], [ 78.87324440158406, 30.309564859602112 ], [ 78.872343897580393, 30.307926258194428 ], [ 78.863058711933718, 30.304526980587063 ], [ 78.862158422741544, 30.302888318175871 ], [ 78.852874099205437, 30.29948835445445 ], [ 78.851974024761262, 30.297849631120499 ], [ 78.842690563395493, 30.294448981690021 ], [ 78.841790703635823, 30.292810197514033 ], [ 78.834361002339151, 30.290251514941154 ], [ 78.833461318750196, 30.288612681070884 ], [ 78.824179431844598, 30.28521078635092 ], [ 78.823279962823875, 30.283571891785609 ], [ 78.815851492014687, 30.281012211753183 ], [ 78.814952199068074, 30.279373267614194 ], [ 78.805671886806792, 30.275970128951322 ], [ 78.803837601223833, 30.274315434191635 ], [ 78.797291172242296, 30.274205416860994 ], [ 78.794449257149424, 30.275781475567427 ], [ 78.792469778011608, 30.280619858361831 ], [ 78.793405037720305, 30.280635632584673 ], [ 78.793350525186739, 30.283070591843749 ], [ 78.796083776442885, 30.28636449597985 ], [ 78.801659473467424, 30.288082216329794 ], [ 78.801641365904047, 30.288893873117338 ], [ 78.805364668672922, 30.289768342044539 ], [ 78.80626388136821, 30.291407346519197 ], [ 78.815545636671558, 30.294810508296681 ], [ 78.816445063985611, 30.296449452175818 ], [ 78.825727682303423, 30.299851929260907 ], [ 78.826627324299835, 30.3014908124638 ], [ 78.830351364444113, 30.302364602458443 ], [ 78.830333482883589, 30.30317627303333 ], [ 78.834057625565649, 30.304049961947634 ], [ 78.834957443826084, 30.305688795471767 ], [ 78.84424163784351, 30.309090027037882 ], [ 78.845141670902692, 30.310728799738765 ], [ 78.8544267277708, 30.31412934546853 ], [ 78.855326975692307, 30.315768057265416 ], [ 78.864612895351456, 30.319167916753692 ], [ 78.865513358198811, 30.320806567565782 ], [ 78.876654075112754, 30.325047837756294 ], [ 78.880327069096438, 30.328355346030182 ], [ 78.884052685579505, 30.329227674129797 ], [ 78.887726088832892, 30.332534991679026 ], [ 78.891451940294829, 30.333407118895561 ], [ 78.892352977505496, 30.335045608859353 ], [ 78.896997465162642, 30.336744370781791 ], [ 78.897898624309093, 30.338382827523692 ], [ 78.901624802609433, 30.33925467861453 ], [ 78.905299181634362, 30.342561542875394 ], [ 78.909025594878884, 30.343433192877455 ], [ 78.909927014103303, 30.345071577373925 ], [ 78.913653570411284, 30.345943101423714 ], [ 78.916409827989483, 30.348423025223841 ], [ 78.918281788572827, 30.348452856146746 ], [ 78.919183406958751, 30.350091184949392 ], [ 78.925684016281508, 30.352630486552851 ], [ 78.926585795305201, 30.354268770802964 ], [ 78.928457879275982, 30.354298461178569 ], [ 78.932133739470089, 30.357604631733157 ], [ 78.93586100048762, 30.358475551839916 ], [ 78.939537270392037, 30.361781530787542 ], [ 78.943264766282269, 30.362652249407436 ], [ 78.944166927780273, 30.364290427697881 ], [ 78.946039223381845, 30.364319875058229 ], [ 78.94971606025652, 30.367625590523261 ], [ 78.951588425916768, 30.367654961298594 ], [ 78.952490770674217, 30.369293089389721 ], [ 78.956218685106379, 30.370163455646431 ], [ 78.957121129583314, 30.3718015557392 ], [ 78.961768578, 30.373498137386257 ], [ 78.962671144702313, 30.375136203959446 ], [ 78.965479931639393, 30.375179981423823 ], [ 78.969157841013228, 30.378485192682707 ], [ 78.971030436342815, 30.378514294298654 ], [ 78.971933202569844, 30.380152304781113 ], [ 78.975661729626651, 30.381022141102967 ], [ 78.979340206324267, 30.384327088182395 ], [ 78.981212924843575, 30.384356048888876 ], [ 78.982115913167107, 30.385993997691379 ], [ 78.985844766838397, 30.38686355652786 ], [ 78.986747854982468, 30.388501477220736 ], [ 78.988620661664683, 30.388530335318833 ], [ 78.989523810984068, 30.390168239187123 ], [ 78.991396652655055, 30.390197058914019 ], [ 78.994156148591657, 30.39267547168377 ], [ 78.994893541159712, 30.402430782409272 ], [ 78.996733468726376, 30.404083024193117 ], [ 79.003289384649037, 30.404183455468324 ], [ 79.004258977210441, 30.402574279940222 ], [ 79.008925244255551, 30.403457527472543 ], [ 79.009812393240452, 30.40590705907745 ], [ 79.013509403821743, 30.408399372952321 ], [ 79.016204283501395, 30.414124370488924 ], [ 79.018061204744257, 30.41496458133998 ], [ 79.020756513830477, 30.42068949918205 ], [ 79.022613599022122, 30.421529651659885 ], [ 79.022580847450001, 30.423153161066491 ], [ 79.024437995270702, 30.42399329002258 ], [ 79.025309337727208, 30.427254489720923 ], [ 79.028991214007576, 30.430558166553102 ], [ 79.02986275545652, 30.433819341979579 ], [ 79.031720168703288, 30.434659377592428 ], [ 79.031687550815448, 30.436282892654141 ], [ 79.035369974459158, 30.43958640944777 ], [ 79.036241793663692, 30.442847550827434 ], [ 79.039924612513133, 30.446150953400011 ], [ 79.040796630975663, 30.449412070418969 ], [ 79.044479845184597, 30.45271535868153 ], [ 79.044447415309023, 30.454338881680968 ], [ 79.046305344966626, 30.455178729502645 ], [ 79.046272942168869, 30.456802253660801 ], [ 79.048130934556383, 30.457642077881133 ], [ 79.049003309913289, 30.460903150950532 ], [ 79.050861403841438, 30.461742940155137 ], [ 79.050829068112719, 30.463366467094239 ], [ 79.054513135600573, 30.466669502739393 ], [ 79.054480854087288, 30.468293031983226 ], [ 79.056339136286397, 30.469132750319492 ], [ 79.056306881891842, 30.470756280713282 ], [ 79.058165226862684, 30.471595975414765 ], [ 79.059943106159423, 30.476494476887769 ], [ 79.061801591575446, 30.477334125091925 ], [ 79.061769417272771, 30.478957658708389 ], [ 79.063627965485196, 30.479797283258925 ], [ 79.063595818331763, 30.481420818018993 ], [ 79.065454429347952, 30.482260418909902 ], [ 79.067248890345539, 30.486347069079734 ], [ 79.069107626991368, 30.487186622633384 ], [ 79.069980917147063, 30.49044758284948 ], [ 79.071839755481548, 30.491287101277315 ], [ 79.07180772993955, 30.492910641055051 ], [ 79.073666631112246, 30.493750135795818 ], [ 79.073634632760502, 30.495373676708386 ], [ 79.075493596778784, 30.496213147756087 ], [ 79.077288708546703, 30.50029968032792 ], [ 79.079147798278314, 30.501139103971472 ], [ 79.07909992219966, 30.503574420269555 ], [ 79.080959089706298, 30.504413820983711 ], [ 79.080927198892454, 30.506037366202133 ], [ 79.084613858960395, 30.509339642815952 ], [ 79.087299528688177, 30.515875160592877 ], [ 79.084534263230722, 30.513398510676925 ], [ 79.07706502815293, 30.511664470388617 ], [ 79.077081009546717, 30.510852700377008 ], [ 79.067769032000712, 30.507466918189483 ], [ 79.066863572703753, 30.505829479639139 ], [ 79.061270380825576, 30.504122374088979 ], [ 79.060365060883072, 30.502484895584683 ], [ 79.052913333259553, 30.499937761007359 ], [ 79.050165605743373, 30.496648673348396 ], [ 79.045510717201552, 30.494954945947406 ], [ 79.044605743873106, 30.493317370853539 ], [ 79.037138864783245, 30.491581132831538 ], [ 79.031579757722952, 30.488249303854872 ], [ 79.027846610620216, 30.487380876532182 ], [ 79.026942003240677, 30.485743192940831 ], [ 79.021350738105156, 30.484034448911004 ], [ 79.02044626991291, 30.482396725569814 ], [ 79.012997217565825, 30.479847412906331 ], [ 79.012092927370006, 30.478209638472617 ], [ 79.004644433666755, 30.475659870480023 ], [ 79.004660992922823, 30.474848131211662 ], [ 78.999054181126894, 30.473950209952399 ], [ 78.99903757595338, 30.474761946550888 ], [ 78.996225876582244, 30.474718763383216 ], [ 78.994318123688203, 30.476313409186719 ], [ 78.994284830952722, 30.477936876974386 ], [ 78.993347569471979, 30.4779224538105 ], [ 78.994168285053107, 30.483619010786231 ], [ 78.996930348197054, 30.486097452405755 ], [ 79.004379393968875, 30.488647683911505 ], [ 79.00528363800025, 30.490285507970281 ], [ 79.012733242839531, 30.492835284075287 ], [ 79.013637664954587, 30.494473057058688 ], [ 79.019229362458361, 30.496182149895272 ], [ 79.020133923828439, 30.497819883142359 ], [ 79.027584529166319, 30.500368849482019 ], [ 79.030331565928719, 30.503658383147464 ], [ 79.032206625104024, 30.503686712658883 ], [ 79.035891473758923, 30.506990294395766 ], [ 79.043359488781704, 30.508726650325393 ], [ 79.048920152017004, 30.5120580347788 ], [ 79.052654452122297, 30.512925904095866 ], [ 79.05355972640497, 30.514563432324362 ], [ 79.059153352146993, 30.516270886405621 ], [ 79.060058765851963, 30.517908374693661 ], [ 79.066574337620793, 30.520441246415871 ], [ 79.068401579723371, 30.522904362073906 ], [ 79.07027705086692, 30.52293215972853 ], [ 79.071182711053154, 30.524569579732098 ], [ 79.073058217252907, 30.524597338719882 ], [ 79.075823478798853, 30.527074229449877 ], [ 79.079574600257914, 30.527129590941811 ], [ 79.079558629226142, 30.527941360114713 ], [ 79.084263516689887, 30.527198641070832 ], [ 79.088078258814704, 30.524006666004642 ], [ 79.088189529237795, 30.518324247704911 ], [ 79.090064934238356, 30.518351756846965 ], [ 79.09003317705681, 30.519975307248931 ], [ 79.09558033026461, 30.524116565556863 ], [ 79.095548657482141, 30.525740119745418 ], [ 79.098330362993863, 30.527404779865449 ], [ 79.098298731787722, 30.529028335833168 ], [ 79.101080578125334, 30.530692942324464 ], [ 79.101048988510385, 30.532316500067722 ], [ 79.102893115265275, 30.533967394478704 ], [ 79.104595376688579, 30.542924281390707 ], [ 79.117585701488608, 30.55042082695018 ], [ 79.117554361733227, 30.552044395270435 ], [ 79.120337194499598, 30.553708625818444 ], [ 79.120305896439575, 30.55533219588882 ], [ 79.123088870216847, 30.556996372653167 ], [ 79.123057613867076, 30.558619944470049 ], [ 79.128592769922221, 30.563571710129999 ], [ 79.128561597037645, 30.56519528542897 ], [ 79.131344993986417, 30.566859300726072 ], [ 79.131313862856786, 30.568482877760648 ], [ 79.134097400908971, 30.570146839196578 ], [ 79.134066311549205, 30.571770417963112 ], [ 79.136849990727967, 30.573434325518498 ], [ 79.13681894315296, 30.575057906013349 ], [ 79.14235571920743, 30.580009141624473 ], [ 79.142324755246662, 30.581632725565068 ], [ 79.147877618931503, 30.585771955011325 ], [ 79.152569540021872, 30.5858386620096 ], [ 79.157338272832575, 30.581846207688404 ] ], [ [ 78.981479926364727, 30.371368212591879 ], [ 78.979624152389889, 30.370527527090513 ], [ 78.979657544896014, 30.368904047239347 ], [ 78.977801833393855, 30.368063338351796 ], [ 78.977835252715622, 30.366439859717453 ], [ 78.975979603678752, 30.365599127449702 ], [ 78.97419093616115, 30.361511418195857 ], [ 78.971399283269406, 30.360656108764797 ], [ 78.971432798434577, 30.359032634729623 ], [ 78.966836211008669, 30.354901211616575 ], [ 78.965967334105827, 30.351639704025587 ], [ 78.964112068790953, 30.350798818683046 ], [ 78.962340960643957, 30.345899238861069 ], [ 78.960485834893603, 30.345058307686092 ], [ 78.96051950928539, 30.343434840799876 ], [ 78.958664445931788, 30.342593886301156 ], [ 78.95869814706316, 30.340970420648407 ], [ 78.956843146098947, 30.340129442831941 ], [ 78.955055689969114, 30.336041514104931 ], [ 78.949525000289626, 30.33189490728769 ], [ 78.949558837764542, 30.330271448263534 ], [ 78.947687186063519, 30.330242080994033 ], [ 78.947721051615176, 30.328618623431669 ], [ 78.94491362548257, 30.328574525209657 ], [ 78.94496448800389, 30.326139342323835 ], [ 78.942191088581438, 30.324471735237811 ], [ 78.94132324665307, 30.321210099464071 ], [ 78.936729660547741, 30.317077734175413 ], [ 78.934858274776886, 30.317048194897225 ], [ 78.924771032653439, 30.307144621188172 ], [ 78.922899849774311, 30.30711491961825 ], [ 78.916488116814904, 30.300517026391557 ], [ 78.914617069663649, 30.300487212250189 ], [ 78.911879333883618, 30.297195584341889 ], [ 78.910008355298672, 30.297165707258848 ], [ 78.903580862050077, 30.291378954298089 ], [ 78.901710003816916, 30.291348963771092 ], [ 78.89897295135971, 30.288057093619692 ], [ 78.897102161703785, 30.288027040200788 ], [ 78.894365354653175, 30.284735083696159 ], [ 78.892494633578167, 30.284704967403261 ], [ 78.886068990528571, 30.2789174305804 ], [ 78.884198389833642, 30.278887200963812 ], [ 78.881462265636088, 30.27559500271602 ], [ 78.879591733532934, 30.275564710275223 ], [ 78.876855854571474, 30.272272425853533 ], [ 78.874985391063788, 30.272242070606449 ], [ 78.868561597142858, 30.266453751333732 ], [ 78.866691254043445, 30.266423282883192 ], [ 78.863956057465202, 30.263130757218118 ], [ 78.862085782972059, 30.263100226011055 ], [ 78.859350831459423, 30.25980761435137 ], [ 78.857480625576201, 30.259777020405711 ], [ 78.855663348317009, 30.257311330957883 ], [ 78.853793194253072, 30.257280686635788 ], [ 78.85105867971329, 30.253987920095028 ], [ 78.849188594266408, 30.253957213066176 ], [ 78.846454324667107, 30.250664360662682 ], [ 78.847442443435924, 30.248244676481804 ], [ 78.85211738659963, 30.248321443316744 ], [ 78.853017064031064, 30.249960155455025 ], [ 78.85488707847459, 30.249990804179536 ], [ 78.857621623696645, 30.253283493406229 ], [ 78.859491706731788, 30.253314079426815 ], [ 78.861309015851759, 30.255779718167965 ], [ 78.863179150686449, 30.255810253814737 ], [ 78.86591413279929, 30.259102788137238 ], [ 78.867784336218463, 30.259133261048255 ], [ 78.870519563351451, 30.262425709363008 ], [ 78.872389835351441, 30.262456119520344 ], [ 78.875125307549951, 30.265748481780005 ], [ 78.876995648127107, 30.26577882916575 ], [ 78.878813620399754, 30.26824425239413 ], [ 78.880684012762799, 30.268274549353503 ], [ 78.883419922151376, 30.271566756388619 ], [ 78.885290383084438, 30.271596990544552 ], [ 78.892633466978097, 30.278211317340936 ], [ 78.894504065040124, 30.278241425836224 ], [ 78.896322700952695, 30.28070663307458 ], [ 78.898193350786926, 30.280736691090947 ], [ 78.900930188091365, 30.284028570159677 ], [ 78.902800906481048, 30.284058565304907 ], [ 78.905537989146509, 30.287350358007284 ], [ 78.907408776087948, 30.287380290263485 ], [ 78.910146104159793, 30.290671996552149 ], [ 78.912016959649279, 30.290701865901365 ], [ 78.918444932797357, 30.296488225913112 ], [ 78.920315908586161, 30.296517981792046 ], [ 78.926727665886034, 30.303115690879338 ], [ 78.928598777354509, 30.303145334190546 ], [ 78.927765689214084, 30.298260183207248 ], [ 78.932443245679835, 30.298334193592247 ], [ 78.935130670534946, 30.304060600858751 ], [ 78.937903387035306, 30.30572833047621 ], [ 78.937869390690111, 30.307351783690855 ], [ 78.941543925860401, 30.310657645133077 ], [ 78.943330412308995, 30.314745726423499 ], [ 78.947941110501461, 30.318066138610668 ], [ 78.949727983818988, 30.322154146579841 ], [ 78.952518346943563, 30.323009865169062 ], [ 78.953403460349506, 30.325459711452119 ], [ 78.961674184271729, 30.332896890123369 ], [ 78.963545902831171, 30.332926059537911 ], [ 78.973639718731604, 30.342826903829557 ], [ 78.975511640116679, 30.342855910546788 ], [ 78.982866125551382, 30.349465625645383 ], [ 78.985557766769801, 30.355191151617106 ], [ 78.989235677745029, 30.358495803545967 ], [ 78.990105383546322, 30.36175719078317 ], [ 78.991961094924065, 30.36259772496415 ], [ 78.991927914053548, 30.364221218688996 ], [ 78.995606370137764, 30.367525711765829 ], [ 78.996476352138885, 30.370787065434126 ], [ 79.000155201794925, 30.374091445142614 ], [ 79.001025381931484, 30.377352774792858 ], [ 79.002881482906574, 30.378193169283591 ], [ 79.00284846184023, 30.379816669993019 ], [ 79.004704625312684, 30.380657041044209 ], [ 79.004671631131018, 30.382280542948561 ], [ 79.007431268322748, 30.38475868292716 ], [ 79.007398313811308, 30.386382186511867 ], [ 79.011078103015905, 30.389686293492343 ], [ 79.011948758119345, 30.392947565343281 ], [ 79.022135319982141, 30.398786291113989 ], [ 79.022086224350943, 30.401221562840597 ], [ 79.019260204970905, 30.401990724876335 ], [ 79.020147605200535, 30.404440197583931 ], [ 79.022004384979951, 30.405280346872328 ], [ 79.021971644569376, 30.406903859722227 ], [ 79.024732396739438, 30.409381675145443 ], [ 79.024699696111128, 30.411005189653164 ], [ 79.026556639758923, 30.411845280574013 ], [ 79.027427969237877, 30.415106470180657 ], [ 79.029285014196148, 30.415946526222942 ], [ 79.029252380354492, 30.417570043558435 ], [ 79.032934051261407, 30.420873603558928 ], [ 79.035630389743417, 30.426598254562265 ], [ 79.037487723922794, 30.427438205079582 ], [ 79.038359529898713, 30.430699336373031 ], [ 79.042041990600197, 30.434002668095324 ], [ 79.042009544547611, 30.435626193383015 ], [ 79.043867105436959, 30.436466061827556 ], [ 79.044739189235628, 30.439727159005244 ], [ 79.048422197483319, 30.443030330445993 ], [ 79.049294480589481, 30.446291403213458 ], [ 79.051152307063035, 30.447131178107728 ], [ 79.051119994999524, 30.448754708965737 ], [ 79.052977884176869, 30.449594460257881 ], [ 79.052945599197159, 30.451217992268727 ], [ 79.056629307804172, 30.45452095718478 ], [ 79.05750194788952, 30.457781985914263 ], [ 79.059360064020538, 30.45862165494739 ], [ 79.0611538884407, 30.462708373345464 ], [ 79.06301213005554, 30.463547995113526 ], [ 79.062979993514432, 30.46517153332768 ], [ 79.066664555601335, 30.468474245289819 ], [ 79.067537631896158, 30.471735220032063 ], [ 79.069396100618107, 30.472574759421857 ], [ 79.069364058419865, 30.474198301518946 ], [ 79.071222589921845, 30.475037817245763 ], [ 79.071190574881967, 30.476661360479778 ], [ 79.073049169171341, 30.477500852537631 ], [ 79.073017181297161, 30.479124396906936 ], [ 79.076702597566452, 30.482426855494733 ], [ 79.077576110588993, 30.485687776072371 ], [ 79.079434932138952, 30.486527185632681 ], [ 79.07940303875418, 30.48815073385429 ], [ 79.081261923125993, 30.488990119718192 ], [ 79.081230056940555, 30.490613669067901 ], [ 79.08308900414157, 30.491453031229391 ], [ 79.083057165162856, 30.493076581705658 ], [ 79.086743436317363, 30.496378786498536 ], [ 79.087617386586231, 30.499639652734096 ], [ 79.089476561201394, 30.500478932278703 ], [ 79.089444816858702, 30.502102486576582 ], [ 79.091304054337527, 30.502941742391332 ], [ 79.091272337235225, 30.504565297808561 ], [ 79.093131637585088, 30.505404529887418 ], [ 79.093099947730522, 30.507028086422402 ], [ 79.09678707447344, 30.510330036999594 ], [ 79.097661462507631, 30.513590848715491 ], [ 79.101348986176589, 30.516892683963302 ], [ 79.101317418386245, 30.51851624539977 ], [ 79.106864997997462, 30.522657040502832 ], [ 79.106833514655591, 30.524280605695704 ], [ 79.109615385996094, 30.525945031395821 ], [ 79.109583944259057, 30.527568598352858 ], [ 79.112365956415047, 30.529232970379951 ], [ 79.112334556297739, 30.53085653909751 ], [ 79.116038891323356, 30.533346213019833 ], [ 79.11600754714685, 30.534969784151464 ], [ 79.118789880595358, 30.536634030501833 ], [ 79.118758578072729, 30.538257603385521 ], [ 79.123370063053741, 30.542384206767867 ], [ 79.123338829564062, 30.544007782491253 ], [ 79.126121546144105, 30.545671885862724 ], [ 79.126090354348534, 30.547295463328474 ], [ 79.131625060307655, 30.552247087888858 ], [ 79.131593951945007, 30.553870668828463 ], [ 79.134377091456884, 30.555534610774117 ], [ 79.134346024833022, 30.557158193445218 ], [ 79.137129305368404, 30.558822081543532 ], [ 79.13709828049825, 30.560445665942446 ], [ 79.139881702080288, 30.562109500174031 ], [ 79.139850718978707, 30.563733086297159 ], [ 79.142634281630535, 30.565396866642637 ], [ 79.142603340312434, 30.56702045448634 ], [ 79.148139989398231, 30.571971443002059 ], [ 79.148109131691825, 30.573595034275982 ], [ 79.150893117691766, 30.575258652846838 ], [ 79.150862301813575, 30.576882245830426 ], [ 79.152723507056209, 30.577720696098442 ], [ 79.152646531360205, 30.58177968040853 ], [ 79.147954805532692, 30.581712984142701 ], [ 79.146109021077791, 30.580062670934655 ], [ 79.146139920052988, 30.57843908311494 ], [ 79.143355932870904, 30.576775363183927 ], [ 79.143386873667893, 30.575151777080212 ], [ 79.140603027647529, 30.573488003217552 ], [ 79.140634010251404, 30.571864418833485 ], [ 79.137850305369582, 30.570200591058587 ], [ 79.13788132976542, 30.568577008397799 ], [ 79.135097765999049, 30.566913126730029 ], [ 79.135128832171958, 30.565289545796158 ], [ 79.132345409497859, 30.563625610254899 ], [ 79.132376517432931, 30.562002031051581 ], [ 79.129593235828011, 30.560338041656223 ], [ 79.12962438551034, 30.558714464187101 ], [ 79.12684124495145, 30.557050420957001 ], [ 79.126872436366142, 30.555426845225696 ], [ 79.124089436830147, 30.553762748180247 ], [ 79.124120669962309, 30.552139174190398 ], [ 79.121337811426102, 30.550475023348984 ], [ 79.121369086260842, 30.548851451104209 ], [ 79.11766403973165, 30.54636190424986 ], [ 79.117695370571184, 30.544738334409871 ], [ 79.110223070853166, 30.543006078816671 ], [ 79.107456465737187, 30.540529868695366 ], [ 79.106691807935022, 30.531586643688687 ], [ 79.102081546487454, 30.527459493935588 ], [ 79.10211311282346, 30.525835934008072 ], [ 79.099331381453041, 30.524171353496122 ], [ 79.09936298937258, 30.522547795342746 ], [ 79.096581398793845, 30.520883161209113 ], [ 79.094785134795927, 30.516796856462786 ], [ 79.092925607460529, 30.515957639596127 ], [ 79.092051362664648, 30.512696802993773 ], [ 79.09019193714532, 30.51185755089141 ], [ 79.088411975106169, 30.506959395125754 ], [ 79.086552690280371, 30.506120096324871 ], [ 79.084757090503487, 30.502033673817166 ], [ 79.082897931423972, 30.501194327565052 ], [ 79.082024129536293, 30.497933436511239 ], [ 79.080165072198781, 30.49709405507712 ], [ 79.080196964302345, 30.495470508356814 ], [ 79.078337969814555, 30.494631103215511 ], [ 79.078369889124531, 30.493007557624306 ], [ 79.076510957479101, 30.492168128781859 ], [ 79.074716008878369, 30.488081588455504 ], [ 79.072857202895548, 30.487242112228763 ], [ 79.071983838193333, 30.483981166893336 ], [ 79.070125133882584, 30.483141655536997 ], [ 79.07015717487883, 30.481518114937693 ], [ 79.068298533375994, 30.480678579907636 ], [ 79.068330601537625, 30.479055040446202 ], [ 79.066472022835327, 30.478215481748443 ], [ 79.064677724716233, 30.474128823886087 ], [ 79.062819271592886, 30.473289217870931 ], [ 79.061946343557508, 30.470028218431345 ], [ 79.058261892941672, 30.466725378176235 ], [ 79.056468127631973, 30.462638624390603 ], [ 79.054609964386984, 30.461798912395448 ], [ 79.054642235398589, 30.460175381410018 ], [ 79.052784134897593, 30.459335645792581 ], [ 79.051911643010783, 30.456074592426194 ], [ 79.050053644042109, 30.455234821783936 ], [ 79.050085982138256, 30.453611293571175 ], [ 79.048228045893865, 30.452771499322072 ], [ 79.046434929801791, 30.448684628514378 ], [ 79.044577118983881, 30.447844787069585 ], [ 79.04460953830845, 30.446221262327782 ], [ 79.041847274682766, 30.443743813288059 ], [ 79.041879733936611, 30.442120290178213 ], [ 79.040022087283376, 30.441280390172114 ], [ 79.039150151603565, 30.438019268434751 ], [ 79.035467650054457, 30.434715854633644 ], [ 79.032771125513563, 30.428991197590328 ], [ 79.029089171309948, 30.425687623698934 ], [ 79.028217712425644, 30.422426443590737 ], [ 79.026360557951222, 30.421586368137902 ], [ 79.024568866985348, 30.41749924332527 ], [ 79.022711837750492, 30.416659120823972 ], [ 79.02184065628137, 30.413397906762523 ], [ 79.018159643747083, 30.410094059030776 ], [ 79.015464744410266, 30.404369098406121 ], [ 79.013608042953379, 30.403528859199504 ], [ 79.012737258867546, 30.400267596765417 ], [ 79.008137017841946, 30.396137487890304 ], [ 79.002534627632414, 30.395239904971248 ], [ 79.002567674239842, 30.393616408407059 ], [ 79.000727829366568, 30.391964250773377 ], [ 78.998854943267276, 30.391935563314028 ], [ 78.997968178052417, 30.389485970153061 ], [ 78.996095342391229, 30.389457245238141 ], [ 78.992416091052263, 30.38615273872615 ], [ 78.988687194544326, 30.385283366116543 ], [ 78.987784099626964, 30.383645457959624 ], [ 78.985911387066437, 30.383616592045914 ], [ 78.985008353308956, 30.381978667069721 ], [ 78.980360060540704, 30.380282878387273 ], [ 78.979457149083501, 30.378644919791924 ], [ 78.975728670907159, 30.377775194138437 ], [ 78.974825859225547, 30.376137207463415 ], [ 78.970178034817422, 30.374441075306841 ], [ 78.969275345390187, 30.372803055059595 ], [ 78.959980389921341, 30.369410258491058 ], [ 78.959077916092284, 30.367772176423461 ], [ 78.956269352119207, 30.367728270997517 ], [ 78.951673050242903, 30.363596329872973 ], [ 78.949800761802123, 30.363566963842928 ], [ 78.947979335097642, 30.361102396547665 ], [ 78.946107098498942, 30.361072979783859 ], [ 78.945204930090014, 30.359434814012864 ], [ 78.941477533974933, 30.358564155203801 ], [ 78.937801309188998, 30.355258231895689 ], [ 78.93407414789327, 30.354387371613459 ], [ 78.930398332746179, 30.351081256701296 ], [ 78.92852630772181, 30.351051596942643 ], [ 78.927624521730436, 30.349413325205159 ], [ 78.921124063995762, 30.34687412658128 ], [ 78.920222438618254, 30.345235810288386 ], [ 78.916495838848846, 30.344364472080304 ], [ 78.915594313044778, 30.342726127930138 ], [ 78.910949186512212, 30.341028000254592 ], [ 78.910047782699024, 30.339389622804156 ], [ 78.907240116337192, 30.339344701627979 ], [ 78.903565782100628, 30.336037893020318 ], [ 78.899839703275973, 30.335166101817478 ], [ 78.898938537069199, 30.333527657577225 ], [ 78.897066883633983, 30.333497563043423 ], [ 78.893393115737894, 30.330190492001808 ], [ 78.889667363677844, 30.329318424691792 ], [ 78.885994005043102, 30.326011162802377 ], [ 78.879496261959744, 30.323470008128417 ], [ 78.878595538472226, 30.321831442011714 ], [ 78.869308826768446, 30.318432542178286 ], [ 78.868408318248072, 30.316793914977939 ], [ 78.864683332794854, 30.315921168447513 ], [ 78.860993694294294, 30.313424947734845 ], [ 78.859122469073924, 30.313394328469705 ], [ 78.858222175457172, 30.311755640266494 ], [ 78.84893718887254, 30.308355367488542 ], [ 78.848037110095916, 30.306716618363232 ], [ 78.838752986160515, 30.303315659720678 ], [ 78.837853122160467, 30.301676849754031 ], [ 78.830422883406001, 30.299117919055604 ], [ 78.829523195652015, 30.297479059395329 ], [ 78.820240647049843, 30.294076855181501 ], [ 78.81934117395609, 30.292437934826879 ], [ 78.810059488167113, 30.289035045892295 ], [ 78.809160229669985, 30.287396064924046 ], [ 78.807289562910185, 30.287364728605592 ], [ 78.803602508144522, 30.284867001451619 ], [ 78.799879406753135, 30.283992491673839 ], [ 78.797127944592262, 30.28151031797508 ], [ 78.797182360456063, 30.279075351932104 ], [ 78.799089100071626, 30.277483511642615 ], [ 78.801894804705185, 30.277530668032757 ], [ 78.801876706724883, 30.278342326257235 ], [ 78.811157088368446, 30.281745737634278 ], [ 78.812056335549386, 30.283384705278799 ], [ 78.821337579773683, 30.28678743245225 ], [ 78.822237041492173, 30.288426339486055 ], [ 78.831519148238257, 30.291828382050817 ], [ 78.832418824557877, 30.293467228393176 ], [ 78.839848705520637, 30.296026029498975 ], [ 78.840748558037888, 30.297664826150069 ], [ 78.850032239585616, 30.301065623347071 ], [ 78.850932306820297, 30.302704359159712 ], [ 78.860216850725749, 30.306104470604353 ], [ 78.861117132741384, 30.307743145497842 ], [ 78.87040253894483, 30.311142570785055 ], [ 78.8713030358049, 30.312781184678634 ], [ 78.880589304246413, 30.316179923403407 ], [ 78.88426212522846, 30.319487315799869 ], [ 78.887987452710178, 30.320359518530879 ], [ 78.891660682769498, 30.323666720228061 ], [ 78.895386245095196, 30.324538722123396 ], [ 78.899059884294786, 30.327845732995289 ], [ 78.900931432649287, 30.327875793965763 ], [ 78.902751074586646, 30.330340945208491 ], [ 78.906477004213102, 30.331212646603774 ], [ 78.91015127125263, 30.334519371750353 ], [ 78.913877435690026, 30.335390872091025 ], [ 78.917552112035452, 30.338697406093999 ], [ 78.919423888911581, 30.338727212063969 ], [ 78.920325447646221, 30.340365531989164 ], [ 78.926825462148997, 30.342904751738669 ], [ 78.92772718144407, 30.344543027125756 ], [ 78.931453907266416, 30.345414049842049 ], [ 78.932355726142447, 30.347052297337633 ], [ 78.937001547935324, 30.348749692724336 ], [ 78.937903488860272, 30.350387906830729 ], [ 78.941630541246212, 30.35125865289816 ], [ 78.945306760074217, 30.354564469356852 ], [ 78.950889255552681, 30.356276111015312 ], [ 78.950872330544584, 30.357087838029948 ], [ 78.96115243844396, 30.358060636407373 ], [ 78.963910277747075, 30.36053962427858 ], [ 78.964762330955097, 30.364612874989536 ], [ 78.96935925659578, 30.368744382049044 ], [ 78.971231666515195, 30.368773472383637 ], [ 78.974909552323211, 30.372078522550503 ], [ 78.976782032218594, 30.372107536234992 ], [ 78.977684844343514, 30.373745510130718 ], [ 78.984188672193412, 30.376282031242187 ], [ 78.983302397136384, 30.373832355767458 ], [ 78.981446560681547, 30.372991693658285 ], [ 78.981479926364727, 30.371368212591879 ] ], [ [ 79.067592373599695, 30.516396337946645 ], [ 79.061998572379181, 30.514689239752606 ], [ 79.061093152119824, 30.513051764074092 ], [ 79.055499668877459, 30.511344399011069 ], [ 79.054594388019197, 30.509706883389775 ], [ 79.052719188195852, 30.509678870938803 ], [ 79.047158516774644, 30.506347647808525 ], [ 79.043408265322455, 30.506291387565785 ], [ 79.043424522847303, 30.505479633094534 ], [ 79.03967431308557, 30.505423266864643 ], [ 79.039690601060698, 30.504611514100894 ], [ 79.035956751430206, 30.503743290839076 ], [ 79.02952499628482, 30.497150221481984 ], [ 79.022074574405309, 30.494601373501677 ], [ 79.021170006350502, 30.492963652850072 ], [ 79.019295165328288, 30.492935173592208 ], [ 79.017453255493066, 30.491283180430166 ], [ 79.015578450914305, 30.49125464914141 ], [ 79.014674022093331, 30.489616888751161 ], [ 79.007224600493288, 30.487067231057182 ], [ 79.006320349728753, 30.485429419588613 ], [ 78.998871487073373, 30.482879306523124 ], [ 78.998033883643217, 30.477994502335228 ], [ 79.001782947146609, 30.478052020023735 ], [ 79.007340403998583, 30.48138505488496 ], [ 79.00921501001703, 30.481413696289604 ], [ 79.010119277292205, 30.483051489118552 ], [ 79.017568484195778, 30.485600972599144 ], [ 79.01847292949374, 30.487238714343555 ], [ 79.024064317134943, 30.488947586930308 ], [ 79.026827318509319, 30.491425432870091 ], [ 79.029639550423184, 30.491467977299163 ], [ 79.033340204925466, 30.493959862573064 ], [ 79.040823455476044, 30.494884568186244 ], [ 79.040807183220153, 30.495696322712917 ], [ 79.04454078055511, 30.496564396439588 ], [ 79.050973556028552, 30.503156767216591 ], [ 79.058425467467444, 30.505704020000756 ], [ 79.059330780855348, 30.507341511109029 ], [ 79.064924115221046, 30.509048705628338 ], [ 79.065829567984608, 30.510686156784999 ], [ 79.073282479096704, 30.513232598027514 ], [ 79.073266464626343, 30.514044365927187 ], [ 79.080751753054301, 30.514966857128314 ], [ 79.085376426584688, 30.5182829334301 ], [ 79.085296834173192, 30.522341797531656 ], [ 79.082435787291288, 30.524735729073448 ], [ 79.077746994148086, 30.524666618185762 ], [ 79.067592373599695, 30.516396337946645 ] ], [ [ 79.088205422427706, 30.517512473227239 ], [ 79.087267728680331, 30.517498708987358 ], [ 79.087283629007459, 30.516686934844468 ], [ 79.088205422427706, 30.517512473227239 ] ] ], [ [ [ 79.066349230623672, 30.531805929519813 ], [ 79.066429640687431, 30.527747116575725 ], [ 79.063664610916277, 30.525270035957757 ], [ 79.058991984450955, 30.524388488873932 ], [ 79.054238551769032, 30.527565564038092 ], [ 79.054157635500232, 30.53162434773812 ], [ 79.057844263493735, 30.534927372673867 ], [ 79.062533494334559, 30.534997220820006 ], [ 79.066349230623672, 30.531805929519813 ] ] ], [ [ [ 78.980108477802119, 30.664472544330255 ], [ 78.980091587861196, 30.665284247707856 ], [ 78.981030644969707, 30.665298846299727 ], [ 78.980108477802119, 30.664472544330255 ] ] ], [ [ [ 79.234075439581247, 30.749375078800405 ], [ 79.234060622690606, 30.750186890915629 ], [ 79.262309211246418, 30.750568419652264 ], [ 79.290469852800314, 30.750540964240397 ], [ 79.290477101524388, 30.750130706016044 ], [ 79.234075439581247, 30.749375078800405 ] ] ], [ [ [ 79.205380156254563, 30.750605241640642 ], [ 79.23405326835082, 30.750589820273294 ], [ 79.234060622690606, 30.750186890915629 ], [ 79.176720672891946, 30.74939352879046 ], [ 79.17670537491631, 30.750205315348065 ], [ 79.205380156254563, 30.750605241640642 ] ] ], [ [ [ 79.120307205727357, 30.749400232027956 ], [ 79.120291434583464, 30.750211992652353 ], [ 79.148452387741116, 30.750617065682803 ], [ 79.17669766699278, 30.750614323523465 ], [ 79.17670537491631, 30.750205315348065 ], [ 79.120307205727357, 30.749400232027956 ] ] ], [ [ [ 79.091525976795566, 30.750603892905296 ], [ 79.12028363039822, 30.750613671662904 ], [ 79.120291434583464, 30.750211992652353 ], [ 79.062955178693926, 30.749368354029205 ], [ 79.062938926549819, 30.750180087484104 ], [ 79.091525976795566, 30.750603892905296 ] ] ], [ [ [ 79.006544531292974, 30.749325555899439 ], [ 79.006527806068291, 30.750137261835892 ], [ 79.034600994499698, 30.750565724544906 ], [ 79.062930762388476, 30.750587844154886 ], [ 79.062938926549819, 30.750180087484104 ], [ 79.006544531292974, 30.749325555899439 ] ] ], [ [ [ 78.977677511926075, 30.75050256194859 ], [ 79.006519555002342, 30.750537689077536 ], [ 79.006527806068291, 30.750137261835892 ], [ 78.949195529909844, 30.749243355128069 ], [ 78.949178323779691, 30.750055032283644 ], [ 78.977677511926075, 30.75050256194859 ] ] ], [ [ [ 78.892787983547663, 30.749151061145138 ], [ 78.892770304434421, 30.749962709197529 ], [ 78.920755600139344, 30.750414406573526 ], [ 78.949169706351327, 30.750461536009116 ], [ 78.949178323779691, 30.750055032283644 ], [ 78.892787983547663, 30.749151061145138 ] ] ], [ [ [ 79.521553613919266, 30.050083501363019 ], [ 79.521093465133248, 30.05008480148129 ], [ 79.521087441277075, 30.050490147856124 ], [ 79.522020914381983, 30.050500643551867 ], [ 79.521553613919266, 30.050083501363019 ] ] ], [ [ [ 79.492281134352496, 30.050163000252653 ], [ 79.463206766653471, 30.05023550769463 ], [ 79.463200543598887, 30.050638475355658 ], [ 79.52107537354938, 30.051302162522536 ], [ 79.521087441277075, 30.050490147856124 ], [ 79.492281134352496, 30.050163000252653 ] ] ], [ [ [ 79.405314669418885, 30.050761305648386 ], [ 79.463188003556965, 30.051450468326838 ], [ 79.463200543598887, 30.050638475355658 ], [ 79.434563246492573, 30.050300651349062 ], [ 79.405321088903179, 30.050360716983345 ], [ 79.405314669418885, 30.050761305648386 ] ] ], [ [ [ 79.405314669418885, 30.050761305648386 ], [ 79.376846409900082, 30.05041295389108 ], [ 79.348370119233707, 30.050459024033433 ], [ 79.348363291824953, 30.050870367733033 ], [ 79.405301657091456, 30.051573276095944 ], [ 79.405314669418885, 30.050761305648386 ] ] ], [ [ [ 79.54860603496796, 30.084095069741455 ], [ 79.549539835001767, 30.084105380507406 ], [ 79.550000386050726, 30.052524663657142 ], [ 79.55, 30.05 ], [ 79.549103502355649, 30.050002725529829 ], [ 79.54860603496796, 30.084095069741455 ] ] ], [ [ [ 79.550009169488277, 30.115934487962761 ], [ 79.550004980754721, 30.084110514043985 ], [ 79.549539835001767, 30.084105380507406 ], [ 79.548613955606896, 30.147442693302413 ], [ 79.549548351692437, 30.14745302358212 ], [ 79.550009169488277, 30.115934487962761 ] ] ], [ [ [ 79.548620119888142, 30.210789724976316 ], [ 79.5495551139242, 30.210800074768791 ], [ 79.550016195904959, 30.17934371959106 ], [ 79.550012882394569, 30.147458156756926 ], [ 79.549548351692437, 30.14745302358212 ], [ 79.548620119888142, 30.210789724976316 ] ] ], [ [ [ 79.550021463105125, 30.242752357725266 ], [ 79.550019029354146, 30.210805207543228 ], [ 79.5495551139242, 30.210800074768791 ], [ 79.548624525612311, 30.274136163950175 ], [ 79.549560119502758, 30.274146533254445 ], [ 79.550021463105125, 30.242752357725266 ] ] ], [ [ [ 79.548627170563663, 30.337482009413993 ], [ 79.549563366217498, 30.337492398229177 ], [ 79.550024968876784, 30.306160401551615 ], [ 79.550023419436144, 30.274151665589979 ], [ 79.549560119502758, 30.274146533254445 ], [ 79.548627170563663, 30.337482009413993 ] ] ], [ [ [ 79.550026710991446, 30.369567850259322 ], [ 79.550026050426879, 30.337497530087301 ], [ 79.549563366217498, 30.337492398229177 ], [ 79.548616042017002, 30.401639241816362 ], [ 79.549552849093999, 30.401649650477857 ], [ 79.550026710991446, 30.369567850259322 ] ] ], [ [ [ 79.548615128299261, 30.464983889957185 ], [ 79.549552540997709, 30.464994318128177 ], [ 79.550026687204138, 30.432974703040845 ], [ 79.550026919800843, 30.401654915213992 ], [ 79.549552849093999, 30.401649650477857 ], [ 79.548615128299261, 30.464983889957185 ] ] ], [ [ [ 79.550024895253344, 30.496380959091439 ], [ 79.55002600327785, 30.464999582559521 ], [ 79.549552540997709, 30.464994318128177 ], [ 79.548612447008836, 30.52832794216603 ], [ 79.549550467253283, 30.528338389845864 ], [ 79.550024895253344, 30.496380959091439 ] ] ], [ [ [ 79.548607995863648, 30.591671397645165 ], [ 79.549546625583815, 30.591681864833166 ], [ 79.550021332860823, 30.559786617609632 ], [ 79.550023320894724, 30.528343653933966 ], [ 79.549550467253283, 30.528338389845864 ], [ 79.548607995863648, 30.591671397645165 ] ] ], [ [ [ 79.550015997731691, 30.623191677796882 ], [ 79.550018870371559, 30.591687128539665 ], [ 79.549546625583815, 30.591681864833166 ], [ 79.548601772564822, 30.655014255599845 ], [ 79.54954101369573, 30.655024742295449 ], [ 79.550015997731691, 30.623191677796882 ] ] ], [ [ [ 79.548593774796814, 30.718356515238412 ], [ 79.54953362927867, 30.718367021441136 ], [ 79.55000888755427, 30.686596138857801 ], [ 79.550012649411727, 30.655030005581995 ], [ 79.54954101369573, 30.655024742295449 ], [ 79.548593774796814, 30.718356515238412 ] ] ], [ [ [ 79.550004599589286, 30.718772250239009 ], [ 79.550004655701883, 30.718372284269407 ], [ 79.54953362927867, 30.718367021441136 ], [ 79.549521473567964, 30.719178963399955 ], [ 79.550004599589286, 30.718772250239009 ] ] ], [ [ [ 79.51898669181125, 30.748880755349894 ], [ 79.518974265118899, 30.749692682371389 ], [ 79.54697129478987, 30.750009308806732 ], [ 79.55, 30.75 ], [ 79.550000118431839, 30.74923112611912 ], [ 79.51898669181125, 30.748880755349894 ] ] ], [ [ [ 79.490036873976038, 30.750171133564972 ], [ 79.518968152901181, 30.750092026286971 ], [ 79.518974265118899, 30.749692682371389 ], [ 79.461626315847369, 30.749025250147103 ], [ 79.461613407901368, 30.749837155649189 ], [ 79.490036873976038, 30.750171133564972 ] ] ], [ [ [ 79.436230294910487, 30.749533636873785 ], [ 79.436217891471202, 30.750301117981152 ], [ 79.461606962110366, 30.750242581375918 ], [ 79.461613407901368, 30.749837155649189 ], [ 79.436230294910487, 30.749533636873785 ] ] ], [ [ [ 79.290477101524388, 30.750130706016044 ], [ 79.319239481620812, 30.750506598701396 ], [ 79.337484561484658, 30.75048149680681 ], [ 79.337494040579159, 30.749929821815261 ], [ 79.290491445168939, 30.749318869553278 ], [ 79.290477101524388, 30.750130706016044 ] ] ], [ [ [ 79.347351916298081, 30.750466851378452 ], [ 79.34782790143386, 30.750466125920685 ], [ 79.347834802972486, 30.750061947652686 ], [ 79.347351916298081, 30.750466851378452 ] ] ] ] } },
{ "type": "Feature", "properties": { "zone_class": "Red", "h_mean": 0.77175, "h_max": 0.91, "source": "DERIVED", "area_ha": 5044.4262973210643 }, "geometry": { "type": "MultiPolygon", "coordinates": [ [ [ [ 78.98141319228246, 30.374615174287754 ], [ 78.977684844343514, 30.373745510130718 ], [ 78.974006801317273, 30.370440531864901 ], [ 78.96935925659578, 30.368744382049044 ], [ 78.964762330955097, 30.364612874989536 ], [ 78.963910277747075, 30.36053962427858 ], [ 78.96115243844396, 30.358060636407373 ], [ 78.950872330544584, 30.357087838029948 ], [ 78.950889255552681, 30.356276111015312 ], [ 78.945306760074217, 30.354564469356852 ], [ 78.941630541246212, 30.35125865289816 ], [ 78.937903488860272, 30.350387906830729 ], [ 78.937001547935324, 30.348749692724336 ], [ 78.932355726142447, 30.347052297337633 ], [ 78.931453907266416, 30.345414049842049 ], [ 78.92772718144407, 30.344543027125756 ], [ 78.926825462148997, 30.342904751738669 ], [ 78.920325447646221, 30.340365531989164 ], [ 78.916650614289097, 30.337059069511419 ], [ 78.91477887245459, 30.337029225324549 ], [ 78.913877435690026, 30.335390872091025 ], [ 78.91015127125263, 30.334519371750353 ], [ 78.906477004213102, 30.331212646603774 ], [ 78.902751074586646, 30.330340945208491 ], [ 78.900931432649287, 30.327875793965763 ], [ 78.899059884294786, 30.327845732995289 ], [ 78.898158790872998, 30.326207285439182 ], [ 78.896287277577628, 30.326177186287698 ], [ 78.893532142763689, 30.323696883327621 ], [ 78.891660682769498, 30.323666720228061 ], [ 78.887987452710178, 30.320359518530879 ], [ 78.88426212522846, 30.319487315799869 ], [ 78.880589304246413, 30.316179923403407 ], [ 78.8713030358049, 30.312781184678634 ], [ 78.87040253894483, 30.311142570785055 ], [ 78.861117132741384, 30.307743145497842 ], [ 78.860216850725749, 30.306104470604353 ], [ 78.850932306820297, 30.302704359159712 ], [ 78.850032239585616, 30.301065623347071 ], [ 78.840748558037888, 30.297664826150069 ], [ 78.839848705520637, 30.296026029498975 ], [ 78.832418824557877, 30.293467228393176 ], [ 78.831519148238257, 30.291828382050817 ], [ 78.822237041492173, 30.288426339486055 ], [ 78.821337579773683, 30.28678743245225 ], [ 78.812056335549386, 30.283384705278799 ], [ 78.811157088368446, 30.281745737634278 ], [ 78.801876706724883, 30.278342326257235 ], [ 78.801894804705185, 30.277530668032757 ], [ 78.799089100071626, 30.277483511642615 ], [ 78.797182360456063, 30.279075351932104 ], [ 78.797127944592262, 30.28151031797508 ], [ 78.799879406753135, 30.283992491673839 ], [ 78.803602508144522, 30.284867001451619 ], [ 78.803584418906127, 30.285678659698021 ], [ 78.809160229669985, 30.287396064924046 ], [ 78.810059488167113, 30.289035045892295 ], [ 78.81934117395609, 30.292437934826879 ], [ 78.820240647049843, 30.294076855181501 ], [ 78.829523195652015, 30.297479059395329 ], [ 78.830422883406001, 30.299117919055604 ], [ 78.837853122160467, 30.301676849754031 ], [ 78.838752986160515, 30.303315659720678 ], [ 78.848037110095916, 30.306716618363232 ], [ 78.84893718887254, 30.308355367488542 ], [ 78.858222175457172, 30.311755640266494 ], [ 78.859122469073924, 30.313394328469705 ], [ 78.860993694294294, 30.313424947734845 ], [ 78.864683332794854, 30.315921168447513 ], [ 78.868408318248072, 30.316793914977939 ], [ 78.869308826768446, 30.318432542178286 ], [ 78.878595538472226, 30.321831442011714 ], [ 78.882268487908618, 30.325138894622924 ], [ 78.885994005043102, 30.326011162802377 ], [ 78.889667363677844, 30.329318424691792 ], [ 78.891538928718532, 30.32934862137343 ], [ 78.894294160026718, 30.33182896946618 ], [ 78.896165778389445, 30.331859102187902 ], [ 78.897066883633983, 30.333497563043423 ], [ 78.898938537069199, 30.333527657577225 ], [ 78.899839703275973, 30.335166101817478 ], [ 78.903565782100628, 30.336037893020318 ], [ 78.907240116337192, 30.339344701627979 ], [ 78.910047782699024, 30.339389622804156 ], [ 78.910949186512212, 30.341028000254592 ], [ 78.915594313044778, 30.342726127930138 ], [ 78.916495838848846, 30.344364472080304 ], [ 78.920222438618254, 30.345235810288386 ], [ 78.923897687106631, 30.348542188264556 ], [ 78.927624521730436, 30.349413325205159 ], [ 78.931300179769181, 30.352719511751452 ], [ 78.93317223983216, 30.352749133257092 ], [ 78.93407414789327, 30.354387371613459 ], [ 78.940575465225265, 30.356925961481608 ], [ 78.941477533974933, 30.358564155203801 ], [ 78.945204930090014, 30.359434814012864 ], [ 78.946107098498942, 30.361072979783859 ], [ 78.947979335097642, 30.361102396547665 ], [ 78.949800761802123, 30.363566963842928 ], [ 78.951673050242903, 30.363596329872973 ], [ 78.956269352119207, 30.367728270997517 ], [ 78.959077916092284, 30.367772176423461 ], [ 78.959980389921341, 30.369410258491058 ], [ 78.969275345390187, 30.372803055059595 ], [ 78.970178034817422, 30.374441075306841 ], [ 78.972050554247247, 30.37447015881903 ], [ 78.975728670907159, 30.377775194138437 ], [ 78.979457149083501, 30.378644919791924 ], [ 78.980360060540704, 30.380282878387273 ], [ 78.985008353308956, 30.381978667069721 ], [ 78.988687194544326, 30.385283366116543 ], [ 78.992416091052263, 30.38615273872615 ], [ 78.996095342391229, 30.389457245238141 ], [ 78.997968178052417, 30.389485970153061 ], [ 78.998854943267276, 30.391935563314028 ], [ 79.000727829366568, 30.391964250773377 ], [ 79.002567674239842, 30.393616408407059 ], [ 79.002534627632414, 30.395239904971248 ], [ 79.008137017841946, 30.396137487890304 ], [ 79.012737258867546, 30.400267596765417 ], [ 79.013608042953379, 30.403528859199504 ], [ 79.015464744410266, 30.404369098406121 ], [ 79.018159643747083, 30.410094059030776 ], [ 79.02184065628137, 30.413397906762523 ], [ 79.022711837750492, 30.416659120823972 ], [ 79.024568866985348, 30.41749924332527 ], [ 79.026360557951222, 30.421586368137902 ], [ 79.028217712425644, 30.422426443590737 ], [ 79.029089171309948, 30.425687623698934 ], [ 79.032771125513563, 30.428991197590328 ], [ 79.033642783410485, 30.432252353404866 ], [ 79.037325132595555, 30.435555813161514 ], [ 79.037292606392285, 30.437179333470915 ], [ 79.039150151603565, 30.438019268434751 ], [ 79.041847274682766, 30.443743813288059 ], [ 79.043704984025865, 30.444583689714733 ], [ 79.044577118983881, 30.447844787069585 ], [ 79.046434929801791, 30.448684628514378 ], [ 79.046402537546015, 30.450308154414756 ], [ 79.048260411073485, 30.451147972264717 ], [ 79.050053644042109, 30.455234821783936 ], [ 79.051911643010783, 30.456074592426194 ], [ 79.052784134897593, 30.459335645792581 ], [ 79.054642235398589, 30.460175381410018 ], [ 79.054609964386984, 30.461798912395448 ], [ 79.056468127631973, 30.462638624390603 ], [ 79.058261892941672, 30.466725378176235 ], [ 79.060120181696732, 30.46756504290888 ], [ 79.060087992036358, 30.46918857733899 ], [ 79.061946343557508, 30.470028218431345 ], [ 79.062819271592886, 30.473289217870931 ], [ 79.064677724716233, 30.474128823886087 ], [ 79.064645602245861, 30.475752361067002 ], [ 79.066504118154995, 30.476591943426467 ], [ 79.068298533375994, 30.480678579907636 ], [ 79.071983838193333, 30.483981166893336 ], [ 79.072857202895548, 30.487242112228763 ], [ 79.074716008878369, 30.488081588455504 ], [ 79.074684035177668, 30.48970513178373 ], [ 79.076542903988098, 30.490544584321327 ], [ 79.078337969814555, 30.494631103215511 ], [ 79.080196964302345, 30.495470508356814 ], [ 79.080165072198781, 30.49709405507712 ], [ 79.082024129536293, 30.497933436511239 ], [ 79.082897931423972, 30.501194327565052 ], [ 79.084757090503487, 30.502033673817166 ], [ 79.086552690280371, 30.506120096324871 ], [ 79.088411975106169, 30.506959395125754 ], [ 79.092925607460529, 30.515957639596127 ], [ 79.094785134795927, 30.516796856462786 ], [ 79.096581398793845, 30.520883161209113 ], [ 79.09936298937258, 30.522547795342746 ], [ 79.099331381453041, 30.524171353496122 ], [ 79.10211311282346, 30.525835934008072 ], [ 79.102081546487454, 30.527459493935588 ], [ 79.106691807935022, 30.531586643688687 ], [ 79.107456465737187, 30.540529868695366 ], [ 79.110223070853166, 30.543006078816671 ], [ 79.117695370571184, 30.544738334409871 ], [ 79.11766403973165, 30.54636190424986 ], [ 79.121369086260842, 30.548851451104209 ], [ 79.121337811426102, 30.550475023348984 ], [ 79.124120669962309, 30.552139174190398 ], [ 79.124089436830147, 30.553762748180247 ], [ 79.126872436366142, 30.555426845225696 ], [ 79.12684124495145, 30.557050420957001 ], [ 79.12962438551034, 30.558714464187101 ], [ 79.129593235828011, 30.560338041656223 ], [ 79.132376517432931, 30.562002031051581 ], [ 79.132345409497859, 30.563625610254899 ], [ 79.135128832171958, 30.565289545796158 ], [ 79.135097765999049, 30.566913126730029 ], [ 79.140634010251404, 30.571864418833485 ], [ 79.140603027647529, 30.573488003217552 ], [ 79.143386873667893, 30.575151777080212 ], [ 79.143355932870904, 30.576775363183927 ], [ 79.146139920052988, 30.57843908311494 ], [ 79.146109021077791, 30.580062670934655 ], [ 79.147954805532692, 30.581712984142701 ], [ 79.152646531360205, 30.58177968040853 ], [ 79.152723507056209, 30.577720696098442 ], [ 79.150862301813575, 30.576882245830426 ], [ 79.150893117691766, 30.575258652846838 ], [ 79.148109131691825, 30.573595034275982 ], [ 79.148139989398231, 30.571971443002059 ], [ 79.142603340312434, 30.56702045448634 ], [ 79.142634281630535, 30.565396866642637 ], [ 79.139850718978707, 30.563733086297159 ], [ 79.139881702080288, 30.562109500174031 ], [ 79.13709828049825, 30.560445665942446 ], [ 79.137129305368404, 30.558822081543532 ], [ 79.134346024833022, 30.557158193445218 ], [ 79.134377091456884, 30.555534610774117 ], [ 79.131593951945007, 30.553870668828463 ], [ 79.131625060307655, 30.552247087888858 ], [ 79.128842061796178, 30.550583092115215 ], [ 79.128873211882734, 30.548959512910727 ], [ 79.126090354348534, 30.547295463328474 ], [ 79.126121546144105, 30.545671885862724 ], [ 79.123338829564062, 30.544007782491253 ], [ 79.121541052411828, 30.539921795998922 ], [ 79.118758578072729, 30.538257603385521 ], [ 79.118789880595358, 30.536634030501833 ], [ 79.11600754714685, 30.534969784151464 ], [ 79.116038891323356, 30.533346213019833 ], [ 79.112334556297739, 30.53085653909751 ], [ 79.112365956415047, 30.529232970379951 ], [ 79.109583944259057, 30.527568598352858 ], [ 79.109615385996094, 30.525945031395821 ], [ 79.106833514655591, 30.524280605695704 ], [ 79.106864997997462, 30.522657040502832 ], [ 79.101317418386245, 30.51851624539977 ], [ 79.101348986176589, 30.516892683963302 ], [ 79.097661462507631, 30.513590848715491 ], [ 79.09678707447344, 30.510330036999594 ], [ 79.094927648359331, 30.509490852410508 ], [ 79.094959310958814, 30.507867294759386 ], [ 79.093099947730522, 30.507028086422402 ], [ 79.093131637585088, 30.505404529887418 ], [ 79.091272337235225, 30.504565297808561 ], [ 79.091304054337527, 30.502941742391332 ], [ 79.087617386586231, 30.499639652734096 ], [ 79.086743436317363, 30.496378786498536 ], [ 79.084884363435791, 30.495539471759919 ], [ 79.084916175200448, 30.49391592015872 ], [ 79.083057165162856, 30.493076581705658 ], [ 79.08308900414157, 30.491453031229391 ], [ 79.081230056940555, 30.490613669067901 ], [ 79.081261923125993, 30.488990119718192 ], [ 79.077576110588993, 30.485687776072371 ], [ 79.076702597566452, 30.482426855494733 ], [ 79.074843877680181, 30.48158741079283 ], [ 79.074875838381288, 30.479963865289825 ], [ 79.073017181297161, 30.479124396906936 ], [ 79.073049169171341, 30.477500852537631 ], [ 79.071190574881967, 30.476661360479778 ], [ 79.071222589921845, 30.475037817245763 ], [ 79.067537631896158, 30.471735220032063 ], [ 79.066664555601335, 30.468474245289819 ], [ 79.064806188473213, 30.467634670810828 ], [ 79.064838297882247, 30.466011131454199 ], [ 79.062979993514432, 30.46517153332768 ], [ 79.06301213005554, 30.463547995113526 ], [ 79.0611538884407, 30.462708373345464 ], [ 79.061186052106549, 30.461084836275393 ], [ 79.05750194788952, 30.457781985914263 ], [ 79.056629307804172, 30.45452095718478 ], [ 79.052945599197159, 30.451217992268727 ], [ 79.052977884176869, 30.449594460257881 ], [ 79.051119994999524, 30.448754708965737 ], [ 79.051152307063035, 30.447131178107728 ], [ 79.049294480589481, 30.446291403213458 ], [ 79.048422197483319, 30.443030330445993 ], [ 79.044739189235628, 30.439727159005244 ], [ 79.043867105436959, 30.436466061827556 ], [ 79.040184492375289, 30.433162776079481 ], [ 79.040216965466541, 30.431539251954177 ], [ 79.038359529898713, 30.430699336373031 ], [ 79.037487723922794, 30.427438205079582 ], [ 79.035630389743417, 30.426598254562265 ], [ 79.032934051261407, 30.420873603558928 ], [ 79.031076881075052, 30.420033594579621 ], [ 79.031109487923118, 30.418410076072217 ], [ 79.027427969237877, 30.415106470180657 ], [ 79.026556639758923, 30.411845280574013 ], [ 79.022875515682372, 30.408541560711509 ], [ 79.022004384979951, 30.405280346872328 ], [ 79.020147605200535, 30.404440197583931 ], [ 79.019260204970905, 30.401990724876335 ], [ 79.022086224350943, 30.401221562840597 ], [ 79.022135319982141, 30.398786291113989 ], [ 79.011948758119345, 30.392947565343281 ], [ 79.011078103015905, 30.389686293492343 ], [ 79.007398313811308, 30.386382186511867 ], [ 79.007431268322748, 30.38475868292716 ], [ 79.004671631131018, 30.382280542948561 ], [ 79.004704625312684, 30.380657041044209 ], [ 79.00284846184023, 30.379816669993019 ], [ 79.002881482906574, 30.378193169283591 ], [ 79.001025381931484, 30.377352774792858 ], [ 79.000155201794925, 30.374091445142614 ], [ 78.996476352138885, 30.370787065434126 ], [ 78.995606370137764, 30.367525711765829 ], [ 78.991927914053548, 30.364221218688996 ], [ 78.991961094924065, 30.36259772496415 ], [ 78.990105383546322, 30.36175719078317 ], [ 78.989235677745029, 30.358495803545967 ], [ 78.985557766769801, 30.355191151617106 ], [ 78.982866125551382, 30.349465625645383 ], [ 78.975511640116679, 30.342855910546788 ], [ 78.973639718731604, 30.342826903829557 ], [ 78.963545902831171, 30.332926059537911 ], [ 78.961674184271729, 30.332896890123369 ], [ 78.953403460349506, 30.325459711452119 ], [ 78.952518346943563, 30.323009865169062 ], [ 78.949727983818988, 30.322154146579841 ], [ 78.947941110501461, 30.318066138610668 ], [ 78.943330412308995, 30.314745726423499 ], [ 78.943364328693235, 30.3131222694591 ], [ 78.93968964228047, 30.309816453269075 ], [ 78.937903387035306, 30.30572833047621 ], [ 78.935130670534946, 30.304060600858751 ], [ 78.932443245679835, 30.298334193592247 ], [ 78.927765689214084, 30.298260183207248 ], [ 78.928598777354509, 30.303145334190546 ], [ 78.926727665886034, 30.303115690879338 ], [ 78.920315908586161, 30.296517981792046 ], [ 78.918444932797357, 30.296488225913112 ], [ 78.912016959649279, 30.290701865901365 ], [ 78.910146104159793, 30.290671996552149 ], [ 78.907408776087948, 30.287380290263485 ], [ 78.905537989146509, 30.287350358007284 ], [ 78.902800906481048, 30.284058565304907 ], [ 78.900930188091365, 30.284028570159677 ], [ 78.898193350786926, 30.280736691090947 ], [ 78.896322700952695, 30.28070663307458 ], [ 78.894504065040124, 30.278241425836224 ], [ 78.892633466978097, 30.278211317340936 ], [ 78.889897067162977, 30.274919282727211 ], [ 78.888026537663592, 30.27488911139265 ], [ 78.885290383084438, 30.271596990544552 ], [ 78.883419922151376, 30.271566756388619 ], [ 78.876995648127107, 30.26577882916575 ], [ 78.875125307549951, 30.265748481780005 ], [ 78.872389835351441, 30.262456119520344 ], [ 78.870519563351451, 30.262425709363008 ], [ 78.863179150686449, 30.255810253814737 ], [ 78.861309015851759, 30.255779718167965 ], [ 78.859491706731788, 30.253314079426815 ], [ 78.857621623696645, 30.253283493406229 ], [ 78.85488707847459, 30.249990804179536 ], [ 78.853017064031064, 30.249960155455025 ], [ 78.85211738659963, 30.248321443316744 ], [ 78.847442443435924, 30.248244676481804 ], [ 78.846454324667107, 30.250664360662682 ], [ 78.849188594266408, 30.253957213066176 ], [ 78.85105867971329, 30.253987920095028 ], [ 78.853793194253072, 30.257280686635788 ], [ 78.855663348317009, 30.257311330957883 ], [ 78.857480625576201, 30.259777020405711 ], [ 78.859350831459423, 30.25980761435137 ], [ 78.862085782972059, 30.263100226011055 ], [ 78.863956057465202, 30.263130757218118 ], [ 78.866691254043445, 30.266423282883192 ], [ 78.868561597142858, 30.266453751333732 ], [ 78.874985391063788, 30.272242070606449 ], [ 78.876855854571474, 30.272272425853533 ], [ 78.879591733532934, 30.275564710275223 ], [ 78.881462265636088, 30.27559500271602 ], [ 78.888805360007638, 30.282209542606942 ], [ 78.89067602929066, 30.282239709381386 ], [ 78.892494633578167, 30.284704967403261 ], [ 78.894365354653175, 30.284735083696159 ], [ 78.897102161703785, 30.288027040200788 ], [ 78.89897295135971, 30.288057093619692 ], [ 78.90631815995927, 30.294670738048868 ], [ 78.908189086765944, 30.294700665666038 ], [ 78.910008355298672, 30.297165707258848 ], [ 78.911879333883618, 30.297195584341889 ], [ 78.914617069663649, 30.300487212250189 ], [ 78.916488116814904, 30.300517026391557 ], [ 78.922899849774311, 30.30711491961825 ], [ 78.924771032653439, 30.307144621188172 ], [ 78.934858274776886, 30.317048194897225 ], [ 78.936729660547741, 30.317077734175413 ], [ 78.94132324665307, 30.321210099464071 ], [ 78.942191088581438, 30.324471735237811 ], [ 78.94496448800389, 30.326139342323835 ], [ 78.94491362548257, 30.328574525209657 ], [ 78.947721051615176, 30.328618623431669 ], [ 78.947687186063519, 30.330242080994033 ], [ 78.949558837764542, 30.330271448263534 ], [ 78.949525000289626, 30.33189490728769 ], [ 78.955055689969114, 30.336041514104931 ], [ 78.955021935380429, 30.337664977286011 ], [ 78.956876873962628, 30.338505978414236 ], [ 78.958664445931788, 30.342593886301156 ], [ 78.96051950928539, 30.343434840799876 ], [ 78.960485834893603, 30.345058307686092 ], [ 78.962340960643957, 30.345899238861069 ], [ 78.964112068790953, 30.350798818683046 ], [ 78.965967334105827, 30.351639704025587 ], [ 78.966836211008669, 30.354901211616575 ], [ 78.968691577334894, 30.355742062358999 ], [ 78.968658021312862, 30.357365534448331 ], [ 78.971432798434577, 30.359032634729623 ], [ 78.971399283269406, 30.360656108764797 ], [ 78.97419093616115, 30.361511418195857 ], [ 78.974157463229972, 30.363134894391798 ], [ 78.976013049808898, 30.363975650033769 ], [ 78.975979603678752, 30.365599127449702 ], [ 78.977835252715622, 30.366439859717453 ], [ 78.977801833393855, 30.368063338351796 ], [ 78.979657544896014, 30.368904047239347 ], [ 78.979624152389889, 30.370527527090513 ], [ 78.981479926364727, 30.371368212591879 ], [ 78.981446560681547, 30.372991693658285 ], [ 78.984205334910939, 30.375470289799058 ], [ 78.984188672193412, 30.376282031242187 ], [ 78.9823161041639, 30.376253120103073 ], [ 78.98141319228246, 30.374615174287754 ] ], [ [ 78.985108301556906, 30.377108218559197 ], [ 78.984172008797771, 30.377093772576121 ], [ 78.984188672193412, 30.376282031242187 ], [ 78.985108301556906, 30.377108218559197 ] ], [ [ 78.9716840752275, 30.346856565534377 ], [ 78.973556071031695, 30.346885603717425 ], [ 78.97815260063031, 30.351016790900122 ], [ 78.980843998360129, 30.356742402231564 ], [ 78.984521797731006, 30.360047181632137 ], [ 78.985391355759319, 30.363308593097837 ], [ 78.987247051298425, 30.364149193581362 ], [ 78.989036314533863, 30.368236749143872 ], [ 78.990892134993146, 30.369077302830334 ], [ 78.991761969181425, 30.372338680765658 ], [ 78.995440707251277, 30.375643188062082 ], [ 78.996310739545663, 30.378904542006993 ], [ 78.998166824715796, 30.379745002846001 ], [ 78.998133723674712, 30.381368498488332 ], [ 78.999989871347907, 30.382208935895054 ], [ 78.99995679718387, 30.383832432736433 ], [ 79.001813007367488, 30.38467284670487 ], [ 79.002699833778124, 30.387122417786372 ], [ 79.000827037773035, 30.38709376270738 ], [ 78.999923720327843, 30.385455929141404 ], [ 78.998050959284441, 30.385427235684688 ], [ 78.99437178182248, 30.382122786200458 ], [ 78.992499090710183, 30.382094016004594 ], [ 78.991662369835794, 30.377209152773034 ], [ 78.989806392549497, 30.376368603807418 ], [ 78.989839624588754, 30.374745115217841 ], [ 78.987983709791479, 30.373904542840805 ], [ 78.986194402082702, 30.369816973504538 ], [ 78.984338612241402, 30.368976354322651 ], [ 78.982549536796327, 30.364888743037856 ], [ 78.98069387188157, 30.364048077075058 ], [ 78.980727238073868, 30.362424594540926 ], [ 78.978871635611355, 30.361583905196671 ], [ 78.97890502861236, 30.359960423878384 ], [ 78.976130089826626, 30.358293475636732 ], [ 78.976163523707413, 30.356669996254436 ], [ 78.974308069965005, 30.355829248068485 ], [ 78.974341530636792, 30.354205769906027 ], [ 78.972486139322172, 30.353364998359151 ], [ 78.972519626777682, 30.351741521418081 ], [ 78.970664297883488, 30.350900726516272 ], [ 78.970697812115432, 30.349277250798199 ], [ 78.968842545634331, 30.348436432547441 ], [ 78.96887608663539, 30.346812958053942 ], [ 78.967020882560035, 30.34597211646021 ], [ 78.965232903163383, 30.341884306222578 ], [ 78.963377823877451, 30.341043417960876 ], [ 78.963411445142128, 30.339419947150617 ], [ 78.9716840752275, 30.346856565534377 ] ], [ [ 78.962492341151616, 30.338593626918598 ], [ 78.963428254748024, 30.338608211581533 ], [ 78.963411445142128, 30.339419947150617 ], [ 78.962492341151616, 30.338593626918598 ] ], [ [ 78.961573252584657, 30.337767300828872 ], [ 78.962509157784822, 30.337781891711799 ], [ 78.962492341151616, 30.338593626918598 ], [ 78.961573252584657, 30.337767300828872 ] ] ], [ [ [ 79.085296834173192, 30.522341797531656 ], [ 79.085376426584688, 30.5182829334301 ], [ 79.082611147487384, 30.515806242715129 ], [ 79.073266464626343, 30.514044365927187 ], [ 79.073282479096704, 30.513232598027514 ], [ 79.065829567984608, 30.510686156784999 ], [ 79.064924115221046, 30.509048705628338 ], [ 79.059330780855348, 30.507341511109029 ], [ 79.058425467467444, 30.505704020000756 ], [ 79.050973556028552, 30.503156767216591 ], [ 79.04454078055511, 30.496564396439588 ], [ 79.040807183220153, 30.495696322712917 ], [ 79.040823455476044, 30.494884568186244 ], [ 79.033340204925466, 30.493959862573064 ], [ 79.029639550423184, 30.491467977299163 ], [ 79.026827318509319, 30.491425432870091 ], [ 79.024064317134943, 30.488947586930308 ], [ 79.01847292949374, 30.487238714343555 ], [ 79.017568484195778, 30.485600972599144 ], [ 79.010119277292205, 30.483051489118552 ], [ 79.00921501001703, 30.481413696289604 ], [ 79.007340403998583, 30.48138505488496 ], [ 79.001782947146609, 30.478052020023735 ], [ 78.998033883643217, 30.477994502335228 ], [ 78.998871487073373, 30.482879306523124 ], [ 79.006320349728753, 30.485429419588613 ], [ 79.007224600493288, 30.487067231057182 ], [ 79.014674022093331, 30.489616888751161 ], [ 79.015578450914305, 30.49125464914141 ], [ 79.021170006350502, 30.492963652850072 ], [ 79.022074574405309, 30.494601373501677 ], [ 79.02952499628482, 30.497150221481984 ], [ 79.035956751430206, 30.503743290839076 ], [ 79.049017434946634, 30.507187494583803 ], [ 79.049001222773029, 30.507999251555457 ], [ 79.054594388019197, 30.509706883389775 ], [ 79.055499668877459, 30.511344399011069 ], [ 79.061093152119824, 30.513051764074092 ], [ 79.061998572379181, 30.514689239752606 ], [ 79.067592373599695, 30.516396337946645 ], [ 79.068497933287873, 30.518033773649005 ], [ 79.070373311019239, 30.518061565930484 ], [ 79.070341226910713, 30.519685097631907 ], [ 79.072216638386209, 30.51971286473762 ], [ 79.075887481016835, 30.523827158803964 ], [ 79.082435787291288, 30.524735729073448 ], [ 79.085296834173192, 30.522341797531656 ] ] ] ] } },
{ "type": "Feature", "properties": { "zone_class": "Yellow", "h_mean": 0.42745, "h_max": 0.5, "source": "DERIVED", "area_ha": 581737.78748564946 }, "geometry": { "type": "MultiPolygon", "coordinates": [ [ [ [ 78.778098385752642, 30.748860662858146 ], [ 78.892770304434421, 30.749962709197529 ], [ 78.892787983547663, 30.749151061145138 ], [ 79.120291434583464, 30.750211992652353 ], [ 79.120307205727357, 30.749400232027956 ], [ 79.17670537491631, 30.750205315348065 ], [ 79.176720672891946, 30.74939352879046 ], [ 79.234060622690606, 30.750186890915629 ], [ 79.234075439581247, 30.749375078800405 ], [ 79.290477101524388, 30.750130706016044 ], [ 79.290491445168939, 30.749318869553278 ], [ 79.333126083291177, 30.750487726683968 ], [ 79.346887596283636, 30.750467557373458 ], [ 79.346894730843459, 30.750049970248064 ], [ 79.359115712330023, 30.750205145551405 ], [ 79.359129480266233, 30.749393280549587 ], [ 79.384511607044544, 30.749711881541916 ], [ 79.384500035007207, 30.750404979696111 ], [ 79.387320986865902, 30.750399846479983 ], [ 79.387331868233744, 30.749746975323241 ], [ 79.404253538900079, 30.749956251387001 ], [ 79.404266928070697, 30.749144368217504 ], [ 79.435097868981543, 30.750303585790576 ], [ 79.436217891471202, 30.750301117981152 ], [ 79.436230294910487, 30.749533636873785 ], [ 79.461613407901368, 30.749837155649189 ], [ 79.461626315847369, 30.749025250147103 ], [ 79.550000118415724, 30.749231230868006 ], [ 79.550004569608362, 30.718985745128943 ], [ 79.548593774796814, 30.718356515238412 ], [ 79.54954101369573, 30.655024742295449 ], [ 79.548601772564822, 30.655014255599845 ], [ 79.549546625583815, 30.591681864833166 ], [ 79.548607995863648, 30.591671397645165 ], [ 79.549550467253283, 30.528338389845864 ], [ 79.548612447008836, 30.52832794216603 ], [ 79.549552540997709, 30.464994318128177 ], [ 79.548615128299261, 30.464983889957185 ], [ 79.549552849093999, 30.401649650477857 ], [ 79.548616042017002, 30.401639241816362 ], [ 79.549563366217498, 30.337492398229177 ], [ 79.548627170563663, 30.337482009413993 ], [ 79.549560119502758, 30.274146533254445 ], [ 79.548624525612311, 30.274136163950175 ], [ 79.5495551139242, 30.210800074768791 ], [ 79.548620119888142, 30.210789724976316 ], [ 79.54910364881458, 30.050002725085061 ], [ 79.521799040100547, 30.050082807269721 ], [ 79.52107537354938, 30.051302162522536 ], [ 79.405314669418885, 30.050761305648386 ], [ 79.405301657091456, 30.051573276095944 ], [ 79.116836528480377, 30.051006398109351 ], [ 79.116821162848836, 30.051818243950805 ], [ 79.058958319776977, 30.050976674087742 ], [ 79.058942482084333, 30.051788492450598 ], [ 79.002014871191832, 30.050935646177447 ], [ 79.001998569086538, 30.051747436695425 ], [ 78.886266385494295, 30.050749575030476 ], [ 78.886249139506589, 30.051561306480242 ], [ 78.871318712183452, 30.051320386621107 ], [ 78.871336079764291, 30.050508663005857 ], [ 78.829327862127229, 30.050633721969014 ], [ 78.828865988989961, 30.05021639603617 ], [ 78.828403546073218, 30.050215265134771 ], [ 78.828377030792765, 30.051430011318686 ], [ 78.807848550407485, 30.051089277975716 ], [ 78.807866435419143, 30.050277588380947 ], [ 78.805067147271828, 30.050230878269357 ], [ 78.805049239466257, 30.051042566345156 ], [ 78.777056493132974, 30.050572176701923 ], [ 78.777067499086101, 30.050079604336293 ], [ 78.770533926498786, 30.05006089991468 ], [ 78.770524947843896, 30.05046156279273 ], [ 78.75000021952097, 30.050922994668689 ], [ 78.750004581672442, 30.069796010433716 ], [ 78.751404826192214, 30.070435173068109 ], [ 78.750485892794671, 30.111017836516449 ], [ 78.751419524188634, 30.111033829514778 ], [ 78.75048066909487, 30.152427887935982 ], [ 78.751414690259566, 30.15244390079592 ], [ 78.750492729621541, 30.193026057544863 ], [ 78.751427133716319, 30.193042089746211 ], [ 78.750503675705559, 30.233623995560436 ], [ 78.751438463511178, 30.233640047102469 ], [ 78.750494988100172, 30.275033332014665 ], [ 78.75143016808147, 30.275049403416869 ], [ 78.750503672593865, 30.315630801117123 ], [ 78.751439237867189, 30.315646891858773 ], [ 78.750511239937083, 30.356228037926545 ], [ 78.751447191287255, 30.356244148006986 ], [ 78.750517689229838, 30.396825042212278 ], [ 78.751454027442989, 30.396841171630868 ], [ 78.750504380090192, 30.438233423747782 ], [ 78.751441113699784, 30.438249573024951 ], [ 78.750508560389036, 30.478829957247324 ], [ 78.75144568245382, 30.478846125861619 ], [ 78.750511619877443, 30.519426257529677 ], [ 78.751449131187698, 30.519442445480543 ], [ 78.750494826769952, 30.560833919097952 ], [ 78.751432735910939, 30.560850126906541 ], [ 78.750495611601764, 30.601429747198011 ], [ 78.751433911588734, 30.601445974342329 ], [ 78.750808454911322, 30.750002492012417 ], [ 78.777356149521665, 30.750081522232556 ], [ 78.778098385752642, 30.748860662858146 ] ], [ [ 78.981047527071468, 30.66448714245314 ], [ 78.981030644969707, 30.665298846299727 ], [ 78.980091587861196, 30.665284247707856 ], [ 78.981047527071468, 30.66448714245314 ] ], [ [ 79.146016309082626, 30.58493343179201 ], [ 79.142324755246662, 30.581632725565068 ], [ 79.14235571920743, 30.580009141624473 ], [ 79.139571757706094, 30.578345341888344 ], [ 79.139602763481449, 30.576721759668803 ], [ 79.13681894315296, 30.575057906013349 ], [ 79.136849990727967, 30.573434325518498 ], [ 79.134066311549205, 30.571770417963112 ], [ 79.134097400908971, 30.570146839196578 ], [ 79.131313862856786, 30.568482877760648 ], [ 79.131344993986417, 30.566859300726072 ], [ 79.128561597037645, 30.56519528542897 ], [ 79.128592769922221, 30.563571710129999 ], [ 79.125809514053742, 30.561907640991102 ], [ 79.125840728678369, 30.560284067431358 ], [ 79.120305896439575, 30.55533219588882 ], [ 79.120337194499598, 30.553708625818444 ], [ 79.117554361733227, 30.552044395270435 ], [ 79.117585701488608, 30.55042082695018 ], [ 79.104595376688579, 30.542924281390707 ], [ 79.102893115265275, 30.533967394478704 ], [ 79.101048988510385, 30.532316500067722 ], [ 79.101080578125334, 30.530692942324464 ], [ 79.098298731787722, 30.529028335833168 ], [ 79.098330362993863, 30.527404779865449 ], [ 79.095548657482141, 30.525740119745418 ], [ 79.09558033026461, 30.524116565556863 ], [ 79.09003317705681, 30.519975307248931 ], [ 79.090064934238356, 30.518351756846965 ], [ 79.088189529237795, 30.518324247704911 ], [ 79.088078258814704, 30.524006666004642 ], [ 79.084263516689887, 30.527198641070832 ], [ 79.080512382246866, 30.527143414455303 ], [ 79.080496419002387, 30.52795518407353 ], [ 79.075823478798853, 30.527074229449877 ], [ 79.073058217252907, 30.524597338719882 ], [ 79.071182711053154, 30.524569579732098 ], [ 79.07027705086692, 30.52293215972853 ], [ 79.068401579723371, 30.522904362073906 ], [ 79.066574337620793, 30.520441246415871 ], [ 79.060058765851963, 30.517908374693661 ], [ 79.059153352146993, 30.516270886405621 ], [ 79.05355972640497, 30.514563432324362 ], [ 79.052654452122297, 30.512925904095866 ], [ 79.048920152017004, 30.5120580347788 ], [ 79.043359488781704, 30.508726650325393 ], [ 79.035891473758923, 30.506990294395766 ], [ 79.034986565788856, 30.505352657484835 ], [ 79.030331565928719, 30.503658383147464 ], [ 79.027584529166319, 30.500368849482019 ], [ 79.020133923828439, 30.497819883142359 ], [ 79.019229362458361, 30.496182149895272 ], [ 79.013637664954587, 30.494473057058688 ], [ 79.012733242839531, 30.492835284075287 ], [ 79.00528363800025, 30.490285507970281 ], [ 79.004379393968875, 30.488647683911505 ], [ 78.996930348197054, 30.486097452405755 ], [ 78.994168285053107, 30.483619010786231 ], [ 78.994201587266829, 30.481995544529681 ], [ 78.993264286950321, 30.481981119040377 ], [ 78.994318123688203, 30.476313409186719 ], [ 78.996225876582244, 30.474718763383216 ], [ 78.99903757595338, 30.474761946550888 ], [ 78.999054181126894, 30.473950209952399 ], [ 79.004660992922823, 30.474848131211662 ], [ 79.004644433666755, 30.475659870480023 ], [ 79.012092927370006, 30.478209638472617 ], [ 79.012997217565825, 30.479847412906331 ], [ 79.02044626991291, 30.482396725569814 ], [ 79.021350738105156, 30.484034448911004 ], [ 79.026942003240677, 30.485743192940831 ], [ 79.027846610620216, 30.487380876532182 ], [ 79.031579757722952, 30.488249303854872 ], [ 79.037138864783245, 30.491581132831538 ], [ 79.044605743873106, 30.493317370853539 ], [ 79.045510717201552, 30.494954945947406 ], [ 79.050165605743373, 30.496648673348396 ], [ 79.052913333259553, 30.499937761007359 ], [ 79.060365060883072, 30.502484895584683 ], [ 79.061270380825576, 30.504122374088979 ], [ 79.066863572703753, 30.505829479639139 ], [ 79.067769032000712, 30.507466918189483 ], [ 79.077081009546717, 30.510852700377008 ], [ 79.07706502815293, 30.511664470388617 ], [ 79.084534263230722, 30.513398510676925 ], [ 79.087299528688177, 30.515875160592877 ], [ 79.084613858960395, 30.509339642815952 ], [ 79.082754565691062, 30.508500289543655 ], [ 79.080959089706298, 30.504413820983711 ], [ 79.07909992219966, 30.503574420269555 ], [ 79.079147798278314, 30.501139103971472 ], [ 79.077288708546703, 30.50029968032792 ], [ 79.075493596778784, 30.496213147756087 ], [ 79.073634632760502, 30.495373676708386 ], [ 79.073666631112246, 30.493750135795818 ], [ 79.07180772993955, 30.492910641055051 ], [ 79.071839755481548, 30.491287101277315 ], [ 79.069980917147063, 30.49044758284948 ], [ 79.069107626991368, 30.487186622633384 ], [ 79.067248890345539, 30.486347069079734 ], [ 79.065454429347952, 30.482260418909902 ], [ 79.063595818331763, 30.481420818018993 ], [ 79.063627965485196, 30.479797283258925 ], [ 79.061769417272771, 30.478957658708389 ], [ 79.061801591575446, 30.477334125091925 ], [ 79.059943106159423, 30.476494476887769 ], [ 79.058165226862684, 30.471595975414765 ], [ 79.056306881891842, 30.470756280713282 ], [ 79.056339136286397, 30.469132750319492 ], [ 79.054480854087288, 30.468293031983226 ], [ 79.054513135600573, 30.466669502739393 ], [ 79.052654916165821, 30.465829760774337 ], [ 79.050861403841438, 30.461742940155137 ], [ 79.049003309913289, 30.460903150950532 ], [ 79.048130934556383, 30.457642077881133 ], [ 79.046272942168869, 30.456802253660801 ], [ 79.046305344966626, 30.455178729502645 ], [ 79.044447415309023, 30.454338881680968 ], [ 79.044479845184597, 30.45271535868153 ], [ 79.040796630975663, 30.449412070418969 ], [ 79.039924612513133, 30.446150953400011 ], [ 79.036241793663692, 30.442847550827434 ], [ 79.035369974459158, 30.43958640944777 ], [ 79.033512435868133, 30.438746420946018 ], [ 79.031720168703288, 30.434659377592428 ], [ 79.02986275545652, 30.433819341979579 ], [ 79.028991214007576, 30.430558166553102 ], [ 79.025309337727208, 30.427254489720923 ], [ 79.024437995270702, 30.42399329002258 ], [ 79.022580847450001, 30.423153161066491 ], [ 79.022613599022122, 30.421529651659885 ], [ 79.020756513830477, 30.42068949918205 ], [ 79.018061204744257, 30.41496458133998 ], [ 79.016204283501395, 30.414124370488924 ], [ 79.013509403821743, 30.408399372952321 ], [ 79.009812393240452, 30.40590705907745 ], [ 79.008925244255551, 30.403457527472543 ], [ 79.004258977210441, 30.402574279940222 ], [ 79.003289384649037, 30.404183455468324 ], [ 78.996733468726376, 30.404083024193117 ], [ 78.994893541159712, 30.402430782409272 ], [ 78.994156148591657, 30.39267547168377 ], [ 78.991396652655055, 30.390197058914019 ], [ 78.989523810984068, 30.390168239187123 ], [ 78.988620661664683, 30.388530335318833 ], [ 78.986747854982468, 30.388501477220736 ], [ 78.985844766838397, 30.38686355652786 ], [ 78.982115913167107, 30.385993997691379 ], [ 78.981212924843575, 30.384356048888876 ], [ 78.979340206324267, 30.384327088182395 ], [ 78.975661729626651, 30.381022141102967 ], [ 78.971933202569844, 30.380152304781113 ], [ 78.968255135922078, 30.376847165416127 ], [ 78.966382575601131, 30.376818025468076 ], [ 78.965479931639393, 30.375179981423823 ], [ 78.962671144702313, 30.375136203959446 ], [ 78.961768578, 30.373498137386257 ], [ 78.957121129583314, 30.3718015557392 ], [ 78.956218685106379, 30.370163455646431 ], [ 78.952490770674217, 30.369293089389721 ], [ 78.951588425916768, 30.367654961298594 ], [ 78.94971606025652, 30.367625590523261 ], [ 78.948813776592047, 30.365987445692575 ], [ 78.944166927780273, 30.364290427697881 ], [ 78.943264766282269, 30.362652249407436 ], [ 78.939537270392037, 30.361781530787542 ], [ 78.938635208568272, 30.360143324547629 ], [ 78.932133739470089, 30.357604631733157 ], [ 78.931231838358798, 30.355966380861929 ], [ 78.929359719340226, 30.355936728742453 ], [ 78.925684016281508, 30.352630486552851 ], [ 78.919183406958751, 30.350091184949392 ], [ 78.918281788572827, 30.348452856146746 ], [ 78.91455508920879, 30.34758145808188 ], [ 78.913653570411284, 30.345943101423714 ], [ 78.909927014103303, 30.345071577373925 ], [ 78.907171017385537, 30.342591527659497 ], [ 78.905299181634362, 30.342561542875394 ], [ 78.901624802609433, 30.33925467861453 ], [ 78.897898624309093, 30.338382827523692 ], [ 78.896997465162642, 30.336744370781791 ], [ 78.892352977505496, 30.335045608859353 ], [ 78.891451940294829, 30.333407118895561 ], [ 78.887726088832892, 30.332534991679026 ], [ 78.884052685579505, 30.329227674129797 ], [ 78.877554791474424, 30.326686416366659 ], [ 78.876654075112754, 30.325047837756294 ], [ 78.865513358198811, 30.320806567565782 ], [ 78.864612895351456, 30.319167916753692 ], [ 78.855326975692307, 30.315768057265416 ], [ 78.8544267277708, 30.31412934546853 ], [ 78.845141670902692, 30.310728799738765 ], [ 78.84424163784351, 30.309090027037882 ], [ 78.836810662315429, 30.306531426897202 ], [ 78.836828492912147, 30.305719753254451 ], [ 78.834957443826084, 30.305688795471767 ], [ 78.834057625565649, 30.304049961947634 ], [ 78.826627324299835, 30.3014908124638 ], [ 78.825727682303423, 30.299851929260907 ], [ 78.820150845271158, 30.298135184794983 ], [ 78.820168807089516, 30.297323519093098 ], [ 78.816445063985611, 30.296449452175818 ], [ 78.815545636671558, 30.294810508296681 ], [ 78.80626388136821, 30.291407346519197 ], [ 78.805364668672922, 30.289768342044539 ], [ 78.796083776442885, 30.28636449597985 ], [ 78.793350525186739, 30.283070591843749 ], [ 78.793405037720305, 30.280635632584673 ], [ 78.792469778011608, 30.280619858361831 ], [ 78.794449257149424, 30.275781475567427 ], [ 78.797291172242296, 30.274205416860994 ], [ 78.803837601223833, 30.274315434191635 ], [ 78.805671886806792, 30.275970128951322 ], [ 78.814952199068074, 30.279373267614194 ], [ 78.815851492014687, 30.281012211753183 ], [ 78.823279962823875, 30.283571891785609 ], [ 78.824179431844598, 30.28521078635092 ], [ 78.833461318750196, 30.288612681070884 ], [ 78.834361002339151, 30.290251514941154 ], [ 78.841790703635823, 30.292810197514033 ], [ 78.842690563395493, 30.294448981690021 ], [ 78.851974024761262, 30.297849631120499 ], [ 78.852874099205437, 30.29948835445445 ], [ 78.862158422741544, 30.302888318175871 ], [ 78.863058711933718, 30.304526980587063 ], [ 78.872343897580393, 30.307926258194428 ], [ 78.87324440158406, 30.309564859602112 ], [ 78.882530449281319, 30.312963450690432 ], [ 78.886203225706296, 30.316270787449412 ], [ 78.891782402128783, 30.317984813699823 ], [ 78.895455682825229, 30.32129191169091 ], [ 78.900099596275524, 30.322990538555086 ], [ 78.901919133900506, 30.325455697863259 ], [ 78.9037906402489, 30.325485715793118 ], [ 78.904691824074774, 30.327124128785627 ], [ 78.908417654246023, 30.327995770325487 ], [ 78.912091876477859, 30.331302439843757 ], [ 78.915817941406743, 30.332173880342673 ], [ 78.916719385174702, 30.333812221073593 ], [ 78.918591068132287, 30.33384203464141 ], [ 78.922265856583323, 30.337148441494644 ], [ 78.925992248047308, 30.338019605647997 ], [ 78.92966744582138, 30.341325821186445 ], [ 78.933394072008099, 30.342196784093222 ], [ 78.934295897830836, 30.343835019079361 ], [ 78.938941608685582, 30.345532340761277 ], [ 78.939843556539358, 30.347170542355972 ], [ 78.943570509215874, 30.348041228632496 ], [ 78.947246682896491, 30.351346989476298 ], [ 78.959347665125776, 30.354784485634863 ], [ 78.959448775732653, 30.3499140943707 ], [ 78.950342443700634, 30.337591688297998 ], [ 78.945730784087459, 30.334271324205531 ], [ 78.938226893234969, 30.334965184780465 ], [ 78.934534574262386, 30.332470926415795 ], [ 78.933683983169388, 30.328397530329472 ], [ 78.93558964647417, 30.326803650750946 ], [ 78.935691819372465, 30.321933311285729 ], [ 78.922831356003414, 30.310361794080524 ], [ 78.920960114318206, 30.31033206193208 ], [ 78.914548321115205, 30.303734072880278 ], [ 78.912677215190172, 30.303704228152874 ], [ 78.909939464039056, 30.300412559980941 ], [ 78.908068426697199, 30.300382652307281 ], [ 78.906249154005408, 30.29791758434207 ], [ 78.904378168454798, 30.297887626130439 ], [ 78.90164085524242, 30.294595802119385 ], [ 78.899769938282176, 30.294565780993345 ], [ 78.89703287055957, 30.291273870583723 ], [ 78.895162022193404, 30.291243786561207 ], [ 78.888735811799847, 30.285456358512754 ], [ 78.886865083836426, 30.285426161126274 ], [ 78.884128699197561, 30.282134008846914 ], [ 78.882258039839101, 30.282103748613729 ], [ 78.874915415723876, 30.275488862382723 ], [ 78.873044893586354, 30.275458476509893 ], [ 78.871226949096766, 30.272992976179552 ], [ 78.869356478777917, 30.272962539873884 ], [ 78.866621022072096, 30.269670060005414 ], [ 78.864750620372689, 30.269639560920744 ], [ 78.85741010928551, 30.263023781265627 ], [ 78.855539844835988, 30.262993156676721 ], [ 78.853722563716261, 30.260527440879855 ], [ 78.851852351099026, 30.260496765910666 ], [ 78.849117821685766, 30.257203959132067 ], [ 78.847247677702427, 30.25717322145157 ], [ 78.842678807357984, 30.252226161719893 ], [ 78.843737965854828, 30.246559773768219 ], [ 78.847530944470449, 30.24418624254772 ], [ 78.854057956300835, 30.245105342543528 ], [ 78.859562127155641, 30.250067309325374 ], [ 78.861432151650376, 30.250097864717137 ], [ 78.863249456881647, 30.252563477118514 ], [ 78.86511953316294, 30.252593982140297 ], [ 78.867854500299174, 30.255886476236931 ], [ 78.869724645148125, 30.255916918527522 ], [ 78.87245985726679, 30.25920932661435 ], [ 78.874330070679733, 30.259239706155835 ], [ 78.877065527826218, 30.262532028185554 ], [ 78.878935809799486, 30.262562344959989 ], [ 78.880753778084014, 30.265027741840797 ], [ 78.882624111830182, 30.265058008192714 ], [ 78.885360006098978, 30.268350174994485 ], [ 78.887230408398324, 30.268380378547519 ], [ 78.889966547819981, 30.271672459160243 ], [ 78.891837018668809, 30.271702599896486 ], [ 78.894573403288689, 30.274994594272815 ], [ 78.896443942683305, 30.275024672174343 ], [ 78.902869987703482, 30.280811719311735 ], [ 78.904740647395911, 30.280841683871639 ], [ 78.907477714760546, 30.284133436331206 ], [ 78.909348442987906, 30.284163338006639 ], [ 78.912085755721151, 30.287455004050475 ], [ 78.913956552479704, 30.287484842823517 ], [ 78.915775848332245, 30.289949807231306 ], [ 78.917646696836258, 30.289979595476709 ], [ 78.920384447290147, 30.293271105651634 ], [ 78.922255364318147, 30.293300830962803 ], [ 78.924074973480344, 30.295765692596433 ], [ 78.925945942247054, 30.295795367355268 ], [ 78.927851060043864, 30.294201569638972 ], [ 78.934382355721965, 30.29511684694166 ], [ 78.937137818094499, 30.297596309682984 ], [ 78.937103820197805, 30.299219764131532 ], [ 78.938957885368566, 30.300060983683352 ], [ 78.938923914105175, 30.301684439384022 ], [ 78.941696635362831, 30.303352088995318 ], [ 78.941662704753838, 30.304975546680602 ], [ 78.943516918248989, 30.305816707704313 ], [ 78.943483014290919, 30.307440166637761 ], [ 78.945337290068736, 30.308281304408727 ], [ 78.94530341276888, 30.309904764588762 ], [ 78.947157750836695, 30.310745879101017 ], [ 78.947123900202342, 30.312369340526036 ], [ 78.948978300567518, 30.313210431773598 ], [ 78.948944476605931, 30.31483389444206 ], [ 78.951717737555896, 30.316501353278035 ], [ 78.951683954304855, 30.318124817917997 ], [ 78.965467988217938, 30.33051998970631 ], [ 78.967339665993663, 30.330549102773936 ], [ 78.977433652114229, 30.340449663624099 ], [ 78.979305532660817, 30.340478613988179 ], [ 78.980191455481119, 30.34292831021018 ], [ 78.986643494243665, 30.347899867442923 ], [ 78.989335322841796, 30.35362532485383 ], [ 78.993013311794002, 30.356929874230957 ], [ 78.993883133783285, 30.360191242060854 ], [ 78.997561516083763, 30.363495678155722 ], [ 78.997528426529925, 30.365119177234419 ], [ 78.999384269554838, 30.365959611224643 ], [ 79.002077288796599, 30.371684846686719 ], [ 79.003933295374395, 30.372525222522988 ], [ 79.004803591746466, 30.375786532713875 ], [ 79.006659699437833, 30.376626873801769 ], [ 79.006626742879391, 30.378250378644108 ], [ 79.010306216076728, 30.38155449651272 ], [ 79.011176789042665, 30.384815772980719 ], [ 79.014856656164397, 30.388119777231218 ], [ 79.015727427550829, 30.391381029570745 ], [ 79.019456838008836, 30.392249649898691 ], [ 79.02036054542468, 30.393887363936813 ], [ 79.022233493266768, 30.393915744718928 ], [ 79.025914074504342, 30.397219464483271 ], [ 79.025799734658165, 30.402901777995353 ], [ 79.024846827985314, 30.403699370936273 ], [ 79.026687307788734, 30.405351213481698 ], [ 79.026654644768612, 30.406974730908434 ], [ 79.028511532475264, 30.407814791870248 ], [ 79.031207292549567, 30.413539517935725 ], [ 79.033064344143497, 30.414379520491302 ], [ 79.033031774898589, 30.41600304191169 ], [ 79.036713523662442, 30.419306499003874 ], [ 79.037585246974388, 30.422567635003055 ], [ 79.041267390546381, 30.425870977963164 ], [ 79.042139312920412, 30.42913208961922 ], [ 79.043996755090475, 30.42997195167899 ], [ 79.043964346632649, 30.431595479869305 ], [ 79.047647037521031, 30.434898662619887 ], [ 79.048519237745097, 30.438159740129819 ], [ 79.052202323807137, 30.441462808535608 ], [ 79.053074723358876, 30.444723861613554 ], [ 79.054932556401184, 30.445563582951795 ], [ 79.054900309007763, 30.447187117854906 ], [ 79.056758204748235, 30.448026815585568 ], [ 79.058551749683204, 30.452113562955766 ], [ 79.060409770842128, 30.452953213453224 ], [ 79.061282527407442, 30.456214222454239 ], [ 79.063140650082005, 30.457053837905786 ], [ 79.064934610439693, 30.461140510773806 ], [ 79.066792858586822, 30.46198007894931 ], [ 79.068587052953447, 30.46606670909226 ], [ 79.070445426602603, 30.466906229967709 ], [ 79.071318619418903, 30.470167184933974 ], [ 79.073177094653531, 30.471006670711155 ], [ 79.073145117184794, 30.472630216820129 ], [ 79.075003655193825, 30.473469678928833 ], [ 79.076798382546585, 30.477556212980168 ], [ 79.079578420275041, 30.479221213254757 ], [ 79.080452007779826, 30.482482118939881 ], [ 79.082310796960101, 30.483321486314718 ], [ 79.082278955385036, 30.484945038075594 ], [ 79.08413780737655, 30.485784381751948 ], [ 79.084105993002282, 30.487407934638416 ], [ 79.085964907812382, 30.488247254610279 ], [ 79.087760338331734, 30.492333660014943 ], [ 79.089619378801189, 30.493172932559794 ], [ 79.090493403538474, 30.496433783872366 ], [ 79.094180058240411, 30.499735792657741 ], [ 79.094148392958203, 30.501359351597742 ], [ 79.096007660858135, 30.502198541474911 ], [ 79.095976022825113, 30.503822101530126 ], [ 79.097835353592856, 30.504661267663334 ], [ 79.099631552946661, 30.508747533496209 ], [ 79.101491009472142, 30.509586652123453 ], [ 79.103287443683485, 30.513672874880005 ], [ 79.105147025996203, 30.514511945977237 ], [ 79.105115524319459, 30.516135511584505 ], [ 79.107897139917085, 30.517799964986406 ], [ 79.107865679822652, 30.519423532360047 ], [ 79.110647436178454, 30.521087932115336 ], [ 79.11061601768121, 30.522711501251727 ], [ 79.113397914818265, 30.524375847341027 ], [ 79.113366537933075, 30.52599941823653 ], [ 79.116148575874504, 30.527663710640493 ], [ 79.116117240616234, 30.529287283291499 ], [ 79.118899419385144, 30.530951521990755 ], [ 79.118868125768671, 30.532575096393618 ], [ 79.121650445388156, 30.534239281368801 ], [ 79.121619193428373, 30.535862857519884 ], [ 79.124401653921552, 30.537526988751658 ], [ 79.124370443633325, 30.539150566647329 ], [ 79.127153045023306, 30.540814644116299 ], [ 79.127121876421526, 30.542438223752935 ], [ 79.129904618731416, 30.544102247439739 ], [ 79.129873491830978, 30.545725828813715 ], [ 79.132656375083897, 30.547389798698973 ], [ 79.132625289899664, 30.549013381806663 ], [ 79.135408314118735, 30.550677297871008 ], [ 79.1353772706656, 30.552300882708753 ], [ 79.138160435873957, 30.553964744932809 ], [ 79.138129434166814, 30.555588331496981 ], [ 79.140912740387549, 30.557252139861379 ], [ 79.140881780441319, 30.558875728148358 ], [ 79.143665227697554, 30.560539482633697 ], [ 79.143634309527116, 30.562163072639851 ], [ 79.146417897841985, 30.563826773226776 ], [ 79.146387021462246, 30.565450364948454 ], [ 79.149170750858858, 30.567114011617576 ], [ 79.149139916284739, 30.568737605051126 ], [ 79.151923786786242, 30.570401197783063 ], [ 79.151892994032622, 30.572024792924864 ], [ 79.156507466239702, 30.576150324967024 ], [ 79.156476742803889, 30.577773922875622 ], [ 79.157415053302643, 30.577787212673922 ], [ 79.156369191111395, 30.583456512143393 ], [ 79.152569540021872, 30.5858386620096 ], [ 79.147877618931503, 30.585771955011325 ], [ 79.147893057506423, 30.584960161054397 ], [ 79.146016309082626, 30.58493343179201 ] ], [ [ 79.054157635500232, 30.53162434773812 ], [ 79.054238551769032, 30.527565564038092 ], [ 79.058991984450955, 30.524388488873932 ], [ 79.061805219233051, 30.524430380215211 ], [ 79.066429640687431, 30.527747116575725 ], [ 79.066349230623672, 30.531805929519813 ], [ 79.062533494334559, 30.534997220820006 ], [ 79.057844263493735, 30.534927372673867 ], [ 79.054157635500232, 30.53162434773812 ] ], [ [ 78.893775331131778, 30.31233305123331 ], [ 78.893862150533167, 30.308274534554805 ], [ 78.897673813307875, 30.305087920387244 ], [ 78.901416044576578, 30.305148014628564 ], [ 78.905106483207675, 30.307643131111266 ], [ 78.905955753283024, 30.311716661510225 ], [ 78.90212677455807, 30.315715221761483 ], [ 78.897448483236104, 30.315640089074197 ], [ 78.893775331131778, 30.31233305123331 ] ] ], [ [ [ 79.088221314971463, 30.516700698640861 ], [ 79.087283629007459, 30.516686934844468 ], [ 79.087267728680331, 30.517498708987358 ], [ 79.088221314971463, 30.516700698640861 ] ] ] ] } }
]
}
