{
"type": "FeatureCollection",
"name": "streams",
"crs": { "type": "name", "properties": { "name": "urn:ogc:def:crs:OGC:1.3:CRS84" } },
"features": [
{ "type": "Feature", "properties": { "alt_name": null, "area": null, "boat": null, "destination": null, "int_name": null, "intermittent": null, "layer": null, "name": null, "name:en": null, "name:hi": null, "name:kn": null, "name:ml": null, "plant:source": null, "power": null, "seasonal": null, "waterway": "stream", "wikipedia": null, "osm_id": 1074717651, "source": "OPEN_DATA", "tunnel": null }, "geometry": { "type": "LineString", "coordinates": [ [ 78.9822543, 30.2109548 ], [ 78.9820986, 30.2103186 ], [ 78.9817305, 30.2100128 ], [ 78.9804847, 30.2094378 ], [ 78.9797769, 30.2088322 ], [ 78.9792672, 30.2084896 ], [ 78.9791328, 30.2080553 ], [ 78.979246, 30.2074619 ], [ 78.9795433, 30.2071255 ], [ 78.9793239, 30.2066912 ], [ 78.9790053, 30.206214 ], [ 78.9786656, 30.2055656 ], [ 78.9782409, 30.2053148 ], [ 78.97771, 30.2050211 ], [ 78.9776463, 30.2047336 ], [ 78.9779577, 30.2045562 ], [ 78.9778799, 30.2043605 ], [ 78.9773915, 30.204183 ], [ 78.9768677, 30.2040301 ], [ 78.9764571, 30.2040301 ], [ 78.976174, 30.2036141 ], [ 78.9759829, 30.2032104 ], [ 78.9757564, 30.2030513 ] ] } },
{ "type": "Feature", "properties": { "alt_name": null, "area": null, "boat": null, "destination": null, "int_name": null, "intermittent": null, "layer": null, "name": "Kula Gad", "name:en": null, "name:hi": null, "name:kn": null, "name:ml": null, "plant:source": null, "power": null, "seasonal": null, "waterway": "stream", "wikipedia": null, "osm_id": 1074717650, "source": "OPEN_DATA", "tunnel": null }, "geometry": { "type": "LineString", "coordinates": [ [ 78.9209747, 30.195734 ], [ 78.9214682, 30.1964017 ], [ 78.9215541, 30.1971064 ], [ 78.9219403, 30.1976999 ], [ 78.9220476, 30.1983305 ], [ 78.9219618, 30.1985159 ], [ 78.9220691, 30.1995545 ], [ 78.9225411, 30.2002963 ], [ 78.9231205, 30.2013904 ], [ 78.9238715, 30.202429 ], [ 78.92488, 30.2039311 ], [ 78.9253521, 30.2051736 ], [ 78.9253306, 30.2067313 ], [ 78.9258241, 30.2079923 ], [ 78.926425, 30.2089751 ], [ 78.9270043, 30.2097725 ], [ 78.9272404, 30.2108294 ], [ 78.927176, 30.21235 ], [ 78.927412, 30.2141672 ], [ 78.9275408, 30.215391 ], [ 78.9274978, 30.2165406 ], [ 78.9275622, 30.2176717 ], [ 78.9277553, 30.2184319 ], [ 78.9281845, 30.2191921 ], [ 78.9279914, 30.2207681 ], [ 78.9276266, 30.2223441 ], [ 78.9284634, 30.224569 ], [ 78.9292788, 30.2255702 ], [ 78.9303946, 30.226386 ], [ 78.9314385, 30.2270962 ] ] } },
{ "type": "Feature", "properties": { "alt_name": null, "area": null, "boat": null, "destination": null, "int_name": null, "intermittent": null, "layer": null, "name": "Bachhan Gad", "name:en": null, "name:hi": null, "name:kn": null, "name:ml": null, "plant:source": null, "power": null, "seasonal": null, "waterway": "stream", "wikipedia": null, "osm_id": 1070053744, "source": "OPEN_DATA", "tunnel": null }, "geometry": { "type": "MultiLineString", "coordinates": [ [ [ 79.0252198, 30.2080643 ], [ 79.0249105, 30.2077551 ], [ 79.0242677, 30.2073305 ], [ 79.0237704, 30.2064291 ], [ 79.0236552, 30.205926 ], [ 79.0236067, 30.2053547 ], [ 79.0232731, 30.2048987 ], [ 79.0223938, 30.2042803 ], [ 79.0219814, 30.2039554 ], [ 79.02109, 30.2027499 ], [ 79.0203189, 30.20239 ], [ 79.0201236, 30.2021027 ], [ 79.0200446, 30.2017831 ], [ 79.0197371, 30.2011906 ], [ 79.019724, 30.2008532 ], [ 79.0195359, 30.2007098 ], [ 79.0194422, 30.2004285 ], [ 79.0196519, 30.2000616 ], [ 79.0197693, 30.1997164 ], [ 79.0193158, 30.199163 ], [ 79.0184782, 30.1985955 ], [ 79.01799, 30.1974227 ], [ 79.0171635, 30.1969432 ], [ 79.0164847, 30.1962218 ], [ 79.016420948705473, 30.19598416525886 ] ], [ [ 79.011430976992841, 30.193450765455566 ], [ 79.0095955, 30.1938828 ], [ 79.0074921, 30.1950014 ], [ 79.0063086, 30.1947261 ], [ 79.005877, 30.19396 ], [ 79.0053961, 30.1940144 ], [ 79.0047736, 30.1947937 ], [ 79.0039765, 30.1947538 ], [ 79.0036197, 30.1945755 ], [ 79.0010583, 30.1951944 ], [ 78.9995399, 30.1949782 ], [ 78.9989778, 30.1954067 ], [ 78.9983827, 30.1951728 ], [ 78.9973019, 30.1955602 ], [ 78.9969507, 30.1960799 ], [ 78.996469, 30.1963131 ], [ 78.9958338, 30.1960259 ], [ 78.9948294, 30.1962831 ], [ 78.9938892, 30.1959901 ], [ 78.9933643, 30.1963071 ], [ 78.9918298, 30.1958976 ], [ 78.9911003, 30.1959329 ], [ 78.9905495, 30.195845 ], [ 78.9897843, 30.1962939 ], [ 78.9893389, 30.1960679 ], [ 78.9891558, 30.1952773 ], [ 78.9884423, 30.1956703 ], [ 78.988266, 30.1961235 ], [ 78.9876811, 30.1961698 ], [ 78.9874335, 30.1965241 ], [ 78.9848372, 30.1965336 ], [ 78.9842952, 30.1970853 ], [ 78.9838663, 30.1971033 ], [ 78.9831349, 30.1979396 ], [ 78.9817752, 30.1986326 ], [ 78.98109, 30.199917 ], [ 78.9800192, 30.2007591 ], [ 78.9788055, 30.200774 ], [ 78.9781379, 30.201205 ], [ 78.9776015, 30.2020024 ], [ 78.9767003, 30.2027442 ], [ 78.9757564, 30.2030513 ], [ 78.9754945, 30.2034061 ], [ 78.9749777, 30.203296 ], [ 78.9745672, 30.2036141 ], [ 78.9739372, 30.2038344 ], [ 78.9733214, 30.204287 ], [ 78.9723021, 30.2045012 ], [ 78.9717925, 30.2044339 ], [ 78.9712899, 30.2044461 ], [ 78.970844, 30.2047214 ], [ 78.9705891, 30.2047826 ], [ 78.970122, 30.2046969 ], [ 78.9703202, 30.2050701 ], [ 78.9700583, 30.2053331 ], [ 78.9694, 30.2052964 ], [ 78.9691239, 30.2050517 ], [ 78.9684515, 30.2047153 ], [ 78.9681259, 30.2048621 ], [ 78.9678002, 30.2052658 ], [ 78.967503, 30.2052842 ], [ 78.9669579, 30.2051863 ], [ 78.9666323, 30.2049722 ], [ 78.9661581, 30.2052842 ], [ 78.9659811, 30.2057613 ], [ 78.9656909, 30.2059143 ], [ 78.9651742, 30.2062629 ], [ 78.9648627, 30.206581 ], [ 78.9643955, 30.2066422 ], [ 78.9630719, 30.2070093 ], [ 78.9629232, 30.2072845 ], [ 78.9625835, 30.2073029 ], [ 78.9623428, 30.2073579 ], [ 78.961819, 30.2070827 ], [ 78.9609625, 30.2069358 ], [ 78.9603184, 30.2069358 ], [ 78.9600494, 30.2067523 ], [ 78.9596389, 30.2066667 ], [ 78.9588602, 30.2068013 ], [ 78.95857, 30.2068686 ], [ 78.9582727, 30.2066239 ], [ 78.9579967, 30.2068196 ], [ 78.9575012, 30.2070827 ], [ 78.9571685, 30.2069848 ], [ 78.9566022, 30.2067707 ], [ 78.955951, 30.2068991 ], [ 78.9549247, 30.2069848 ], [ 78.9541036, 30.2070888 ], [ 78.9537567, 30.2069114 ], [ 78.9530347, 30.2070031 ], [ 78.9523198, 30.2071744 ], [ 78.9510315, 30.208092 ], [ 78.9504582, 30.2082877 ], [ 78.9495522, 30.208459 ], [ 78.9489222, 30.2089973 ], [ 78.948724, 30.2092359 ], [ 78.9481223, 30.2093705 ], [ 78.9477684, 30.2092787 ], [ 78.9471455, 30.2090524 ], [ 78.9466075, 30.2091013 ], [ 78.9460979, 30.2093154 ], [ 78.9458148, 30.2095785 ], [ 78.9448026, 30.2095234 ], [ 78.9440593, 30.2097436 ], [ 78.943755, 30.2093338 ], [ 78.9435638, 30.2093093 ], [ 78.9428206, 30.2095356 ], [ 78.9419358, 30.2100005 ], [ 78.9411006, 30.2106367 ], [ 78.9411006, 30.211016 ], [ 78.9407112, 30.2114503 ], [ 78.9406829, 30.212117 ], [ 78.9401308, 30.2123984 ], [ 78.9396707, 30.2131385 ], [ 78.9391752, 30.2136095 ], [ 78.9386727, 30.2140071 ], [ 78.9383187, 30.2138542 ], [ 78.9380215, 30.2141172 ], [ 78.9377525, 30.2142824 ], [ 78.9370163, 30.2144108 ], [ 78.9365987, 30.2148696 ], [ 78.9363156, 30.2149124 ], [ 78.9359687, 30.2149185 ], [ 78.9353812, 30.2154262 ], [ 78.9345884, 30.2157993 ], [ 78.9344398, 30.2160991 ], [ 78.9344398, 30.2164355 ], [ 78.9341142, 30.2166129 ], [ 78.9338877, 30.2169615 ], [ 78.9334205, 30.2171083 ], [ 78.9335904, 30.2177261 ], [ 78.9333285, 30.2182949 ], [ 78.9334913, 30.2185335 ], [ 78.933463, 30.2192919 ], [ 78.9336966, 30.2199708 ], [ 78.9335267, 30.2204724 ], [ 78.9330737, 30.2210596 ], [ 78.9326277, 30.2217874 ], [ 78.9322243, 30.223029 ], [ 78.9315306, 30.2233593 ], [ 78.9316226, 30.2237752 ], [ 78.9314739, 30.2240749 ], [ 78.9318279, 30.2244908 ], [ 78.931658, 30.2252798 ], [ 78.9318916, 30.2258669 ], [ 78.9314315, 30.2262583 ], [ 78.9314739, 30.226662 ], [ 78.9314385, 30.2270962 ], [ 78.9316367, 30.2287169 ], [ 78.9314385, 30.2295426 ], [ 78.9317642, 30.2305578 ], [ 78.9315235, 30.2312305 ], [ 78.9313111, 30.2320623 ], [ 78.9305538, 30.2326005 ], [ 78.9301928, 30.2329246 ], [ 78.9297468, 30.233689 ], [ 78.9293929, 30.2338664 ], [ 78.9289116, 30.2340132 ], [ 78.9280551, 30.2344963 ], [ 78.927595, 30.235383 ], [ 78.9269933, 30.2358295 ], [ 78.9258679, 30.2362698 ], [ 78.9254927, 30.2369241 ], [ 78.9247919, 30.2372421 ], [ 78.9239638, 30.2377986 ], [ 78.9232488, 30.2384102 ], [ 78.9231993, 30.2389789 ], [ 78.9230011, 30.239199 ], [ 78.9222296, 30.2395659 ], [ 78.9218544, 30.2397249 ], [ 78.9214934, 30.2395537 ], [ 78.9212598, 30.2396515 ], [ 78.9207077, 30.2402447 ], [ 78.920283, 30.2405444 ], [ 78.9199716, 30.2406361 ], [ 78.9199645, 30.2408685 ], [ 78.9200282, 30.2411865 ], [ 78.9200636, 30.2418713 ], [ 78.9194478, 30.2421526 ], [ 78.9191646, 30.2424278 ], [ 78.9188532, 30.2426235 ], [ 78.9181667, 30.2430079 ], [ 78.9181386, 30.2432943 ], [ 78.9184142, 30.2438188 ], [ 78.9184609, 30.244194 ], [ 78.9179565, 30.2443392 ], [ 78.9172934, 30.2445208 ], [ 78.916845, 30.2448274 ], [ 78.916378, 30.2450695 ], [ 78.9157523, 30.2450695 ], [ 78.9153086, 30.2451219 ], [ 78.9152246, 30.2452389 ], [ 78.91543, 30.2460135 ], [ 78.9155701, 30.2464048 ], [ 78.9155888, 30.2468405 ], [ 78.9156682, 30.2472359 ], [ 78.915813, 30.2477724 ], [ 78.9156402, 30.2481234 ], [ 78.9150891, 30.2484784 ], [ 78.9148743, 30.2487325 ], [ 78.9147482, 30.2491965 ], [ 78.9145521, 30.2495636 ], [ 78.9150284, 30.2501606 ], [ 78.915332, 30.2507415 ], [ 78.9161492, 30.2510199 ], [ 78.9166769, 30.2514475 ], [ 78.9169758, 30.2523471 ], [ 78.9168949, 30.2527908 ], [ 78.9172467, 30.2535331 ], [ 78.917312, 30.2537953 ], [ 78.917695, 30.2541341 ], [ 78.917765, 30.2548804 ], [ 78.9176477, 30.2551067 ], [ 78.9175269, 30.2555016 ], [ 78.9172709, 30.2557564 ], [ 78.9169291, 30.2568853 ], [ 78.9173634, 30.2573733 ], [ 78.9170178, 30.2576355 ], [ 78.9166396, 30.2577001 ], [ 78.9167937, 30.2580389 ], [ 78.9164061, 30.2583374 ], [ 78.9162566, 30.2581882 ], [ 78.9161819, 30.2582487 ], [ 78.9162706, 30.2584181 ], [ 78.9161632, 30.2584907 ], [ 78.9160511, 30.2583737 ], [ 78.9159204, 30.2584342 ], [ 78.9160044, 30.2585956 ], [ 78.9157523, 30.2588497 ], [ 78.9157383, 30.2589425 ], [ 78.9160745, 30.2590474 ], [ 78.9161539, 30.2592732 ], [ 78.9160285, 30.2593367 ] ] ] } },
{ "type": "Feature", "properties": { "alt_name": null, "area": null, "boat": null, "destination": null, "int_name": null, "intermittent": null, "layer": null, "name": null, "name:en": null, "name:hi": null, "name:kn": null, "name:ml": null, "plant:source": null, "power": null, "seasonal": null, "waterway": "stream", "wikipedia": null, "osm_id": 1061012289, "source": "OPEN_DATA", "tunnel": null }, "geometry": { "type": "MultiLineString", "coordinates": [ [ [ 79.081277431514138, 30.260125193886491 ], [ 79.0811531, 30.2602863 ], [ 79.0810334550074, 30.260978908684606 ] ], [ [ 79.080997695118967, 30.261104038543778 ], [ 79.0806083, 30.2614942 ], [ 79.0803562, 30.2619086 ], [ 79.079844, 30.2622106 ], [ 79.079909, 30.262653 ], [ 79.0802831, 30.2632921 ], [ 79.080314602764275, 30.263494293488755 ] ], [ [ 79.0810555, 30.265820950495051 ], [ 79.0810555, 30.2658765 ], [ 79.0812425, 30.2662627 ], [ 79.0813798, 30.2666249 ] ] ] } },
{ "type": "Feature", "properties": { "alt_name": null, "area": null, "boat": null, "destination": null, "int_name": null, "intermittent": null, "layer": null, "name": "Gholtir Gad", "name:en": null, "name:hi": null, "name:kn": null, "name:ml": null, "plant:source": null, "power": null, "seasonal": null, "waterway": "stream", "wikipedia": null, "osm_id": 915070809, "source": "OPEN_DATA", "tunnel": null }, "geometry": { "type": "MultiLineString", "coordinates": [ [ [ 79.0546238, 30.2425113 ], [ 79.0559558, 30.2429682 ], [ 79.057464, 30.2433066 ], [ 79.0583651, 30.2435774 ], [ 79.0598537, 30.2440681 ], [ 79.0613032, 30.2447788 ], [ 79.0625261, 30.2455676 ], [ 79.0627997, 30.2460585 ], [ 79.0627898, 30.2465224 ], [ 79.0632705, 30.2471286 ], [ 79.0633921, 30.2475046 ], [ 79.0638722, 30.2479083 ], [ 79.0636866, 30.2481019 ], [ 79.0631553, 30.2482899 ], [ 79.0631553, 30.2486659 ], [ 79.0635851, 30.2490389 ], [ 79.0641411, 30.2492963 ], [ 79.0648619, 30.2496863 ], [ 79.0652549, 30.249899 ], [ 79.0658438, 30.2499875 ], [ 79.0664647, 30.2500041 ], [ 79.066676, 30.2502253 ], [ 79.0665672, 30.2504078 ], [ 79.0663879, 30.2505128 ], [ 79.0665416, 30.2510215 ], [ 79.0664775, 30.2512759 ], [ 79.0663559, 30.2517017 ], [ 79.0667976, 30.2521606 ], [ 79.0670217, 30.2525864 ], [ 79.0669128, 30.2530951 ], [ 79.0673801, 30.2536481 ], [ 79.0674633, 30.2538582 ], [ 79.0682059, 30.254754 ], [ 79.0683083, 30.2551521 ], [ 79.0688588, 30.2556055 ], [ 79.0691021, 30.2559926 ], [ 79.0691789, 30.2562912 ], [ 79.0694222, 30.2565566 ], [ 79.0693133, 30.2567335 ], [ 79.0692173, 30.256927 ], [ 79.0694286, 30.2572145 ], [ 79.0693965, 30.257386 ], [ 79.0692301, 30.2575187 ], [ 79.0691789, 30.257867 ], [ 79.0690445, 30.2580826 ], [ 79.0682571, 30.2583757 ], [ 79.0682955, 30.2585139 ], [ 79.068558, 30.2588567 ], [ 79.0685516, 30.2590337 ], [ 79.0684299, 30.2592327 ], [ 79.0680587, 30.2594152 ], [ 79.0679434, 30.2597027 ], [ 79.0682251, 30.260134 ], [ 79.0692941, 30.2600179 ], [ 79.0702287, 30.2598575 ], [ 79.0705552, 30.2596916 ], [ 79.0710225, 30.2597193 ], [ 79.0711185, 30.2600179 ], [ 79.0707088, 30.2603164 ], [ 79.0710097, 30.2605321 ], [ 79.0714514, 30.2606426 ], [ 79.0716818, 30.260991 ], [ 79.0728597, 30.2613338 ], [ 79.0732501, 30.261566 ], [ 79.0731669, 30.2619973 ], [ 79.0735574, 30.2623622 ], [ 79.0738583, 30.2630257 ], [ 79.0754522, 30.2637278 ], [ 79.0757979, 30.2642531 ], [ 79.0755802, 30.2644853 ], [ 79.0752986, 30.2646954 ], [ 79.0752602, 30.2651377 ], [ 79.0755482, 30.2653091 ], [ 79.0762844, 30.265287 ], [ 79.0767709, 30.2650824 ], [ 79.0772382, 30.2651045 ], [ 79.0776991, 30.2653644 ], [ 79.0784608, 30.2661329 ], [ 79.0795106, 30.2665586 ], [ 79.0793378, 30.2669511 ], [ 79.0794978, 30.2670396 ], [ 79.0803428, 30.2667245 ], [ 79.0810214, 30.2667632 ], [ 79.0813798, 30.2666249 ], [ 79.0817319, 30.2668185 ], [ 79.081897504432945, 30.266840948315853 ] ], [ [ 79.089520307323127, 30.2791529208674 ], [ 79.0894735, 30.2792981 ], [ 79.0894945, 30.2793739 ], [ 79.0895532, 30.279586 ], [ 79.0899591, 30.279899 ], [ 79.0899881, 30.2800868 ], [ 79.089459, 30.2803184 ], [ 79.0893793, 30.2808817 ], [ 79.0900316, 30.2814764 ], [ 79.0905825, 30.2818832 ], [ 79.090481, 30.282747 ], [ 79.0902636, 30.2827971 ], [ 79.0896112, 30.2824904 ], [ 79.0893285, 30.2827533 ], [ 79.0889806, 30.2832665 ], [ 79.0890676, 30.283617 ], [ 79.0893648, 30.2838674 ], [ 79.089285, 30.2844057 ], [ 79.089488, 30.2846561 ], [ 79.0888501, 30.2850942 ], [ 79.0888501, 30.2852945 ], [ 79.08943, 30.285451 ], [ 79.0897272, 30.2858703 ], [ 79.0904013, 30.2864837 ], [ 79.090430261488493, 30.286536285539611 ] ] ] } },
{ "type": "Feature", "properties": { "alt_name": null, "area": null, "boat": "no", "destination": null, "int_name": "Alaknanda", "intermittent": null, "layer": null, "name": "Alaknanda", "name:en": "Alaknanda River", "name:hi": "अलकनन्दा नदी", "name:kn": "ಅಲಕನಂದಾ", "name:ml": "അളകനന്ദ", "plant:source": null, "power": null, "seasonal": null, "waterway": "river", "wikipedia": null, "osm_id": 27283240, "source": "OPEN_DATA", "tunnel": null }, "geometry": { "type": "LineString", "coordinates": [ [ 79.090646334671831, 30.299654616003483 ], [ 79.0898256, 30.2986548 ], [ 79.0896641, 30.2984581 ], [ 79.089015, 30.2981849 ], [ 79.0889024, 30.2979861 ], [ 79.0887789, 30.297768 ], [ 79.0886663, 30.2973697 ], [ 79.0882264, 30.2970362 ], [ 79.0876779, 30.2968076 ], [ 79.0875607, 30.2967587 ], [ 79.0866159, 30.2964412 ], [ 79.08563, 30.2961098 ], [ 79.0832284, 30.2955364 ], [ 79.0807001, 30.2951927 ], [ 79.0787475, 30.2955216 ], [ 79.0776907, 30.2960033 ], [ 79.0754374, 30.2965955 ], [ 79.0740375, 30.2964572 ], [ 79.0716235, 30.2968231 ], [ 79.0701006, 30.2968347 ], [ 79.0690003, 30.2970686 ], [ 79.0685122, 30.2975874 ], [ 79.0687388, 30.2982641 ], [ 79.0684317, 30.2991482 ], [ 79.0677933, 30.2995836 ], [ 79.0675417, 30.3006808 ], [ 79.0674431, 30.3016503 ], [ 79.066931, 30.3020126 ], [ 79.0660123, 30.3021634 ], [ 79.0651224, 30.3020222 ], [ 79.064049, 30.3017373 ], [ 79.0632389, 30.3012139 ], [ 79.0628905, 30.300267 ], [ 79.0622304, 30.3000699 ], [ 79.0600924, 30.2997793 ], [ 79.0588383, 30.2989442 ], [ 79.0555093, 30.2984651 ], [ 79.0543716, 30.2991853 ], [ 79.0532558, 30.3007554 ], [ 79.0523331, 30.3018082 ], [ 79.0514372, 30.3020152 ], [ 79.0509008, 30.3025386 ], [ 79.0505092, 30.3037335 ], [ 79.0502356, 30.3042615 ], [ 79.0492593, 30.3048913 ], [ 79.0488897, 30.3054175 ], [ 79.0490125, 30.3067439 ], [ 79.0493236, 30.3075312 ], [ 79.0492378, 30.308124 ], [ 79.0494695, 30.3085491 ], [ 79.0493072, 30.3092122 ], [ 79.0492855, 30.3093008 ], [ 79.0483688, 30.3097356 ], [ 79.0471457, 30.3097449 ], [ 79.046414, 30.3096083 ], [ 79.0457938, 30.3095319 ], [ 79.0452145, 30.3096986 ], [ 79.0428665, 30.3108615 ], [ 79.0414331, 30.3113589 ], [ 79.0398179, 30.3113473 ], [ 79.0382649, 30.3107508 ], [ 79.0361057, 30.3094392 ], [ 79.0353686, 30.3084157 ], [ 79.034925, 30.3078319 ], [ 79.033526, 30.3059908 ], [ 79.0323828, 30.3054471 ], [ 79.0309988, 30.3049932 ], [ 79.0299715, 30.3045634 ], [ 79.0290461, 30.3037705 ], [ 79.0278526, 30.3030184 ], [ 79.0265785, 30.3030943 ], [ 79.0258557, 30.302957 ], [ 79.0250813, 30.30281 ], [ 79.0236603, 30.3023348 ], [ 79.0228127, 30.3018531 ], [ 79.0212999, 30.3015752 ], [ 79.0198177, 30.301019 ], [ 79.0185104, 30.300195 ], [ 79.0174606, 30.2993821 ], [ 79.0169869, 30.2993428 ], [ 79.0162488, 30.2997374 ], [ 79.0153669, 30.3000375 ], [ 79.0145086, 30.300056 ], [ 79.013624, 30.2999472 ], [ 79.0124808, 30.3001301 ], [ 79.0118156, 30.3004822 ], [ 79.0115152, 30.3010194 ], [ 79.0114229, 30.3011652 ], [ 79.0110721, 30.3017197 ], [ 79.0101312, 30.3020847 ], [ 79.0075203, 30.3021291 ], [ 79.0068269, 30.3020176 ], [ 79.0065859, 30.3017258 ], [ 79.0062636, 30.3014086 ], [ 79.0059362, 30.3013436 ], [ 79.0042191, 30.3017969 ], [ 79.0029536, 30.302131 ], [ 79.0013443, 30.3025293 ], [ 78.9997779, 30.3031499 ], [ 78.9985178, 30.303356 ], [ 78.9955561, 30.3031753 ], [ 78.9938073, 30.3023649 ], [ 78.9935553, 30.3020894 ], [ 78.9931507, 30.3005095 ], [ 78.9924958, 30.2995328 ], [ 78.9909008, 30.2977888 ], [ 78.98914, 30.2957892 ], [ 78.9880513, 30.2938281 ], [ 78.9871486, 30.2905931 ], [ 78.985887, 30.2885646 ], [ 78.9850771, 30.2878224 ], [ 78.9843989, 30.2876077 ], [ 78.9834843, 30.2875389 ], [ 78.9831927, 30.2876193 ], [ 78.9827259, 30.2876597 ], [ 78.9825774, 30.2876726 ], [ 78.9814869, 30.2880016 ], [ 78.9801923, 30.2877842 ], [ 78.9794732, 30.2878532 ], [ 78.9788975, 30.2878292 ] ] } },
{ "type": "Feature", "properties": { "alt_name": null, "area": null, "boat": null, "destination": null, "int_name": null, "intermittent": null, "layer": null, "name": null, "name:en": null, "name:hi": null, "name:kn": null, "name:ml": null, "plant:source": null, "power": null, "seasonal": null, "waterway": "stream", "wikipedia": null, "osm_id": 229030344, "source": "OPEN_DATA", "tunnel": null }, "geometry": { "type": "LineString", "coordinates": [ [ 79.089972925791486, 30.2981141107376 ], [ 79.0899726, 30.298118 ], [ 79.089978, 30.2984237 ], [ 79.089986, 30.2985209 ], [ 79.0899297, 30.2985881 ], [ 79.0898256, 30.2986548 ] ] } },
{ "type": "Feature", "properties": { "alt_name": null, "area": null, "boat": null, "destination": null, "int_name": null, "intermittent": null, "layer": null, "name": "Punar Gadhera", "name:en": null, "name:hi": null, "name:kn": null, "name:ml": null, "plant:source": null, "power": null, "seasonal": null, "waterway": "stream", "wikipedia": null, "osm_id": 915070810, "source": "OPEN_DATA", "tunnel": null }, "geometry": { "type": "LineString", "coordinates": [ [ 79.0393156, 30.2179935 ], [ 79.0365351, 30.2177823 ], [ 79.0347783, 30.2179539 ], [ 79.0320089, 30.2177513 ], [ 79.0313255, 30.2177814 ], [ 79.0305201, 30.2167423 ], [ 79.0285909, 30.2162245 ], [ 79.0272043, 30.2144109 ], [ 79.0269663, 30.2135953 ], [ 79.0268478, 30.2127843 ], [ 79.0267939, 30.2122713 ], [ 79.0264161, 30.2120032 ], [ 79.0260788, 30.2119215 ], [ 79.0252018, 30.2119798 ], [ 79.0242978, 30.2120615 ], [ 79.0237446, 30.212318 ], [ 79.0228832, 30.2123972 ], [ 79.0225312, 30.2125852 ], [ 79.0224223, 30.2130112 ], [ 79.0216926, 30.2130057 ], [ 79.0211485, 30.2125133 ], [ 79.0200411, 30.2123418 ], [ 79.01894, 30.2126461 ], [ 79.0181079, 30.212541 ], [ 79.0172565, 30.2124304 ], [ 79.0166291, 30.212198 ], [ 79.0163419, 30.2123373 ], [ 79.0160018, 30.2125023 ], [ 79.0154871, 30.2128611 ], [ 79.0156567, 30.2133691 ], [ 79.0154531, 30.2136134 ], [ 79.0143508, 30.2135743 ], [ 79.0130279, 30.2137062 ], [ 79.0123269, 30.2137258 ], [ 79.011852, 30.2138919 ], [ 79.0110319, 30.2141648 ], [ 79.0101414, 30.2143938 ], [ 79.0103443, 30.2153594 ], [ 79.0098578, 30.2159885 ], [ 79.009024, 30.2160019 ], [ 79.0083354, 30.2158954 ], [ 79.0082122, 30.2160645 ], [ 79.0084514, 30.2167723 ], [ 79.0075164, 30.2175615 ], [ 79.0077338, 30.2182004 ], [ 79.0077773, 30.2191336 ], [ 79.007038, 30.2192777 ], [ 79.0065814, 30.2192965 ], [ 79.005871, 30.2188518 ], [ 79.0049287, 30.2186701 ], [ 79.0043489, 30.2190084 ], [ 79.0043126, 30.2195032 ], [ 79.0043126, 30.219904 ], [ 79.003624, 30.2201232 ], [ 79.0042111, 30.2208372 ], [ 79.0049215, 30.2213383 ], [ 79.0052549, 30.2218957 ], [ 79.0050737, 30.2223028 ], [ 79.0052332, 30.2226536 ], [ 79.0048102, 30.2228987 ], [ 79.0046171, 30.2230106 ], [ 79.0050051, 30.2235583 ], [ 79.0051693, 30.2239214 ], [ 79.0053722, 30.2241969 ], [ 79.0049858, 30.2246893 ], [ 79.004846, 30.2248874 ], [ 79.0044819, 30.2257058 ], [ 79.0047283, 30.2262024 ], [ 79.0044964, 30.2267241 ], [ 79.0048877, 30.2274294 ], [ 79.0050181, 30.2277591 ], [ 79.0044481, 30.2278301 ], [ 79.0037429, 30.2284728 ], [ 79.0039071, 30.2292783 ], [ 79.0038685, 30.229825 ], [ 79.0041776, 30.2302006 ], [ 79.0038443, 30.231006 ], [ 79.003627, 30.2312815 ], [ 79.0035159, 30.2318407 ], [ 79.0033613, 30.23192 ], [ 79.0027286, 30.231536 ], [ 79.002395, 30.2314558 ], [ 79.0020861, 30.2313816 ], [ 79.0015114, 30.2317572 ], [ 79.0005646, 30.2318365 ], [ 78.9999535, 30.2316111 ], [ 78.9998182, 30.2318031 ], [ 79.0000887, 30.2323832 ], [ 78.9998184, 30.2326971 ], [ 78.9996395, 30.2329048 ], [ 78.9990889, 30.2327004 ], [ 78.9990502, 30.232475 ], [ 78.9988667, 30.2323957 ], [ 78.9986107, 30.232596 ], [ 78.9980214, 30.2326586 ], [ 78.9975335, 30.2328589 ], [ 78.9969249, 30.2328548 ], [ 78.9966323, 30.2327333 ], [ 78.9964322, 30.2326503 ], [ 78.9956159, 30.2328381 ], [ 78.9955581, 30.2329259 ], [ 78.9953551, 30.2332345 ], [ 78.9949977, 30.2335934 ], [ 78.9950162, 30.2336747 ], [ 78.9950556, 30.233848 ], [ 78.9958236, 30.2344489 ], [ 78.9961728, 30.2344421 ], [ 78.9962487, 30.2344406 ], [ 78.9968042, 30.2345115 ], [ 78.9973113, 30.2347953 ], [ 78.9974128, 30.2349539 ], [ 78.9972196, 30.2351667 ], [ 78.9970167, 30.2353795 ], [ 78.9968476, 30.2357718 ], [ 78.9968718, 30.2361182 ], [ 78.996041, 30.236331 ], [ 78.9954614, 30.2366523 ], [ 78.9950605, 30.2367233 ], [ 78.9950105, 30.2370328 ], [ 78.9953635, 30.2371452 ], [ 78.9959023, 30.2370863 ], [ 78.99628, 30.2373217 ], [ 78.9962553, 30.2379745 ], [ 78.9959952, 30.2389268 ], [ 78.9952953, 30.2392051 ], [ 78.9950662, 30.2394137 ], [ 78.9953139, 30.2399755 ], [ 78.9953325, 30.2405212 ], [ 78.9951343, 30.2407459 ], [ 78.994162, 30.2411793 ], [ 78.9939157, 30.2412851 ], [ 78.9944044, 30.241716 ], [ 78.9949439, 30.2419975 ], [ 78.9955242, 30.2422261 ], [ 78.9956978, 30.242437 ], [ 78.9967939, 30.2425601 ], [ 78.9957721, 30.2431914 ], [ 78.9943663, 30.2436461 ], [ 78.9946512, 30.2441597 ], [ 78.9947193, 30.2446198 ], [ 78.9955063, 30.2452042 ], [ 78.9979502, 30.2454033 ], [ 78.999737, 30.2463096 ], [ 79.0000252, 30.2476041 ], [ 79.0010511, 30.248122 ], [ 79.0013393, 30.2489087 ], [ 79.0012586, 30.2501435 ], [ 79.0013278, 30.2510098 ], [ 79.0004171, 30.25097 ], [ 78.9994603, 30.251896 ], [ 78.9989185, 30.2518064 ], [ 78.9980078, 30.2525732 ], [ 78.9980309, 30.2533798 ], [ 78.9977196, 30.2536785 ], [ 78.9971422, 30.2536653 ], [ 78.9965898, 30.2550401 ], [ 78.9964585, 30.2553614 ], [ 78.996103, 30.2554039 ], [ 78.9956381, 30.2552244 ], [ 78.99531, 30.2553283 ], [ 78.9950365, 30.2552244 ], [ 78.9946099, 30.2552574 ], [ 78.9942106, 30.2555173 ], [ 78.9940794, 30.2559235 ], [ 78.9941177, 30.2561976 ], [ 78.9943255, 30.2566464 ], [ 78.9946318, 30.2569912 ], [ 78.9945935, 30.2573314 ], [ 78.9942325, 30.2576574 ], [ 78.9934012, 30.257766 ], [ 78.9929527, 30.2580069 ], [ 78.992269, 30.2578747 ], [ 78.9915908, 30.2582054 ], [ 78.9913283, 30.2584321 ], [ 78.9904095, 30.2585408 ], [ 78.990322, 30.2587675 ], [ 78.9903992, 30.2592962 ], [ 78.9911255, 30.2599258 ], [ 78.9911642, 30.2602037 ], [ 78.9914486, 30.2605391 ], [ 78.9917823, 30.2608461 ], [ 78.9918151, 30.2612004 ], [ 78.9915252, 30.2613658 ], [ 78.9909947, 30.2614697 ], [ 78.9906501, 30.2616162 ], [ 78.9905626, 30.2620224 ], [ 78.9908689, 30.2623106 ], [ 78.991208, 30.2624381 ], [ 78.9916237, 30.2627924 ], [ 78.9915471, 30.2629767 ], [ 78.9910713, 30.2633499 ], [ 78.9907814, 30.2637372 ], [ 78.9915963, 30.2641529 ], [ 78.9915854, 30.2643797 ], [ 78.9913885, 30.2654945 ], [ 78.9914596, 30.2656551 ], [ 78.9915744, 30.2659055 ], [ 78.9913885, 30.2661228 ], [ 78.9915088, 30.2663353 ], [ 78.9917494, 30.2664771 ], [ 78.9919245, 30.2669731 ], [ 78.992094, 30.2673037 ], [ 78.9924112, 30.2676486 ], [ 78.9923675, 30.2682154 ], [ 78.9929472, 30.268428 ], [ 78.9930802, 30.2687083 ], [ 78.9927538, 30.2688785 ], [ 78.9929825, 30.2694537 ], [ 78.9927823, 30.2696436 ], [ 78.9924821, 30.2695646 ], [ 78.991734, 30.2693802 ], [ 78.9912401, 30.2687118 ], [ 78.9906534, 30.2684514 ], [ 78.9905071, 30.2683864 ], [ 78.9900897, 30.2687909 ], [ 78.9893872, 30.2687821 ], [ 78.9891327, 30.2688964 ], [ 78.9892855, 30.2690143 ], [ 78.9899693, 30.2695418 ], [ 78.9899636, 30.2702064 ], [ 78.9897897, 30.2707777 ], [ 78.9898692, 30.2711216 ], [ 78.9897435, 30.271543 ], [ 78.9896824, 30.2718771 ], [ 78.9897435, 30.2722288 ], [ 78.989489, 30.2723695 ], [ 78.9892243, 30.2725981 ], [ 78.9887662, 30.2725805 ], [ 78.9883793, 30.2727651 ], [ 78.9883082, 30.2728081 ], [ 78.9881757, 30.2728882 ], [ 78.9880841, 30.2731783 ], [ 78.9878296, 30.2732399 ], [ 78.9871678, 30.2728091 ], [ 78.9865366, 30.2726332 ], [ 78.9859258, 30.2727036 ], [ 78.9854168, 30.2724222 ], [ 78.9845514, 30.2727211 ], [ 78.984246, 30.2726772 ], [ 78.9842155, 30.2723167 ], [ 78.9832585, 30.2718595 ], [ 78.9828513, 30.2713935 ], [ 78.9823117, 30.271033 ], [ 78.9821386, 30.2705406 ], [ 78.9816398, 30.2701538 ], [ 78.98109, 30.2702065 ], [ 78.9806115, 30.2705494 ], [ 78.9797055, 30.2704087 ], [ 78.9792779, 30.2707165 ], [ 78.9791353, 30.2715254 ], [ 78.9786365, 30.271754 ], [ 78.9781682, 30.2721496 ], [ 78.9782395, 30.2725717 ], [ 78.9787485, 30.2725541 ], [ 78.9795018, 30.2730553 ], [ 78.9801127, 30.2732399 ], [ 78.9805708, 30.2735037 ], [ 78.9804792, 30.2739784 ], [ 78.9807337, 30.2745675 ], [ 78.9807337, 30.2755347 ], [ 78.9815685, 30.2759655 ], [ 78.9818739, 30.2763963 ], [ 78.9823015, 30.2764842 ], [ 78.9828309, 30.2766073 ], [ 78.9826375, 30.2768798 ], [ 78.9819045, 30.276915 ], [ 78.9815481, 30.2772139 ], [ 78.9820775, 30.2774953 ], [ 78.9823577, 30.2782781 ], [ 78.9823577, 30.2786484 ], [ 78.9827468, 30.2789638 ], [ 78.9828976, 30.2793821 ], [ 78.9831994, 30.2796701 ], [ 78.982715, 30.2802118 ], [ 78.9825879, 30.2804929 ], [ 78.9831358, 30.2814735 ], [ 78.9834164, 30.2819475 ], [ 78.9833444, 30.2824499 ], [ 78.9837393, 30.2829683 ], [ 78.9833899, 30.2836951 ], [ 78.9829532, 30.2840654 ], [ 78.9823815, 30.2844013 ], [ 78.9820573, 30.2851316 ], [ 78.9823687, 30.2855147 ], [ 78.9829232, 30.2855884 ], [ 78.9830981, 30.2857284 ], [ 78.9830085, 30.2861888 ], [ 78.9828337, 30.2863914 ], [ 78.9828337, 30.2868076 ], [ 78.9828337, 30.2873896 ], [ 78.9827259, 30.2876597 ] ] } },
{ "type": "Feature", "properties": { "alt_name": null, "area": null, "boat": null, "destination": null, "int_name": null, "intermittent": null, "layer": null, "name": null, "name:en": null, "name:hi": null, "name:kn": null, "name:ml": null, "plant:source": null, "power": null, "seasonal": null, "waterway": "stream", "wikipedia": null, "osm_id": 1061017695, "source": "OPEN_DATA", "tunnel": null }, "geometry": { "type": "LineString", "coordinates": [ [ 79.026125, 30.2583513 ], [ 79.024313, 30.2597389 ], [ 79.0235098, 30.2601907 ], [ 79.0233043, 30.2609813 ], [ 79.0214736, 30.2625786 ], [ 79.0202034, 30.2630304 ], [ 79.0195122, 30.2633692 ], [ 79.0193254, 30.264547 ], [ 79.0187277, 30.2651439 ], [ 79.0174882, 30.2650528 ], [ 79.0164198, 30.2648096 ], [ 79.0147302, 30.2648535 ], [ 79.01445, 30.2651923 ], [ 79.014345, 30.2661893 ], [ 79.0140764, 30.2668219 ], [ 79.0137962, 30.267322 ], [ 79.0120776, 30.267322 ], [ 79.0114612, 30.26829 ], [ 79.0102096, 30.2687095 ], [ 79.0092633, 30.2687035 ], [ 79.0086518, 30.2690649 ], [ 79.0080295, 30.2691853 ], [ 79.0074501, 30.2693614 ], [ 79.0070317, 30.2696301 ], [ 79.0067635, 30.269834 ], [ 79.0063773, 30.2698988 ], [ 79.0060125, 30.2702231 ], [ 79.0053366, 30.270844 ], [ 79.0056155, 30.2712424 ], [ 79.0052722, 30.2715574 ], [ 79.0049932, 30.2719559 ], [ 79.0042851, 30.2722802 ], [ 79.0045426, 30.2729751 ], [ 79.004725, 30.273179 ], [ 79.0041135, 30.2736886 ], [ 79.0035234, 30.2737534 ], [ 79.0026651, 30.27367 ], [ 79.0017857, 30.2738214 ], [ 79.0010558, 30.2739665 ], [ 79.0002296, 30.2740129 ], [ 78.9993499, 30.2738646 ], [ 78.9990924, 30.2737349 ], [ 78.9988778, 30.273355 ], [ 78.9990924, 30.2730307 ], [ 78.9991675, 30.2727713 ], [ 78.9990173, 30.2725211 ], [ 78.9981161, 30.2725211 ], [ 78.9974187, 30.2722524 ], [ 78.9971849, 30.2719322 ], [ 78.9966784, 30.2715296 ], [ 78.9965175, 30.2719095 ], [ 78.9961741, 30.2717706 ], [ 78.9957021, 30.2709737 ], [ 78.9955733, 30.2706679 ], [ 78.9952016, 30.270726 ], [ 78.9949568, 30.2708605 ], [ 78.9950136, 30.2710805 ], [ 78.9951586, 30.2712302 ], [ 78.9950143, 30.2713561 ], [ 78.9946185, 30.2712053 ], [ 78.994082, 30.2708069 ], [ 78.9934276, 30.2706864 ], [ 78.9929233, 30.2708347 ], [ 78.9927409, 30.2711281 ], [ 78.9924633, 30.2711085 ], [ 78.9922891, 30.271127 ], [ 78.9920435, 30.2711683 ], [ 78.9913247, 30.2710941 ], [ 78.9910243, 30.2710107 ], [ 78.9907883, 30.2709644 ], [ 78.9903377, 30.2711312 ], [ 78.9898763, 30.2713999 ], [ 78.9897435, 30.271543 ] ] } },
{ "type": "Feature", "properties": { "alt_name": null, "area": null, "boat": null, "destination": null, "int_name": null, "intermittent": null, "layer": null, "name": "Gadora Gad", "name:en": null, "name:hi": null, "name:kn": null, "name:ml": null, "plant:source": null, "power": null, "seasonal": null, "waterway": "stream", "wikipedia": null, "osm_id": 1058861777, "source": "OPEN_DATA", "tunnel": null }, "geometry": { "type": "LineString", "coordinates": [ [ 79.0284405, 30.2556304 ], [ 79.0296206, 30.2568166 ], [ 79.0301356, 30.2575209 ], [ 79.0305433, 30.2587998 ], [ 79.0328393, 30.2596894 ], [ 79.0334616, 30.2607458 ], [ 79.0342126, 30.2623027 ], [ 79.0346632, 30.2634147 ], [ 79.036251, 30.2645638 ], [ 79.0370664, 30.2656201 ], [ 79.0369544, 30.2658783 ], [ 79.0366633, 30.266184 ], [ 79.0355103, 30.2674504 ], [ 79.0357532, 30.2683716 ], [ 79.0353258, 30.2686179 ], [ 79.0348296, 30.2695841 ], [ 79.0349891, 30.270242 ], [ 79.0364549, 30.2715411 ], [ 79.0383711, 30.2713689 ], [ 79.0400366, 30.2712507 ], [ 79.0408958, 30.2716218 ], [ 79.0414376, 30.2723155 ], [ 79.042465, 30.2723316 ], [ 79.0431001, 30.2732028 ], [ 79.0452856, 30.2728801 ], [ 79.048125, 30.2744934 ], [ 79.0488722, 30.2752355 ], [ 79.0498622, 30.2757356 ], [ 79.0512446, 30.2766873 ], [ 79.0519918, 30.2780263 ], [ 79.051394, 30.2800912 ], [ 79.0515061, 30.2806558 ], [ 79.0513006, 30.2811397 ], [ 79.0507402, 30.2817688 ], [ 79.0509083, 30.2824786 ], [ 79.0503666, 30.2839304 ], [ 79.0509083, 30.2858822 ], [ 79.0501051, 30.2877856 ], [ 79.0503666, 30.2889308 ], [ 79.0498622, 30.2896244 ], [ 79.049937, 30.2902373 ], [ 79.0498809, 30.2904793 ], [ 79.0502358, 30.2908341 ], [ 79.0498062, 30.2920116 ], [ 79.0496381, 30.2932374 ], [ 79.0485173, 30.2944633 ], [ 79.048592, 30.2961891 ], [ 79.0487975, 30.2966407 ], [ 79.0495634, 30.2968826 ], [ 79.0498062, 30.2969471 ], [ 79.0503666, 30.2983826 ], [ 79.0508896, 30.2988664 ], [ 79.0511698, 30.2993341 ], [ 79.0517302, 30.3004147 ], [ 79.0527576, 30.300705 ], [ 79.0532558, 30.3007554 ] ] } },
{ "type": "Feature", "properties": { "alt_name": null, "area": null, "boat": null, "destination": null, "int_name": null, "intermittent": null, "layer": null, "name": null, "name:en": null, "name:hi": null, "name:kn": null, "name:ml": null, "plant:source": null, "power": null, "seasonal": null, "waterway": "stream", "wikipedia": null, "osm_id": 1124682479, "source": "OPEN_DATA", "tunnel": null }, "geometry": { "type": "LineString", "coordinates": [ [ 79.0151742, 30.2773103 ], [ 79.0149954, 30.2781739 ], [ 79.0144425, 30.2790306 ], [ 79.0132228, 30.2797749 ], [ 79.0127106, 30.2802243 ], [ 79.0123853, 30.2808773 ], [ 79.0118487, 30.2815233 ], [ 79.0111657, 30.2818533 ], [ 79.0103119, 30.2823237 ], [ 79.0096127, 30.2827942 ], [ 79.0097099, 30.2831816 ], [ 79.0101168, 30.2836508 ], [ 79.0099379, 30.2838684 ], [ 79.0090923, 30.2854342 ], [ 79.0091573, 30.2863118 ], [ 79.0088484, 30.2866699 ], [ 79.009011, 30.2869367 ], [ 79.009076, 30.2871825 ], [ 79.0090575, 30.2872224 ] ] } },
{ "type": "Feature", "properties": { "alt_name": null, "area": null, "boat": null, "destination": null, "int_name": null, "intermittent": null, "layer": "-1", "name": null, "name:en": null, "name:hi": null, "name:kn": null, "name:ml": null, "plant:source": null, "power": null, "seasonal": null, "waterway": "stream", "wikipedia": null, "osm_id": 1124682480, "source": "OPEN_DATA", "tunnel": "culvert" }, "geometry": { "type": "LineString", "coordinates": [ [ 79.0090575, 30.2872224 ], [ 79.0090087, 30.2873278 ] ] } },
{ "type": "Feature", "properties": { "alt_name": null, "area": null, "boat": null, "destination": null, "int_name": null, "intermittent": null, "layer": null, "name": null, "name:en": null, "name:hi": null, "name:kn": null, "name:ml": null, "plant:source": null, "power": null, "seasonal": null, "waterway": "stream", "wikipedia": null, "osm_id": 229030337, "source": "OPEN_DATA", "tunnel": null }, "geometry": { "type": "LineString", "coordinates": [ [ 79.028821, 30.2728557 ], [ 79.0289926, 30.2734672 ], [ 79.0288424, 30.2745976 ], [ 79.0291643, 30.2752462 ], [ 79.0299582, 30.2759875 ], [ 79.0307092, 30.2764508 ], [ 79.0312671, 30.2771549 ], [ 79.0316319, 30.2776367 ], [ 79.0331769, 30.2788783 ], [ 79.0337562, 30.279953 ], [ 79.0344, 30.2809351 ], [ 79.0347433, 30.2823805 ], [ 79.0346575, 30.2846781 ], [ 79.0348077, 30.2856787 ], [ 79.0346145, 30.2861975 ], [ 79.0340996, 30.2882542 ], [ 79.0337991, 30.2893289 ], [ 79.0328765, 30.2907 ], [ 79.0311813, 30.2929975 ], [ 79.0300226, 30.2942018 ], [ 79.0291643, 30.2952393 ], [ 79.0289283, 30.2961101 ], [ 79.0286573, 30.2971615 ], [ 79.0285608, 30.2973375 ], [ 79.0285956, 30.2976201 ], [ 79.0285688, 30.2978864 ], [ 79.0285581, 30.2982453 ], [ 79.0286386, 30.2983797 ], [ 79.0286439, 30.2986506 ], [ 79.0286842, 30.2989771 ], [ 79.0284454, 30.2992134 ], [ 79.0281735, 30.2994425 ], [ 79.0278688, 30.2996534 ], [ 79.0276032, 30.2998062 ], [ 79.0274369, 30.2999706 ], [ 79.0273833, 30.3000471 ], [ 79.027276, 30.3003319 ], [ 79.0271499, 30.3006422 ], [ 79.0271553, 30.3008159 ], [ 79.0271633, 30.3010197 ], [ 79.0271607, 30.3011447 ], [ 79.0270668, 30.3012327 ], [ 79.0269488, 30.3013439 ], [ 79.0268844, 30.3014944 ], [ 79.0268254, 30.3016866 ], [ 79.0266376, 30.3018441 ], [ 79.0263292, 30.3019877 ], [ 79.0260931, 30.3022355 ], [ 79.0259859, 30.3024508 ], [ 79.0259805, 30.302599 ], [ 79.0259966, 30.3027565 ], [ 79.0258557, 30.302957 ] ] } },
{ "type": "Feature", "properties": { "alt_name": null, "area": null, "boat": null, "destination": null, "int_name": null, "intermittent": null, "layer": null, "name": null, "name:en": null, "name:hi": null, "name:kn": null, "name:ml": null, "plant:source": null, "power": null, "seasonal": null, "waterway": "stream", "wikipedia": null, "osm_id": 1124682476, "source": "OPEN_DATA", "tunnel": null }, "geometry": { "type": "LineString", "coordinates": [ [ 79.0090087, 30.2873278 ], [ 79.0088972, 30.2875686 ], [ 79.0086237, 30.2880089 ], [ 79.0084941, 30.2885024 ], [ 79.0079445, 30.2889856 ], [ 79.0077073, 30.2893552 ], [ 79.0076224, 30.2902008 ], [ 79.0081775, 30.2910292 ], [ 79.0082873, 30.2913319 ], [ 79.0082873, 30.2920059 ], [ 79.0082629, 30.2925184 ], [ 79.0081654, 30.2929326 ], [ 79.0079702, 30.2933117 ], [ 79.0073929, 30.2936628 ], [ 79.0062953, 30.2939647 ], [ 79.0053683, 30.2943789 ], [ 79.0051325, 30.2949265 ], [ 79.0048967, 30.2954741 ], [ 79.0047504, 30.2960217 ], [ 79.0048317, 30.296478 ], [ 79.0044577, 30.2968501 ], [ 79.0041568, 30.2970256 ], [ 79.0042056, 30.2973205 ], [ 79.0039779, 30.2976504 ], [ 79.003482, 30.2983525 ], [ 79.0034494, 30.2984999 ], [ 79.0034977, 30.2988612 ], [ 79.0035674, 30.2992132 ], [ 79.0036855, 30.2995189 ], [ 79.0037123, 30.3000144 ], [ 79.0042273, 30.3004915 ], [ 79.0046135, 30.3008203 ], [ 79.0045223, 30.3012742 ], [ 79.0042219, 30.3016401 ], [ 79.0042191, 30.3017969 ] ] } },
{ "type": "Feature", "properties": { "alt_name": null, "area": null, "boat": null, "destination": null, "int_name": null, "intermittent": null, "layer": null, "name": null, "name:en": null, "name:hi": null, "name:kn": null, "name:ml": null, "plant:source": null, "power": null, "seasonal": null, "waterway": "stream", "wikipedia": null, "osm_id": 1065901565, "source": "OPEN_DATA", "tunnel": null }, "geometry": { "type": "LineString", "coordinates": [ [ 79.0156383, 30.3115724 ], [ 79.0157526, 30.3114697 ], [ 79.0160768, 30.3109593 ], [ 79.0164821, 30.3106588 ], [ 79.0167682, 30.3101936 ], [ 79.016711, 30.3098149 ], [ 79.0167969, 30.3092303 ], [ 79.0167396, 30.3090945 ], [ 79.0164488, 30.3085552 ], [ 79.0161913, 30.30837 ], [ 79.0156048, 30.3079089 ], [ 79.0155237, 30.3077072 ], [ 79.0156429, 30.3072461 ], [ 79.0158861, 30.3068097 ], [ 79.0160578, 30.3064351 ], [ 79.0163629, 30.3059082 ], [ 79.0164249, 30.3052248 ], [ 79.0164496, 30.3051417 ], [ 79.016568, 30.3047431 ], [ 79.0166157, 30.3043973 ], [ 79.0164774, 30.3041709 ], [ 79.0162962, 30.3037963 ], [ 79.0157764, 30.3036439 ], [ 79.0157192, 30.3032487 ], [ 79.0150993, 30.302837 ], [ 79.0146034, 30.30273 ], [ 79.0145223, 30.3023883 ], [ 79.0142219, 30.3021701 ], [ 79.0141647, 30.3019478 ], [ 79.0139931, 30.3017914 ], [ 79.013521, 30.3018078 ], [ 79.0130394, 30.3016843 ], [ 79.0127471, 30.3015585 ], [ 79.0125721, 30.3011326 ], [ 79.0121382, 30.3009556 ], [ 79.0117281, 30.3008897 ], [ 79.0114229, 30.3011652 ] ] } },
{ "type": "Feature", "properties": { "alt_name": null, "area": null, "boat": null, "destination": null, "int_name": null, "intermittent": null, "layer": "-1", "name": null, "name:en": null, "name:hi": null, "name:kn": null, "name:ml": null, "plant:source": null, "power": null, "seasonal": null, "waterway": "stream", "wikipedia": null, "osm_id": 1065901567, "source": "OPEN_DATA", "tunnel": "culvert" }, "geometry": { "type": "LineString", "coordinates": [ [ 79.0155413, 30.3116614 ], [ 79.0156383, 30.3115724 ] ] } },
{ "type": "Feature", "properties": { "alt_name": null, "area": null, "boat": null, "destination": null, "int_name": null, "intermittent": null, "layer": null, "name": null, "name:en": null, "name:hi": null, "name:kn": null, "name:ml": null, "plant:source": null, "power": null, "seasonal": null, "waterway": "stream", "wikipedia": null, "osm_id": 1065901566, "source": "OPEN_DATA", "tunnel": null }, "geometry": { "type": "LineString", "coordinates": [ [ 79.0142601, 30.3132234 ], [ 79.0145557, 30.3127541 ], [ 79.0148323, 30.3123795 ], [ 79.0149992, 30.3119555 ], [ 79.0153997, 30.3117867 ], [ 79.0155413, 30.3116614 ] ] } },
{ "type": "Feature", "properties": { "alt_name": null, "area": null, "boat": null, "destination": null, "int_name": null, "intermittent": null, "layer": null, "name": "Dhumeli Gadhera", "name:en": null, "name:hi": null, "name:kn": null, "name:ml": null, "plant:source": null, "power": null, "seasonal": null, "waterway": "stream", "wikipedia": null, "osm_id": 228920866, "source": "OPEN_DATA", "tunnel": null }, "geometry": { "type": "LineString", "coordinates": [ [ 79.0291589, 30.319917 ], [ 79.0292716, 30.3197688 ], [ 79.0293644, 30.3196182 ], [ 79.0294995, 30.3195234 ], [ 79.0296498, 30.3193497 ], [ 79.02969, 30.3192039 ], [ 79.0297463, 30.3190904 ], [ 79.0297463, 30.3189468 ], [ 79.0297275, 30.318757 ], [ 79.0297463, 30.3185347 ], [ 79.0297785, 30.3184282 ], [ 79.0297973, 30.3183333 ], [ 79.029867, 30.3182198 ], [ 79.03, 30.3181803 ], [ 79.0301138, 30.3181017 ], [ 79.0302211, 30.3180045 ], [ 79.0302425, 30.3179142 ], [ 79.0301985, 30.3177288 ], [ 79.0301138, 30.3175808 ], [ 79.0300226, 30.3174882 ], [ 79.0299421, 30.3173492 ], [ 79.0298456, 30.3172057 ], [ 79.0298053, 30.317127 ], [ 79.0298777, 30.3169533 ], [ 79.0298456, 30.3168213 ], [ 79.0297892, 30.3166963 ], [ 79.0298026, 30.3165782 ], [ 79.0299555, 30.3165064 ], [ 79.0301326, 30.316474 ], [ 79.03039, 30.3163814 ], [ 79.0305392, 30.3163188 ], [ 79.0306341, 30.3162795 ], [ 79.0305, 30.3161429 ], [ 79.0304705, 30.3160619 ], [ 79.0304839, 30.3159206 ], [ 79.0304839, 30.3157933 ], [ 79.0305161, 30.3156659 ], [ 79.0305445, 30.315527 ], [ 79.0306504, 30.3153734 ], [ 79.0306608, 30.3153418 ], [ 79.0306694, 30.3153155 ], [ 79.0306493, 30.3152749 ], [ 79.0306392, 30.3152305 ], [ 79.0304814, 30.3150874 ], [ 79.0305793, 30.3149995 ], [ 79.0306426, 30.3149486 ], [ 79.0307264, 30.3148869 ], [ 79.0307879, 30.3148125 ], [ 79.0308528, 30.314745 ], [ 79.0309769, 30.3147179 ], [ 79.0311905, 30.3147083 ], [ 79.0313515, 30.3146417 ], [ 79.0314935, 30.3146205 ], [ 79.0316903, 30.3147112 ], [ 79.0319598, 30.314799 ], [ 79.0320738, 30.3147894 ], [ 79.0321979, 30.3147237 ], [ 79.0322818, 30.3145925 ], [ 79.0322896, 30.3145181 ], [ 79.0322628, 30.3143618 ], [ 79.0322874, 30.3142257 ], [ 79.0324182, 30.3140567 ], [ 79.0325893, 30.3138685 ], [ 79.0325725, 30.3137855 ], [ 79.0324305, 30.313715 ], [ 79.0323455, 30.3136465 ], [ 79.0323511, 30.3135818 ], [ 79.0323869, 30.3134332 ], [ 79.0322908, 30.3132758 ], [ 79.0320626, 30.3130866 ], [ 79.0318714, 30.3129418 ], [ 79.0317965, 30.3127497 ], [ 79.0317563, 30.3126146 ], [ 79.0317596, 30.3125509 ], [ 79.0318055, 30.3124987 ], [ 79.0320146, 30.3124428 ], [ 79.0321197, 30.3123617 ], [ 79.0322114, 30.312242 ], [ 79.0322516, 30.3122014 ], [ 79.0322717, 30.3120451 ], [ 79.032274, 30.3120064 ], [ 79.0322449, 30.3118916 ], [ 79.0321979, 30.3118578 ], [ 79.0321901, 30.3117651 ], [ 79.0321834, 30.3117352 ], [ 79.0320995, 30.3116329 ], [ 79.0320928, 30.3115412 ], [ 79.0321264, 30.3115267 ], [ 79.0320392, 30.3114514 ], [ 79.0320481, 30.3113809 ], [ 79.0321387, 30.3113597 ], [ 79.0321756, 30.3113269 ], [ 79.0321845, 30.3112439 ], [ 79.0321599, 30.311074 ], [ 79.0321991, 30.3109572 ], [ 79.0323221, 30.310405 ], [ 79.0324227, 30.3102892 ], [ 79.0326229, 30.3102148 ], [ 79.0328141, 30.3102361 ], [ 79.0330164, 30.3102573 ], [ 79.0330958, 30.3102158 ], [ 79.0331954, 30.3100951 ], [ 79.0334045, 30.3100845 ], [ 79.0335152, 30.3101019 ], [ 79.0336258, 30.3100478 ], [ 79.0337052, 30.3100671 ], [ 79.0337679, 30.3100575 ], [ 79.033779, 30.3099841 ], [ 79.0338193, 30.3098596 ], [ 79.033892, 30.309819 ], [ 79.0340004, 30.3097891 ], [ 79.0340407, 30.3097283 ], [ 79.0340105, 30.3096549 ], [ 79.0340295, 30.3095053 ], [ 79.0341078, 30.3093982 ], [ 79.034119, 30.30929 ], [ 79.03411, 30.3092234 ], [ 79.0341637, 30.3090642 ], [ 79.0343426, 30.3088344 ], [ 79.0343571, 30.3087427 ], [ 79.034346, 30.308652 ], [ 79.0342766, 30.3085767 ], [ 79.0341928, 30.3085313 ], [ 79.0341592, 30.3084599 ], [ 79.0341782, 30.3083286 ], [ 79.0342464, 30.3079724 ], [ 79.0343068, 30.3078806 ], [ 79.0344891, 30.3078816 ], [ 79.034925, 30.3078319 ] ] } },
{ "type": "Feature", "properties": { "alt_name": null, "area": null, "boat": null, "destination": null, "int_name": null, "intermittent": null, "layer": null, "name": null, "name:en": null, "name:hi": null, "name:kn": null, "name:ml": null, "plant:source": null, "power": null, "seasonal": null, "waterway": "stream", "wikipedia": null, "osm_id": 1074717654, "source": "OPEN_DATA", "tunnel": null }, "geometry": { "type": "LineString", "coordinates": [ [ 79.0501925, 30.3264265 ], [ 79.0511713, 30.3252684 ], [ 79.0511337, 30.3245392 ], [ 79.050849, 30.3238575 ], [ 79.0510727, 30.3233233 ], [ 79.0506863, 30.3224522 ], [ 79.0517592, 30.3207296 ], [ 79.0523493, 30.3201091 ], [ 79.052639, 30.319183 ], [ 79.0526712, 30.3175715 ], [ 79.0527677, 30.3169139 ], [ 79.0523171, 30.3157284 ], [ 79.0520949, 30.3151703 ], [ 79.0519631, 30.3148393 ], [ 79.0518772, 30.3143762 ], [ 79.0513408, 30.3138575 ], [ 79.0510297, 30.31345 ], [ 79.0512657, 30.3117828 ], [ 79.0515876, 30.3097266 ], [ 79.0509224, 30.3090597 ], [ 79.0493072, 30.3092122 ] ] } },
{ "type": "Feature", "properties": { "alt_name": null, "area": null, "boat": null, "destination": null, "int_name": null, "intermittent": null, "layer": "-1", "name": null, "name:en": null, "name:hi": null, "name:kn": null, "name:ml": null, "plant:source": null, "power": null, "seasonal": null, "waterway": "stream", "wikipedia": null, "osm_id": 228920893, "source": "OPEN_DATA", "tunnel": "culvert" }, "geometry": { "type": "LineString", "coordinates": [ [ 79.0291348, 30.3200189 ], [ 79.0291589, 30.319917 ] ] } },
{ "type": "Feature", "properties": { "alt_name": null, "area": null, "boat": null, "destination": null, "int_name": null, "intermittent": null, "layer": null, "name": null, "name:en": null, "name:hi": null, "name:kn": null, "name:ml": null, "plant:source": null, "power": null, "seasonal": null, "waterway": "stream", "wikipedia": null, "osm_id": 1254358688, "source": "OPEN_DATA", "tunnel": null }, "geometry": { "type": "LineString", "coordinates": [ [ 79.0242973, 30.3272062 ], [ 79.0245575, 30.3271237 ], [ 79.0246428, 30.3270623 ], [ 79.0247303, 30.3269009 ], [ 79.0248502, 30.3268097 ], [ 79.0251998, 30.3268518 ], [ 79.0254254, 30.3266956 ], [ 79.0253767, 30.3265289 ], [ 79.025455, 30.3263342 ], [ 79.0255197, 30.326305 ], [ 79.0256707, 30.3263156 ], [ 79.0258956, 30.3264326 ], [ 79.0259696, 30.3263582 ], [ 79.0260435, 30.3261986 ], [ 79.0259819, 30.325805 ], [ 79.0262099, 30.3254805 ], [ 79.0264009, 30.3253662 ], [ 79.026746, 30.3255204 ], [ 79.0269462, 30.3252944 ], [ 79.0272913, 30.3251428 ], [ 79.0276426, 30.3250098 ], [ 79.0277381, 30.3245471 ], [ 79.0278983, 30.324337 ], [ 79.0284159, 30.3240551 ], [ 79.0285422, 30.3239354 ], [ 79.0286377, 30.3237279 ], [ 79.0287394, 30.3235684 ], [ 79.0289218, 30.3233831 ] ] } },
{ "type": "Feature", "properties": { "alt_name": null, "area": null, "boat": null, "destination": null, "int_name": null, "intermittent": null, "layer": null, "name": null, "name:en": null, "name:hi": null, "name:kn": null, "name:ml": null, "plant:source": null, "power": null, "seasonal": null, "waterway": "stream", "wikipedia": null, "osm_id": 1254105380, "source": "OPEN_DATA", "tunnel": null }, "geometry": { "type": "LineString", "coordinates": [ [ 79.0138763, 30.3451558 ], [ 79.0143246, 30.3451276 ], [ 79.0148196, 30.345047 ], [ 79.0154547, 30.3446198 ], [ 79.0154921, 30.343983 ], [ 79.0156182, 30.3434954 ], [ 79.0151325, 30.342907 ], [ 79.0149877, 30.3426087 ], [ 79.0148118, 30.3422837 ], [ 79.0145852, 30.3416422 ], [ 79.0148118, 30.3410191 ], [ 79.0148609, 30.3405617 ], [ 79.0147268, 30.3399928 ], [ 79.013573, 30.3396446 ], [ 79.0131908, 30.339498 ], [ 79.0130351, 30.3393086 ], [ 79.012936, 30.3390826 ], [ 79.0131837, 30.3388138 ], [ 79.0134385, 30.3386427 ], [ 79.0135235, 30.3385694 ], [ 79.0135306, 30.3383373 ], [ 79.0130017, 30.3376883 ], [ 79.0134265, 30.3373706 ], [ 79.0136421, 30.3368546 ], [ 79.0128885, 30.3362221 ], [ 79.0130442, 30.3358311 ], [ 79.0133274, 30.3354157 ], [ 79.013299, 30.334988 ], [ 79.0132849, 30.3346581 ], [ 79.0131008, 30.3343527 ], [ 79.012846, 30.3341449 ], [ 79.0122798, 30.3337906 ], [ 79.0122514, 30.3335829 ], [ 79.0123364, 30.3333018 ], [ 79.0126761, 30.3330453 ], [ 79.0130867, 30.3326298 ], [ 79.0134548, 30.3320067 ], [ 79.0136671, 30.3317012 ], [ 79.0137096, 30.3312735 ], [ 79.0129876, 30.3302838 ], [ 79.0132566, 30.3290496 ], [ 79.0134406, 30.3285364 ], [ 79.0136246, 30.328121 ], [ 79.013653, 30.3277544 ], [ 79.0137237, 30.3275466 ], [ 79.0140777, 30.3270701 ], [ 79.0143608, 30.3267035 ], [ 79.0144198, 30.3263841 ], [ 79.0144198, 30.326009 ], [ 79.0144627, 30.3255645 ], [ 79.0147363, 30.3251616 ], [ 79.0149562, 30.3250181 ], [ 79.0153371, 30.3250273 ], [ 79.0154712, 30.3248051 ], [ 79.0153049, 30.32443 ], [ 79.0154122, 30.3241244 ], [ 79.0156053, 30.3240179 ], [ 79.0157126, 30.3241105 ], [ 79.0158467, 30.3242448 ], [ 79.0160398, 30.3242818 ], [ 79.0161364, 30.3243143 ], [ 79.0161739, 30.3238697 ], [ 79.0158521, 30.3233789 ], [ 79.015836, 30.323027 ], [ 79.0161525, 30.32255 ], [ 79.0168713, 30.3223324 ], [ 79.0177242, 30.3222352 ], [ 79.0182714, 30.3220916 ], [ 79.0185075, 30.3219944 ], [ 79.0185075, 30.3214804 ], [ 79.0185235, 30.3203273 ], [ 79.0186523, 30.3200032 ], [ 79.0189956, 30.3200449 ], [ 79.0192102, 30.3202162 ], [ 79.0192585, 30.3207441 ], [ 79.0198325, 30.3210127 ], [ 79.0202241, 30.3209664 ], [ 79.0205781, 30.3205542 ], [ 79.0210395, 30.320633 ], [ 79.0216886, 30.3205589 ], [ 79.0221982, 30.3202347 ], [ 79.0227024, 30.3203829 ], [ 79.0233622, 30.3204014 ], [ 79.0236519, 30.3201329 ], [ 79.02394, 30.3200002 ], [ 79.0245515, 30.3203383 ], [ 79.0249431, 30.320931 ], [ 79.025222, 30.3209819 ], [ 79.0255064, 30.3209264 ], [ 79.0258121, 30.3208986 ], [ 79.0260804, 30.3207226 ], [ 79.0273303, 30.3202271 ], [ 79.0275017, 30.3199279 ], [ 79.0274522, 30.3197492 ], [ 79.0272876, 30.3195796 ], [ 79.0271301, 30.3195338 ], [ 79.0269868, 30.3195415 ], [ 79.0267549, 30.3195109 ], [ 79.0266541, 30.3193154 ], [ 79.0266718, 30.3192619 ], [ 79.0267555, 30.3191289 ], [ 79.0268098, 30.3188403 ], [ 79.0270115, 30.3186814 ], [ 79.0273265, 30.3184645 ], [ 79.0274221, 30.3182751 ], [ 79.0271814, 30.3179543 ], [ 79.0271496, 30.3178535 ], [ 79.0279211, 30.3172944 ], [ 79.0279105, 30.3171783 ], [ 79.0278574, 30.317053 ], [ 79.0279034, 30.3168392 ], [ 79.0277654, 30.3164481 ], [ 79.0281158, 30.3162312 ], [ 79.0283069, 30.3161609 ], [ 79.0285688, 30.3160968 ], [ 79.0288661, 30.3158035 ], [ 79.0294111, 30.3157179 ], [ 79.0298606, 30.3157026 ], [ 79.0303111, 30.3155266 ], [ 79.0304859, 30.3154967 ], [ 79.0306608, 30.3153418 ] ] } },
{ "type": "Feature", "properties": { "alt_name": null, "area": null, "boat": null, "destination": null, "int_name": null, "intermittent": null, "layer": null, "name": null, "name:en": null, "name:hi": null, "name:kn": null, "name:ml": null, "plant:source": null, "power": null, "seasonal": null, "waterway": "stream", "wikipedia": null, "osm_id": 1065901560, "source": "OPEN_DATA", "tunnel": null }, "geometry": { "type": "LineString", "coordinates": [ [ 79.0553952, 30.3453132 ], [ 79.0552108, 30.3453271 ], [ 79.054874, 30.3452371 ], [ 79.0542645, 30.3451817 ], [ 79.0537352, 30.3450641 ], [ 79.052797, 30.3448911 ], [ 79.0522276, 30.3447111 ], [ 79.0506456, 30.3446917 ], [ 79.0495491, 30.3447181 ], [ 79.0491481, 30.3447596 ], [ 79.0479532, 30.344981 ], [ 79.0473598, 30.344552 ], [ 79.0468546, 30.3442128 ], [ 79.0465097, 30.3437699 ], [ 79.046189, 30.3434515 ], [ 79.045788, 30.3430847 ], [ 79.0456116, 30.3429671 ], [ 79.0452239, 30.3427868 ], [ 79.0448877, 30.342628 ], [ 79.0442082, 30.3422127 ], [ 79.0435265, 30.3420397 ], [ 79.0430525, 30.341972 ], [ 79.0424599, 30.3418874 ], [ 79.042059, 30.3417075 ], [ 79.0418184, 30.3415691 ], [ 79.0418665, 30.3411053 ], [ 79.041674, 30.3407455 ], [ 79.04165, 30.3404063 ], [ 79.0415618, 30.340171 ], [ 79.0411528, 30.3399357 ], [ 79.0410149, 30.3396584 ], [ 79.0407479, 30.3392633 ], [ 79.0401852, 30.3389299 ], [ 79.039985, 30.3385925 ], [ 79.0399945, 30.3383702 ], [ 79.0402377, 30.3382468 ], [ 79.040395, 30.3381274 ], [ 79.0402806, 30.3379628 ], [ 79.0405524, 30.3379669 ], [ 79.0407622, 30.3379258 ], [ 79.041096, 30.3375801 ], [ 79.0412009, 30.3373579 ], [ 79.0410197, 30.3369134 ], [ 79.0409142, 30.3367354 ], [ 79.0414458, 30.3363873 ], [ 79.0415361, 30.3358034 ], [ 79.0414965, 30.3355224 ], [ 79.041363, 30.3352713 ], [ 79.0410621, 30.3351089 ], [ 79.040786, 30.3348639 ], [ 79.0405858, 30.3349256 ], [ 79.0404904, 30.3350122 ], [ 79.0398085, 30.3349233 ], [ 79.0395394, 30.3348659 ], [ 79.0395077, 30.3347197 ], [ 79.039395, 30.3345218 ], [ 79.0392127, 30.3341514 ], [ 79.0391982, 30.3335147 ], [ 79.0390661, 30.333211 ], [ 79.0398536, 30.3326185 ], [ 79.0402281, 30.332588 ], [ 79.0405384, 30.3325291 ], [ 79.0407788, 30.3324615 ], [ 79.0409863, 30.3323081 ], [ 79.0410905, 30.3321488 ], [ 79.0409507, 30.3318791 ], [ 79.0407484, 30.3316275 ], [ 79.0406164, 30.331437 ], [ 79.0405953, 30.3313533 ], [ 79.0405238, 30.3311804 ], [ 79.040333, 30.3310364 ], [ 79.040333, 30.3309458 ], [ 79.0403712, 30.3307153 ], [ 79.0402663, 30.3306125 ], [ 79.0401471, 30.3303984 ], [ 79.0400326, 30.3302626 ], [ 79.0399754, 30.3299581 ], [ 79.039825, 30.3296851 ], [ 79.0401604, 30.329416 ], [ 79.0403809, 30.3291398 ], [ 79.0404059, 30.3288835 ], [ 79.0402146, 30.3287574 ], [ 79.0401091, 30.3285297 ], [ 79.0399892, 30.3282903 ], [ 79.0398526, 30.3281307 ], [ 79.0396937, 30.3280426 ], [ 79.0396882, 30.3279543 ], [ 79.0395873, 30.3278819 ], [ 79.0396195, 30.3276295 ], [ 79.0393149, 30.3274077 ], [ 79.0390955, 30.3272296 ], [ 79.0390339, 30.3269081 ], [ 79.0390746, 30.3266328 ], [ 79.0390249, 30.3264527 ], [ 79.0390645, 30.3261058 ], [ 79.0390059, 30.3259425 ], [ 79.038946, 30.3258019 ], [ 79.0388768, 30.3256576 ], [ 79.0387988, 30.3255439 ], [ 79.038709, 30.3254633 ], [ 79.038659, 30.325415 ], [ 79.0385726, 30.3253466 ], [ 79.0384637, 30.3252803 ], [ 79.0383095, 30.3251845 ], [ 79.038095, 30.3250765 ], [ 79.0377884, 30.3248065 ], [ 79.0374922, 30.3245314 ], [ 79.037505, 30.3244081 ], [ 79.0374676, 30.3243114 ], [ 79.0373988, 30.3242566 ], [ 79.0373662, 30.3241121 ], [ 79.0374322, 30.3239678 ], [ 79.0374634, 30.3237176 ], [ 79.0372833, 30.3234792 ], [ 79.0372072, 30.3231675 ], [ 79.0371768, 30.3228771 ], [ 79.037028, 30.3227116 ], [ 79.0369504, 30.3224953 ], [ 79.036868, 30.322316 ], [ 79.0367425, 30.3220226 ], [ 79.0366566, 30.3218827 ], [ 79.0365105, 30.3217124 ], [ 79.0363467, 30.3215904 ], [ 79.0362561, 30.3214587 ], [ 79.0362561, 30.3212694 ], [ 79.0362183, 30.3211694 ], [ 79.0362609, 30.3211006 ], [ 79.0362942, 30.320903 ], [ 79.0362513, 30.3207795 ], [ 79.0362847, 30.3206643 ], [ 79.0362466, 30.3205367 ], [ 79.0362006, 30.3204027 ], [ 79.0362561, 30.3201374 ], [ 79.0364134, 30.3200304 ], [ 79.0366747, 30.3195965 ], [ 79.0366748, 30.3193991 ], [ 79.0366149, 30.3192832 ], [ 79.0365137, 30.3191173 ], [ 79.0364463, 30.3189689 ], [ 79.0362979, 30.3187593 ], [ 79.0360234, 30.3186353 ], [ 79.0359203, 30.3185352 ], [ 79.0354921, 30.3183344 ], [ 79.0351245, 30.3181073 ], [ 79.0349324, 30.3181248 ], [ 79.0347503, 30.3181248 ], [ 79.0345277, 30.3179123 ], [ 79.0345267, 30.3177789 ], [ 79.0347357, 30.3175141 ], [ 79.0347661, 30.3173191 ], [ 79.0347492, 30.3171823 ], [ 79.0345166, 30.3168475 ], [ 79.0341963, 30.3169057 ], [ 79.0340007, 30.3167806 ], [ 79.0337647, 30.316507 ], [ 79.0335556, 30.3164313 ], [ 79.0330532, 30.3164924 ], [ 79.0329285, 30.3167107 ], [ 79.0329757, 30.3168854 ], [ 79.0329892, 30.3170309 ], [ 79.0327801, 30.3171153 ], [ 79.03248, 30.3171648 ], [ 79.0320855, 30.3171153 ], [ 79.0319406, 30.317092 ], [ 79.0316809, 30.3167631 ], [ 79.0316405, 30.3165914 ], [ 79.0313977, 30.3164924 ], [ 79.0310504, 30.316408 ], [ 79.0308785, 30.3164022 ], [ 79.0307132, 30.3163615 ], [ 79.0306341, 30.3162795 ] ] } },
{ "type": "Feature", "properties": { "alt_name": null, "area": null, "boat": null, "destination": null, "int_name": null, "intermittent": null, "layer": null, "name": "Dhumeli Gadhera", "name:en": null, "name:hi": null, "name:kn": null, "name:ml": null, "plant:source": null, "power": null, "seasonal": null, "waterway": "stream", "wikipedia": null, "osm_id": 228920864, "source": "OPEN_DATA", "tunnel": null }, "geometry": { "type": "LineString", "coordinates": [ [ 79.0295535, 30.3471878 ], [ 79.0299183, 30.3466971 ], [ 79.0298539, 30.3461045 ], [ 79.0297359, 30.3455397 ], [ 79.0293926, 30.3442527 ], [ 79.0296715, 30.3439379 ], [ 79.0296393, 30.3436324 ], [ 79.0289742, 30.3431139 ], [ 79.0285772, 30.3422805 ], [ 79.028781, 30.3419009 ], [ 79.0290278, 30.3411324 ], [ 79.0295857, 30.3410398 ], [ 79.0301712, 30.3407142 ], [ 79.0297796, 30.3405337 ], [ 79.0295704, 30.3403902 ], [ 79.0295382, 30.3400707 ], [ 79.0296562, 30.339904 ], [ 79.030021, 30.339617 ], [ 79.0307023, 30.3391494 ], [ 79.0306808, 30.338779 ], [ 79.0308579, 30.338654 ], [ 79.0312012, 30.338654 ], [ 79.0314319, 30.3380058 ], [ 79.0318556, 30.3378067 ], [ 79.0320434, 30.3376169 ], [ 79.0321185, 30.3371586 ], [ 79.0320756, 30.33689 ], [ 79.0320166, 30.3366308 ], [ 79.0321795, 30.336419 ], [ 79.032456, 30.3361734 ], [ 79.0324722, 30.3360541 ], [ 79.0320405, 30.3354751 ], [ 79.031757, 30.3349326 ], [ 79.0316831, 30.3342944 ], [ 79.0317324, 30.3336615 ], [ 79.0320546, 30.333153 ], [ 79.0323658, 30.3323104 ], [ 79.0321405, 30.3320974 ], [ 79.031883, 30.3317177 ], [ 79.031604, 30.3311251 ], [ 79.0316362, 30.3309491 ], [ 79.03125, 30.3305694 ], [ 79.0311427, 30.3302453 ], [ 79.0305848, 30.3296064 ], [ 79.0302415, 30.3290415 ], [ 79.0303809, 30.3286155 ], [ 79.0299625, 30.3273468 ], [ 79.0299089, 30.3265781 ], [ 79.0294904, 30.3263744 ], [ 79.0295012, 30.3259484 ], [ 79.0297694, 30.325791 ], [ 79.0298981, 30.3255687 ], [ 79.0298016, 30.3250686 ], [ 79.029587, 30.3249019 ], [ 79.02919, 30.3248093 ], [ 79.0289647, 30.3246704 ], [ 79.0288896, 30.3244574 ], [ 79.0290398, 30.3241333 ], [ 79.0291042, 30.3236147 ], [ 79.0289218, 30.3233831 ], [ 79.0286965, 30.323022 ], [ 79.0287716, 30.3225867 ], [ 79.0287287, 30.3223459 ], [ 79.0288062, 30.3220194 ], [ 79.0283972, 30.3213455 ], [ 79.0284293, 30.3212344 ], [ 79.0283864, 30.3211325 ], [ 79.0284052, 30.3210144 ], [ 79.0285152, 30.320945 ], [ 79.0286171, 30.3208362 ], [ 79.0285983, 30.3207065 ], [ 79.0285179, 30.3206486 ], [ 79.0285071, 30.3205884 ], [ 79.0286144, 30.3204727 ], [ 79.0287083, 30.3203754 ], [ 79.0287807, 30.3201879 ], [ 79.0288601, 30.3201507 ], [ 79.0289459, 30.3201669 ], [ 79.0290666, 30.3201878 ], [ 79.0291053, 30.3201416 ], [ 79.0291106, 30.3200837 ], [ 79.0291348, 30.3200189 ] ] } },
{ "type": "Feature", "properties": { "alt_name": null, "area": null, "boat": null, "destination": null, "int_name": null, "intermittent": null, "layer": null, "name": null, "name:en": null, "name:hi": null, "name:kn": null, "name:ml": null, "plant:source": null, "power": null, "seasonal": null, "waterway": "stream", "wikipedia": null, "osm_id": 1530304836, "source": "OPEN_DATA", "tunnel": null }, "geometry": { "type": "LineString", "coordinates": [ [ 79.0593339, 30.3422004 ], [ 79.0584001, 30.3418922 ], [ 79.0574319, 30.3413589 ], [ 79.0566011, 30.3408078 ], [ 79.0564088, 30.3405648 ], [ 79.056196, 30.3402744 ], [ 79.0559213, 30.3401204 ], [ 79.0555643, 30.3401678 ], [ 79.0553033, 30.3402863 ], [ 79.0548982, 30.3403278 ], [ 79.0545686, 30.3401618 ], [ 79.0543008, 30.3398122 ], [ 79.0537584, 30.3397292 ], [ 79.0535387, 30.3396285 ], [ 79.0532709, 30.3396581 ], [ 79.052852, 30.3395396 ], [ 79.0526117, 30.3394211 ], [ 79.0522615, 30.3393855 ], [ 79.052083, 30.3392966 ], [ 79.0518426, 30.3390181 ], [ 79.0512109, 30.3388759 ], [ 79.0508951, 30.3385559 ], [ 79.050538, 30.3382062 ], [ 79.0499338, 30.3380225 ], [ 79.0490274, 30.3376195 ], [ 79.0483408, 30.3375366 ], [ 79.047867, 30.3372521 ], [ 79.0471941, 30.337264 ], [ 79.0465967, 30.3374714 ], [ 79.0457727, 30.3371869 ], [ 79.0450723, 30.3369736 ], [ 79.0445436, 30.3368847 ], [ 79.0437471, 30.3370743 ], [ 79.043239, 30.3368728 ], [ 79.0425798, 30.3366595 ], [ 79.0419607, 30.3364773 ], [ 79.041588, 30.3364418 ], [ 79.0414458, 30.3363873 ] ] } },
{ "type": "Feature", "properties": { "alt_name": null, "area": null, "boat": null, "destination": null, "int_name": null, "intermittent": null, "layer": null, "name": "Sur gad", "name:en": null, "name:hi": null, "name:kn": null, "name:ml": null, "plant:source": null, "power": null, "seasonal": null, "waterway": "stream", "wikipedia": null, "osm_id": 233108202, "source": "OPEN_DATA", "tunnel": null }, "geometry": { "type": "LineString", "coordinates": [ [ 79.0938806, 30.3740415 ], [ 79.0933656, 30.373264 ], [ 79.0927648, 30.3722828 ], [ 79.0928077, 30.371098 ], [ 79.0927863, 30.3699316 ], [ 79.0925146, 30.3686738 ], [ 79.0914452, 30.3680896 ], [ 79.0909088, 30.3674601 ], [ 79.0899755, 30.3672462 ], [ 79.0895677, 30.3667843 ], [ 79.0888059, 30.3655439 ], [ 79.088248, 30.3652199 ], [ 79.0869927, 30.3651181 ], [ 79.0857981, 30.3650524 ], [ 79.0854214, 30.3649166 ], [ 79.0850209, 30.3647191 ], [ 79.084935, 30.3645299 ], [ 79.0850876, 30.3643735 ], [ 79.0851067, 30.3641267 ], [ 79.0854739, 30.3636741 ], [ 79.0852431, 30.3631238 ], [ 79.0850408, 30.36299 ], [ 79.0843799, 30.362862 ], [ 79.0839416, 30.3627922 ], [ 79.0835505, 30.3624198 ], [ 79.0831256, 30.3618961 ], [ 79.0829098, 30.3615528 ], [ 79.0823029, 30.3619659 ], [ 79.0819657, 30.3622336 ], [ 79.0814937, 30.3621172 ], [ 79.0808529, 30.3622409 ], [ 79.0804754, 30.3619135 ], [ 79.0801855, 30.3617564 ], [ 79.0800506, 30.361483 ], [ 79.079592, 30.3615644 ], [ 79.0791133, 30.3613666 ], [ 79.0784187, 30.3613491 ], [ 79.0781287, 30.3610524 ], [ 79.0778455, 30.3606742 ], [ 79.0772251, 30.3607091 ], [ 79.0770228, 30.3606625 ], [ 79.0769351, 30.3605054 ], [ 79.0771981, 30.3601505 ], [ 79.0770363, 30.3599003 ], [ 79.0768946, 30.3597955 ], [ 79.0762338, 30.3597141 ], [ 79.0758427, 30.3592486 ], [ 79.0751481, 30.3591322 ], [ 79.0747435, 30.3588878 ], [ 79.0746153, 30.3584514 ], [ 79.0741231, 30.3581081 ], [ 79.0738263, 30.3579452 ], [ 79.0733071, 30.3578695 ], [ 79.0729564, 30.3574389 ], [ 79.0724979, 30.3574738 ], [ 79.0723293, 30.3575087 ], [ 79.072073, 30.3572993 ], [ 79.0720596, 30.3569385 ], [ 79.0719112, 30.356537 ], [ 79.0716549, 30.3560831 ], [ 79.0719719, 30.3557631 ], [ 79.0714864, 30.3554954 ], [ 79.0710345, 30.355251 ], [ 79.0706097, 30.3548437 ], [ 79.0701511, 30.3544829 ], [ 79.0695105, 30.3543956 ], [ 79.0692812, 30.3540523 ], [ 79.0696049, 30.353802 ], [ 79.0699488, 30.3537439 ], [ 79.0698477, 30.3536449 ], [ 79.0692677, 30.3533598 ], [ 79.0690722, 30.3528768 ], [ 79.0687013, 30.3523764 ], [ 79.0684922, 30.3524695 ], [ 79.0683641, 30.3527022 ], [ 79.0680944, 30.3525742 ], [ 79.0675077, 30.3526033 ], [ 79.0670761, 30.3527953 ], [ 79.0665261, 30.3530167 ], [ 79.065862, 30.3534155 ], [ 79.0656155, 30.3533192 ], [ 79.0655769, 30.3530082 ], [ 79.0651518, 30.3528887 ], [ 79.065043, 30.3533324 ], [ 79.0650232, 30.3537249 ], [ 79.0652883, 30.3540969 ], [ 79.0652725, 30.3543141 ], [ 79.0647036, 30.3543839 ], [ 79.0642125, 30.35416 ], [ 79.0639159, 30.3541173 ], [ 79.0635401, 30.3547402 ], [ 79.0621164, 30.3550473 ], [ 79.061889, 30.3562247 ], [ 79.0615133, 30.3569584 ], [ 79.0605147, 30.357257 ], [ 79.0597138, 30.3567963 ], [ 79.0591305, 30.3570949 ], [ 79.0584483, 30.3570778 ], [ 79.0581516, 30.3573935 ], [ 79.0585867, 30.3583405 ], [ 79.0580824, 30.3586306 ], [ 79.0585175, 30.3590657 ], [ 79.0582458, 30.3593799 ], [ 79.0580355, 30.359645 ], [ 79.0581615, 30.3602174 ], [ 79.0576474, 30.3606013 ], [ 79.0565796, 30.3616592 ], [ 79.0559864, 30.3615227 ], [ 79.0556996, 30.3604477 ], [ 79.0551163, 30.3601577 ], [ 79.0545877, 30.360194 ], [ 79.0546831, 30.3610088 ], [ 79.0539772, 30.3618566 ], [ 79.0533572, 30.3618813 ], [ 79.0525273, 30.3626714 ], [ 79.050858, 30.3630006 ], [ 79.0494462, 30.3634122 ], [ 79.0496613, 30.3640484 ], [ 79.0497801, 30.3643999 ], [ 79.0496465, 30.3650994 ], [ 79.048788, 30.3660706 ], [ 79.0481298, 30.3658237 ], [ 79.0479963, 30.3652476 ], [ 79.0479009, 30.3647208 ], [ 79.0474907, 30.3643669 ], [ 79.0464796, 30.3642764 ], [ 79.0448198, 30.3637332 ], [ 79.0435034, 30.3635768 ], [ 79.0423396, 30.3631241 ], [ 79.0415383, 30.3620294 ], [ 79.041462, 30.3614286 ], [ 79.0408325, 30.3608113 ], [ 79.0397736, 30.360087 ], [ 79.0384859, 30.3607043 ], [ 79.0373221, 30.3607454 ], [ 79.0371122, 30.3605808 ], [ 79.03633, 30.3599964 ], [ 79.0355765, 30.3602927 ], [ 79.0349564, 30.3603997 ], [ 79.0339548, 30.3607948 ], [ 79.0337068, 30.3606713 ], [ 79.0325526, 30.3603421 ], [ 79.0323141, 30.3599223 ], [ 79.0315796, 30.3591651 ], [ 79.0304254, 30.3594532 ], [ 79.02971, 30.3592968 ], [ 79.0293761, 30.3585231 ], [ 79.028632, 30.3582432 ], [ 79.028012, 30.3586383 ], [ 79.0281742, 30.3596589 ], [ 79.0269818, 30.3603586 ], [ 79.0268482, 30.3607948 ], [ 79.026543, 30.3609759 ], [ 79.0252648, 30.3619883 ], [ 79.0238816, 30.3633052 ], [ 79.0231185, 30.3641612 ], [ 79.0229659, 30.3652229 ], [ 79.0228705, 30.3668937 ], [ 79.0234142, 30.3682434 ], [ 79.0243586, 30.3689842 ], [ 79.0246161, 30.3694697 ], [ 79.0243681, 30.3701364 ], [ 79.0250141, 30.3700949 ], [ 79.0252648, 30.3700788 ], [ 79.0253029, 30.3704573 ], [ 79.0252552, 30.3708359 ], [ 79.0248927, 30.3719552 ], [ 79.0252138, 30.3727245 ], [ 79.0252561, 30.3730168 ], [ 79.0249295, 30.3733403 ], [ 79.0245786, 30.373309 ], [ 79.024379, 30.37369 ], [ 79.024875, 30.3740814 ], [ 79.0248085, 30.3743058 ], [ 79.0243246, 30.3743267 ], [ 79.0238769, 30.3740605 ], [ 79.0233991, 30.3738413 ], [ 79.0229938, 30.3739509 ], [ 79.0229091, 30.3743058 ], [ 79.0230301, 30.3746711 ], [ 79.0227881, 30.3749634 ], [ 79.0226853, 30.3752817 ], [ 79.0225341, 30.3756783 ], [ 79.0220925, 30.3757201 ], [ 79.0217295, 30.3758506 ], [ 79.0217053, 30.3760593 ], [ 79.0217114, 30.3762159 ], [ 79.0218566, 30.3763881 ], [ 79.0220985, 30.3765968 ], [ 79.0218808, 30.3770039 ], [ 79.021421, 30.3772178 ], [ 79.0213363, 30.3775727 ], [ 79.0208524, 30.3775988 ], [ 79.0206709, 30.3777449 ], [ 79.0206649, 30.3780998 ], [ 79.0206528, 30.3786216 ], [ 79.0208706, 30.3789087 ], [ 79.0209976, 30.3792113 ], [ 79.0208585, 30.379441 ], [ 79.0205016, 30.3794931 ], [ 79.0201205, 30.3796079 ], [ 79.0197878, 30.3799263 ], [ 79.0197999, 30.3801872 ], [ 79.0195519, 30.3804742 ], [ 79.0191647, 30.3805212 ], [ 79.0189651, 30.380636 ], [ 79.018947, 30.3810065 ], [ 79.01908, 30.3812831 ], [ 79.0193825, 30.3815022 ], [ 79.0194974, 30.3819249 ], [ 79.0191647, 30.3822119 ], [ 79.019074, 30.3825772 ], [ 79.0193522, 30.3828173 ], [ 79.0192918, 30.3831356 ], [ 79.0189954, 30.3834487 ], [ 79.0187231, 30.3838505 ], [ 79.018088, 30.3840279 ], [ 79.0173137, 30.3842366 ], [ 79.0168903, 30.3843723 ], [ 79.0163822, 30.3845445 ], [ 79.0158438, 30.3848733 ], [ 79.0157773, 30.3851081 ], [ 79.0156926, 30.3852177 ], [ 79.0151905, 30.3857656 ], [ 79.0150765, 30.3860432 ] ] } },
{ "type": "Feature", "properties": { "alt_name": null, "area": null, "boat": null, "destination": null, "int_name": null, "intermittent": null, "layer": null, "name": null, "name:en": null, "name:hi": null, "name:kn": null, "name:ml": null, "plant:source": null, "power": null, "seasonal": null, "waterway": "stream", "wikipedia": null, "osm_id": 1069560055, "source": "OPEN_DATA", "tunnel": null }, "geometry": { "type": "LineString", "coordinates": [ [ 79.0466105, 30.3789875 ], [ 79.0463708, 30.3796317 ], [ 79.0461924, 30.3807677 ], [ 79.0453157, 30.381268 ], [ 79.0445604, 30.3821406 ], [ 79.044466, 30.3829085 ], [ 79.0441019, 30.3836531 ], [ 79.0430364, 30.3841185 ], [ 79.0421008, 30.3844927 ], [ 79.0415554, 30.384555 ], [ 79.0406332, 30.384977 ], [ 79.0402162, 30.385233 ], [ 79.0403686, 30.3856757 ], [ 79.0400558, 30.386492 ], [ 79.0393914, 30.3872905 ], [ 79.0391986, 30.3875938 ], [ 79.0390738, 30.3880927 ], [ 79.0391305, 30.3886748 ], [ 79.038864, 30.3888803 ], [ 79.0388527, 30.3890564 ], [ 79.0383253, 30.3891346 ], [ 79.0380815, 30.389301 ], [ 79.0376789, 30.389976 ], [ 79.0375484, 30.3901814 ], [ 79.0375371, 30.3904651 ], [ 79.037401, 30.3906901 ], [ 79.0369814, 30.3916831 ], [ 79.0363463, 30.3916978 ], [ 79.0357395, 30.3918885 ], [ 79.0353879, 30.3922016 ], [ 79.0348095, 30.3925782 ], [ 79.0343219, 30.3931113 ], [ 79.0333749, 30.3934391 ], [ 79.0324903, 30.3936103 ], [ 79.0321887, 30.3937105 ], [ 79.0317234, 30.3936639 ], [ 79.0313087, 30.393693 ], [ 79.0312455, 30.3938202 ] ] } },
{ "type": "Feature", "properties": { "alt_name": null, "area": null, "boat": null, "destination": null, "int_name": null, "intermittent": null, "layer": null, "name": null, "name:en": null, "name:hi": null, "name:kn": null, "name:ml": null, "plant:source": null, "power": null, "seasonal": null, "waterway": "stream", "wikipedia": null, "osm_id": 1127574849, "source": "OPEN_DATA", "tunnel": null }, "geometry": { "type": "LineString", "coordinates": [ [ 79.0609224, 30.3144255 ], [ 79.0599638, 30.3133751 ], [ 79.0593874, 30.3125979 ], [ 79.0596986, 30.3110233 ], [ 79.0604925, 30.3100971 ], [ 79.0610933, 30.3094117 ], [ 79.0613079, 30.3088374 ], [ 79.0608358, 30.3074851 ], [ 79.0610075, 30.3060772 ], [ 79.0618443, 30.3043173 ], [ 79.0625739, 30.3020571 ], [ 79.0632389, 30.3012139 ] ] } },
{ "type": "Feature", "properties": { "alt_name": null, "area": null, "boat": null, "destination": null, "int_name": null, "intermittent": null, "layer": null, "name": "Kaun Gadhera", "name:en": null, "name:hi": null, "name:kn": null, "name:ml": null, "plant:source": null, "power": null, "seasonal": null, "waterway": "stream", "wikipedia": null, "osm_id": 1074717656, "source": "OPEN_DATA", "tunnel": null }, "geometry": { "type": "LineString", "coordinates": [ [ 79.0849867, 30.3276008 ], [ 79.0837526, 30.3261381 ], [ 79.083023, 30.3245823 ], [ 79.0824651, 30.3231005 ], [ 79.0828943, 30.3214705 ], [ 79.0838384, 30.3205815 ], [ 79.0846109, 30.320174 ], [ 79.0852975, 30.3188774 ], [ 79.0853405, 30.3172103 ], [ 79.0843105, 30.3143391 ], [ 79.0836238, 30.3129499 ], [ 79.083066, 30.3105787 ], [ 79.0825939, 30.3093376 ], [ 79.0828085, 30.3078 ], [ 79.0832376, 30.3064477 ], [ 79.083302, 30.3051695 ], [ 79.0835222, 30.3044441 ], [ 79.0838647, 30.3037231 ], [ 79.0847979, 30.3029592 ], [ 79.0851163, 30.3026547 ], [ 79.0850448, 30.3022814 ], [ 79.0851711, 30.3021203 ], [ 79.0852058, 30.3005185 ], [ 79.0851534, 30.2989339 ], [ 79.0855443, 30.2975274 ], [ 79.0866159, 30.2964412 ] ] } },
{ "type": "Feature", "properties": { "alt_name": null, "area": null, "boat": null, "destination": null, "int_name": null, "intermittent": null, "layer": null, "name": null, "name:en": null, "name:hi": null, "name:kn": null, "name:ml": null, "plant:source": null, "power": null, "seasonal": null, "waterway": "stream", "wikipedia": null, "osm_id": 1069543310, "source": "OPEN_DATA", "tunnel": null }, "geometry": { "type": "LineString", "coordinates": [ [ 79.0961095, 30.322967 ], [ 79.0961264, 30.3227545 ], [ 79.0960826, 30.3225595 ], [ 79.0960556, 30.3223965 ], [ 79.0961365, 30.3220443 ], [ 79.09615, 30.3218726 ], [ 79.0960893, 30.3216776 ], [ 79.0960421, 30.3212672 ], [ 79.0960792, 30.3211537 ], [ 79.0960725, 30.321014 ], [ 79.0960927, 30.3206677 ], [ 79.0959713, 30.3202573 ], [ 79.0957589, 30.3200652 ], [ 79.0956914, 30.3198207 ], [ 79.0956173, 30.3194481 ], [ 79.0956004, 30.3192735 ], [ 79.0956712, 30.3189417 ], [ 79.0958803, 30.3186477 ], [ 79.0961197, 30.318444 ], [ 79.0961466, 30.3181937 ], [ 79.09615, 30.3177571 ], [ 79.09615, 30.3175504 ], [ 79.0963928, 30.3173467 ], [ 79.0967468, 30.3169712 ], [ 79.0968378, 30.3167005 ], [ 79.0972492, 30.3164386 ], [ 79.0972248, 30.3153642 ], [ 79.0968529, 30.3146151 ], [ 79.0965572, 30.3138824 ], [ 79.096708634066701, 30.313522868136541 ] ] } },
{ "type": "Feature", "properties": { "alt_name": null, "area": null, "boat": null, "destination": null, "int_name": null, "intermittent": null, "layer": null, "name": null, "name:en": null, "name:hi": null, "name:kn": null, "name:ml": null, "plant:source": null, "power": null, "seasonal": null, "waterway": "stream", "wikipedia": null, "osm_id": 1074717655, "source": "OPEN_DATA", "tunnel": null }, "geometry": { "type": "LineString", "coordinates": [ [ 79.0671036, 30.3264854 ], [ 79.0670098, 30.3263281 ], [ 79.0668824, 30.3262762 ], [ 79.0667738, 30.326159 ], [ 79.0667206, 30.3259992 ], [ 79.0655136, 30.3245637 ], [ 79.0649557, 30.3238043 ], [ 79.0643045, 30.3230214 ], [ 79.0631532, 30.3216372 ], [ 79.0626168, 30.3204888 ], [ 79.0624237, 30.3190441 ], [ 79.0612441, 30.3169139 ], [ 79.0612809, 30.3167159 ], [ 79.0613063, 30.3165791 ], [ 79.061381, 30.3153011 ], [ 79.0609224, 30.3144255 ] ] } },
{ "type": "Feature", "properties": { "alt_name": null, "area": null, "boat": null, "destination": null, "int_name": null, "intermittent": null, "layer": "-1", "name": null, "name:en": null, "name:hi": null, "name:kn": null, "name:ml": null, "plant:source": null, "power": null, "seasonal": null, "waterway": "stream", "wikipedia": null, "osm_id": 1127574851, "source": "OPEN_DATA", "tunnel": "culvert" }, "geometry": { "type": "LineString", "coordinates": [ [ 79.0671778, 30.3265674 ], [ 79.0671036, 30.3264854 ] ] } },
{ "type": "Feature", "properties": { "alt_name": null, "area": null, "boat": null, "destination": null, "int_name": null, "intermittent": null, "layer": null, "name": null, "name:en": null, "name:hi": null, "name:kn": null, "name:ml": null, "plant:source": null, "power": null, "seasonal": null, "waterway": "stream", "wikipedia": null, "osm_id": 1127574850, "source": "OPEN_DATA", "tunnel": null }, "geometry": { "type": "LineString", "coordinates": [ [ 79.0753137, 30.3341641 ], [ 79.0750731, 30.3340877 ], [ 79.0744962, 30.333712 ], [ 79.074252, 30.3335868 ], [ 79.0737975, 30.333387 ], [ 79.0734153, 30.3332186 ], [ 79.0724315, 30.3323554 ], [ 79.0716997, 30.3318852 ], [ 79.071285, 30.3315203 ], [ 79.070537, 30.3311413 ], [ 79.0705145, 30.3309387 ], [ 79.0703031, 30.3303492 ], [ 79.0701811, 30.3295983 ], [ 79.0699941, 30.3292684 ], [ 79.0695469, 30.3290509 ], [ 79.0694087, 30.3286859 ], [ 79.0689046, 30.3284614 ], [ 79.0684899, 30.3281455 ], [ 79.0684005, 30.3273805 ], [ 79.0680752, 30.3271209 ], [ 79.0673922, 30.326791 ], [ 79.0672045, 30.3265969 ], [ 79.0671778, 30.3265674 ] ] } },
{ "type": "Feature", "properties": { "alt_name": null, "area": null, "boat": null, "destination": null, "int_name": null, "intermittent": null, "layer": null, "name": null, "name:en": null, "name:hi": null, "name:kn": null, "name:ml": null, "plant:source": null, "power": null, "seasonal": null, "waterway": "stream", "wikipedia": null, "osm_id": 1123603468, "source": "OPEN_DATA", "tunnel": null }, "geometry": { "type": "LineString", "coordinates": [ [ 79.0902628, 30.3371653 ], [ 79.0899357, 30.3370314 ], [ 79.0897267, 30.3369383 ], [ 79.0896221, 30.3367666 ], [ 79.0896424, 30.3366269 ], [ 79.0896828, 30.3365367 ], [ 79.0895547, 30.3362864 ], [ 79.0892445, 30.3361176 ], [ 79.0891872, 30.335978 ], [ 79.0890253, 30.3358499 ], [ 79.0889377, 30.3357481 ], [ 79.0889377, 30.3356317 ], [ 79.0888298, 30.3355618 ], [ 79.0887927, 30.3355094 ], [ 79.0883921, 30.3352212 ], [ 79.0883645, 30.3349856 ], [ 79.0883071, 30.3346015 ], [ 79.088152, 30.3342755 ], [ 79.0880914, 30.3336877 ], [ 79.0879868, 30.3335422 ], [ 79.0879666, 30.333385 ], [ 79.0878385, 30.3331901 ], [ 79.087589, 30.3330824 ], [ 79.0875923, 30.3329252 ], [ 79.0874777, 30.3328321 ], [ 79.0873462, 30.3324945 ], [ 79.0873057, 30.3322559 ], [ 79.0870933, 30.3320434 ], [ 79.0869821, 30.3317757 ], [ 79.086872, 30.3314951 ], [ 79.0867958, 30.3309759 ], [ 79.086514, 30.3303528 ], [ 79.0863382, 30.3298781 ], [ 79.085947, 30.3290215 ], [ 79.0858328, 30.3288237 ], [ 79.0859139, 30.3286364 ], [ 79.0858042, 30.328371 ], [ 79.0857214, 30.3282409 ], [ 79.0856707, 30.3281611 ], [ 79.0854227, 30.3279162 ], [ 79.0850491, 30.3276498 ], [ 79.0849867, 30.3276008 ] ] } },
{ "type": "Feature", "properties": { "alt_name": null, "area": null, "boat": null, "destination": null, "int_name": null, "intermittent": null, "layer": null, "name": null, "name:en": null, "name:hi": null, "name:kn": null, "name:ml": null, "plant:source": null, "power": null, "seasonal": null, "waterway": "stream", "wikipedia": null, "osm_id": 1123603474, "source": "OPEN_DATA", "tunnel": null }, "geometry": { "type": "LineString", "coordinates": [ [ 79.0983931, 30.3342646 ], [ 79.0987125, 30.3342317 ], [ 79.0991846, 30.3341453 ], [ 79.0995832, 30.334087 ], [ 79.0997473, 30.334063 ], [ 79.1002623, 30.3341 ], [ 79.1004508, 30.3341136 ], [ 79.1006628, 30.3341288 ], [ 79.1007963, 30.3342934 ], [ 79.1009584, 30.334742 ], [ 79.1010061, 30.3350672 ], [ 79.1010738, 30.335434 ], [ 79.1009605, 30.3357388 ], [ 79.101547, 30.3355793 ], [ 79.101755445247207, 30.335648161376309 ] ] } },
{ "type": "Feature", "properties": { "alt_name": null, "area": null, "boat": null, "destination": null, "int_name": null, "intermittent": null, "layer": null, "name": "Sauri Gad", "name:en": null, "name:hi": null, "name:kn": null, "name:ml": null, "plant:source": null, "power": null, "seasonal": null, "waterway": "stream", "wikipedia": null, "osm_id": 233108208, "source": "OPEN_DATA", "tunnel": null }, "geometry": { "type": "LineString", "coordinates": [ [ 79.0741958, 30.3739275 ], [ 79.0745103, 30.3758271 ], [ 79.0747644, 30.3767874 ], [ 79.07497, 30.3775702 ], [ 79.0753209, 30.379094 ], [ 79.0755386, 30.3797202 ], [ 79.0756081, 30.380254 ], [ 79.0756596, 30.3806491 ], [ 79.0756596, 30.3816823 ], [ 79.0759258, 30.382653 ], [ 79.0762282, 30.3835088 ], [ 79.0759379, 30.3843124 ], [ 79.0753693, 30.385189 ], [ 79.0752846, 30.3860866 ], [ 79.0748491, 30.3866084 ], [ 79.0746313, 30.3872032 ], [ 79.0746071, 30.3878503 ], [ 79.0746313, 30.3885704 ], [ 79.0740022, 30.3888313 ], [ 79.0732763, 30.3894992 ], [ 79.0726835, 30.3893113 ], [ 79.0723931, 30.3897287 ], [ 79.072381, 30.3904071 ], [ 79.0722238, 30.3910958 ], [ 79.0719213, 30.391555 ], [ 79.0712438, 30.3918994 ], [ 79.0705058, 30.3920455 ], [ 79.0698888, 30.3924942 ], [ 79.0694412, 30.3931204 ], [ 79.0685217, 30.39359 ], [ 79.0675902, 30.39359 ], [ 79.0668159, 30.3942891 ], [ 79.0657876, 30.3950405 ], [ 79.0645898, 30.3955935 ], [ 79.0637793, 30.3959692 ], [ 79.0636462, 30.3965014 ], [ 79.0637551, 30.3968979 ], [ 79.06338, 30.3971901 ], [ 79.0637914, 30.3977641 ], [ 79.0638277, 30.3981188 ], [ 79.0633558, 30.398338 ], [ 79.0629082, 30.3988284 ], [ 79.0626904, 30.3995171 ], [ 79.0623154, 30.4000702 ], [ 79.0614685, 30.4001432 ], [ 79.0606821, 30.400331 ], [ 79.0603434, 30.4007902 ], [ 79.0605612, 30.4013745 ], [ 79.0603434, 30.4015623 ], [ 79.0598474, 30.4018441 ], [ 79.0597264, 30.4021362 ], [ 79.0592304, 30.4023032 ], [ 79.058571, 30.4023136 ], [ 79.0579843, 30.402298 ], [ 79.0571434, 30.4022615 ], [ 79.0565143, 30.4022928 ], [ 79.0563571, 30.4024023 ], [ 79.0562179, 30.4025275 ], [ 79.0559941, 30.4028875 ], [ 79.0561514, 30.4032214 ], [ 79.0564478, 30.4035762 ], [ 79.056345, 30.4038631 ], [ 79.0560123, 30.4040405 ], [ 79.0554013, 30.404197 ], [ 79.0547238, 30.4043431 ], [ 79.054258, 30.4048283 ], [ 79.0541189, 30.4051309 ], [ 79.053997, 30.406029 ], [ 79.053863, 30.4065339 ], [ 79.0535984, 30.4067884 ], [ 79.0531197, 30.4066962 ], [ 79.0526809, 30.4068992 ], [ 79.0524399, 30.4073649 ], [ 79.0524226, 30.4076831 ], [ 79.0525739, 30.4081962 ], [ 79.0528834, 30.4083896 ], [ 79.0531267, 30.4085099 ], [ 79.0533875, 30.4086364 ], [ 79.0539344, 30.4089123 ], [ 79.0540238, 30.4092356 ], [ 79.0536283, 30.4094729 ], [ 79.0530023, 30.4098882 ], [ 79.0524933, 30.4101907 ], [ 79.0519429, 30.4108314 ], [ 79.051599, 30.4112378 ], [ 79.0513119, 30.4114475 ] ] } },
{ "type": "Feature", "properties": { "alt_name": null, "area": null, "boat": null, "destination": null, "int_name": null, "intermittent": null, "layer": null, "name": "Gostu Gad", "name:en": null, "name:hi": null, "name:kn": null, "name:ml": null, "plant:source": null, "power": null, "seasonal": null, "waterway": "stream", "wikipedia": null, "osm_id": 1070050527, "source": "OPEN_DATA", "tunnel": null }, "geometry": { "type": "LineString", "coordinates": [ [ 78.9056751, 30.1856742 ], [ 78.9063906, 30.1872345 ], [ 78.9058865, 30.1911281 ], [ 78.9063906, 30.1931662 ], [ 78.906537, 30.194136 ], [ 78.906163, 30.194881 ], [ 78.9063418, 30.1970736 ], [ 78.9062117, 30.1993505 ], [ 78.9061467, 30.2017117 ], [ 78.9070736, 30.2031171 ], [ 78.9071387, 30.204635 ], [ 78.9070411, 30.206195 ], [ 78.9065532, 30.2071085 ], [ 78.906424011360826, 30.207779431518251 ] ] } },
{ "type": "Feature", "properties": { "alt_name": null, "area": null, "boat": "no", "destination": null, "int_name": "Alaknanda", "intermittent": null, "layer": null, "name": "Alaknanda", "name:en": "Alaknanda River", "name:hi": "अलकनन्दा नदी", "name:kn": "ಅಲಕನಂದಾ", "name:ml": "അളകനന്ദ", "plant:source": null, "power": null, "seasonal": null, "waterway": "river", "wikipedia": null, "osm_id": 27282312, "source": "OPEN_DATA", "tunnel": null }, "geometry": { "type": "LineString", "coordinates": [ [ 78.9788975, 30.2878292 ], [ 78.9783131, 30.2875338 ], [ 78.9776768, 30.2866067 ], [ 78.9750728, 30.2856083 ], [ 78.9726663, 30.2832699 ], [ 78.9710841, 30.2824289 ], [ 78.9697909, 30.2812779 ], [ 78.9686859, 30.2799993 ], [ 78.9682889, 30.2791933 ], [ 78.9682782, 30.2785077 ], [ 78.9680743, 30.2780444 ], [ 78.9677938, 30.2776112 ], [ 78.9677203, 30.2774977 ], [ 78.9671409, 30.2769233 ], [ 78.9657032, 30.276284 ], [ 78.9651132, 30.2759967 ], [ 78.9640295, 30.2750146 ], [ 78.9628386, 30.2741066 ], [ 78.961519, 30.273773 ], [ 78.9605806, 30.2737102 ], [ 78.958075, 30.2731615 ], [ 78.955699, 30.2728392 ], [ 78.9537406, 30.2720218 ], [ 78.9529202, 30.2709027 ], [ 78.9480922, 30.2690217 ], [ 78.9460587, 30.268686 ], [ 78.9442728, 30.2686696 ], [ 78.9430225, 30.2690844 ], [ 78.9425347, 30.2698463 ], [ 78.9413867, 30.2702355 ], [ 78.9404641, 30.2707359 ], [ 78.9391601, 30.271299 ], [ 78.9367197, 30.2708286 ], [ 78.9350295, 30.2702612 ], [ 78.9343378, 30.2696147 ], [ 78.9343965, 30.2691586 ], [ 78.9346597, 30.2686696 ], [ 78.9347291, 30.2677872 ], [ 78.9343107, 30.2670366 ], [ 78.9340804, 30.266214 ], [ 78.9325676, 30.2638232 ], [ 78.9308774, 30.261662 ], [ 78.9298412, 30.2605471 ], [ 78.9296383, 30.2603288 ], [ 78.9293382, 30.2597366 ], [ 78.9290964, 30.2584092 ], [ 78.9291196, 30.2568525 ], [ 78.9290838, 30.2554851 ], [ 78.9291017, 30.2541486 ], [ 78.9289228, 30.2530825 ], [ 78.928726, 30.2524567 ], [ 78.928413, 30.252225 ], [ 78.9278406, 30.2521091 ], [ 78.9268479, 30.252055 ], [ 78.9261324, 30.2521863 ], [ 78.9256137, 30.2524336 ], [ 78.924764, 30.2530439 ], [ 78.9245494, 30.2534842 ], [ 78.9245852, 30.2538473 ], [ 78.9246656, 30.2542104 ], [ 78.9249161, 30.2548362 ], [ 78.9248624, 30.2553152 ], [ 78.9244599, 30.2561881 ], [ 78.9238518, 30.2571383 ], [ 78.9229932, 30.2582199 ], [ 78.9223045, 30.2590156 ], [ 78.9212492, 30.2598112 ], [ 78.9203906, 30.2600794 ], [ 78.9199881, 30.2602052 ], [ 78.9186952, 30.2602184 ], [ 78.9185552, 30.2601882 ], [ 78.9173219, 30.2599219 ], [ 78.9160285, 30.2593367 ], [ 78.913717, 30.2582909 ], [ 78.9111421, 30.2560667 ], [ 78.9113138, 30.2547322 ], [ 78.9109705, 30.2513217 ], [ 78.9084509, 30.2476127 ], [ 78.9072435, 30.2461061 ], [ 78.9059556, 30.2450631 ], [ 78.9046409, 30.2442982 ], [ 78.9033799, 30.2439119 ], [ 78.902752248073014, 30.243476819387066 ] ] } },
{ "type": "Feature", "properties": { "alt_name": null, "area": null, "boat": null, "destination": null, "int_name": null, "intermittent": null, "layer": null, "name": null, "name:en": null, "name:hi": null, "name:kn": null, "name:ml": null, "plant:source": null, "power": null, "seasonal": null, "waterway": "stream", "wikipedia": null, "osm_id": 1072032162, "source": "OPEN_DATA", "tunnel": null }, "geometry": { "type": "LineString", "coordinates": [ [ 78.8958967, 30.2867122 ], [ 78.8957405, 30.2860122 ], [ 78.8954186, 30.2845206 ], [ 78.8960624, 30.2843353 ], [ 78.8968134, 30.2838165 ], [ 78.8973927, 30.2833162 ], [ 78.8977682, 30.2827233 ], [ 78.8979936, 30.2815744 ], [ 78.8978648, 30.2798048 ], [ 78.8985944, 30.2782668 ], [ 78.8987016, 30.2765805 ], [ 78.89853, 30.2750239 ], [ 78.9004183, 30.2738008 ], [ 78.9011693, 30.2724665 ], [ 78.9009762, 30.2712064 ], [ 78.9002915, 30.2702628 ] ] } },
{ "type": "Feature", "properties": { "alt_name": null, "area": null, "boat": null, "destination": null, "int_name": null, "intermittent": null, "layer": "-1", "name": null, "name:en": null, "name:hi": null, "name:kn": null, "name:ml": null, "plant:source": null, "power": null, "seasonal": null, "waterway": "stream", "wikipedia": null, "osm_id": 1072639342, "source": "OPEN_DATA", "tunnel": "culvert" }, "geometry": { "type": "LineString", "coordinates": [ [ 78.8959314, 30.286868 ], [ 78.8958967, 30.2867122 ] ] } },
{ "type": "Feature", "properties": { "alt_name": null, "area": null, "boat": null, "destination": null, "int_name": null, "intermittent": null, "layer": null, "name": null, "name:en": null, "name:hi": null, "name:kn": null, "name:ml": null, "plant:source": null, "power": null, "seasonal": null, "waterway": "stream", "wikipedia": null, "osm_id": 1070050503, "source": "OPEN_DATA", "tunnel": null }, "geometry": { "type": "MultiLineString", "coordinates": [ [ [ 78.860617489415944, 30.298526163907471 ], [ 78.8607528, 30.2984411 ], [ 78.8611024, 30.2980339 ], [ 78.8610617, 30.2977601 ], [ 78.8614846, 30.2974934 ], [ 78.8615415, 30.2972196 ], [ 78.8606064, 30.2966509 ], [ 78.8603706, 30.2964684 ], [ 78.860370744339207, 30.296463269721198 ] ], [ [ 78.86080836563967, 30.295938339737642 ], [ 78.8616309, 30.295984 ], [ 78.8618911, 30.2958155 ], [ 78.8622733, 30.2950713 ], [ 78.8634929, 30.2944465 ], [ 78.8643873, 30.2941305 ], [ 78.8654281, 30.2938287 ], [ 78.865981, 30.2936461 ], [ 78.8658753, 30.2928247 ], [ 78.8658265, 30.2924737 ], [ 78.8663712, 30.2917435 ], [ 78.8662574, 30.291252 ], [ 78.8664282, 30.2908659 ], [ 78.8667941, 30.2901427 ], [ 78.8670542, 30.2900444 ], [ 78.8674201, 30.2900374 ], [ 78.8683796, 30.2889913 ], [ 78.8683877, 30.2887034 ], [ 78.8684245, 30.2886458 ], [ 78.8687373, 30.2881558 ], [ 78.8692984, 30.2878328 ], [ 78.8694043, 30.2875987 ], [ 78.8697049, 30.2869341 ], [ 78.8699733, 30.286555 ], [ 78.8708026, 30.2864426 ], [ 78.8712498, 30.2864497 ], [ 78.8715832, 30.2861969 ], [ 78.8718515, 30.285572 ], [ 78.8731281, 30.2850384 ], [ 78.8735834, 30.2850524 ], [ 78.8736566, 30.2848839 ], [ 78.8736891, 30.2846663 ], [ 78.8742501, 30.2843363 ], [ 78.8744371, 30.283936 ], [ 78.8747949, 30.2835709 ], [ 78.8749413, 30.2834094 ], [ 78.8748518, 30.2831777 ], [ 78.874768917930027, 30.28291116279193 ] ] ] } },
{ "type": "Feature", "properties": { "alt_name": null, "area": null, "boat": null, "destination": null, "int_name": null, "intermittent": null, "layer": null, "name": null, "name:en": null, "name:hi": null, "name:kn": null, "name:ml": null, "plant:source": null, "power": null, "seasonal": null, "waterway": "stream", "wikipedia": null, "osm_id": 1072639341, "source": "OPEN_DATA", "tunnel": null }, "geometry": { "type": "LineString", "coordinates": [ [ 78.8986587, 30.2988706 ], [ 78.89853, 30.2968327 ], [ 78.8978862, 30.2956469 ], [ 78.8974142, 30.2935348 ], [ 78.8970279, 30.2919228 ], [ 78.8961911, 30.2903665 ], [ 78.8961911, 30.2885497 ], [ 78.8961911, 30.2880319 ], [ 78.8959314, 30.286868 ] ] } },
{ "type": "Feature", "properties": { "alt_name": null, "area": null, "boat": null, "destination": null, "int_name": null, "intermittent": null, "layer": null, "name": "Badiyar Gad", "name:en": null, "name:hi": null, "name:kn": null, "name:ml": null, "plant:source": null, "power": null, "seasonal": null, "waterway": "stream", "wikipedia": null, "osm_id": 1070034105, "source": "OPEN_DATA", "tunnel": null }, "geometry": { "type": "LineString", "coordinates": [ [ 78.875130918659139, 30.274640069384741 ], [ 78.8754336, 30.274499 ], [ 78.8757663, 30.2743393 ], [ 78.8767769, 30.2736688 ], [ 78.8777505, 30.2732431 ], [ 78.8790076, 30.272945 ], [ 78.8801784, 30.2725619 ], [ 78.8810411, 30.2723384 ], [ 78.8813492, 30.2721148 ], [ 78.8813985, 30.2718807 ], [ 78.8821256, 30.2715933 ], [ 78.8825693, 30.2713698 ], [ 78.8831485, 30.2707312 ], [ 78.8833704, 30.2706247 ], [ 78.8839989, 30.2711569 ], [ 78.8844919, 30.2715294 ], [ 78.8849848, 30.2715188 ], [ 78.8857736, 30.2713804 ], [ 78.8863158, 30.2713698 ], [ 78.8869444, 30.2710185 ], [ 78.887955, 30.2709972 ], [ 78.8885465, 30.2711143 ], [ 78.8893353, 30.2708163 ], [ 78.8898899, 30.2708057 ], [ 78.8902596, 30.2711037 ], [ 78.8908265, 30.2712633 ], [ 78.8914427, 30.2714336 ], [ 78.8918001, 30.2721468 ], [ 78.8923793, 30.2724342 ], [ 78.8930325, 30.272498 ], [ 78.8935625, 30.2722 ], [ 78.8938706, 30.271753 ], [ 78.893772, 30.2713272 ], [ 78.8939322, 30.2707737 ], [ 78.8939978, 30.2707244 ], [ 78.8943142, 30.2704863 ], [ 78.89514, 30.2707631 ], [ 78.8955097, 30.270944 ], [ 78.8957931, 30.2709972 ], [ 78.8960766, 30.270795 ], [ 78.896397, 30.2705821 ], [ 78.8974692, 30.2708163 ], [ 78.8981101, 30.2708163 ], [ 78.8981964, 30.2705928 ], [ 78.898295, 30.2703267 ], [ 78.8984549, 30.270247 ], [ 78.8986154, 30.270167 ], [ 78.8992439, 30.2700606 ], [ 78.8995027, 30.2697626 ], [ 78.8996876, 30.2697093 ], [ 78.9000327, 30.2699541 ], [ 78.9001066, 30.2701245 ], [ 78.9002915, 30.2702628 ], [ 78.9010802, 30.2699861 ], [ 78.9012035, 30.2699435 ], [ 78.9018197, 30.2696881 ], [ 78.9024605, 30.269422 ], [ 78.9032123, 30.2695923 ], [ 78.9035204, 30.2695816 ], [ 78.9039641, 30.2692729 ], [ 78.9045926, 30.2689643 ], [ 78.9046199, 30.2687549 ], [ 78.9055293, 30.2685704 ], [ 78.9059824, 30.2686289 ], [ 78.906062, 30.2686392 ], [ 78.9065675, 30.2685987 ], [ 78.9072054, 30.2688365 ], [ 78.9080557, 30.2691878 ], [ 78.9082529, 30.2693581 ], [ 78.9086843, 30.2694007 ], [ 78.9091649, 30.2691239 ], [ 78.9094114, 30.2691133 ], [ 78.9096579, 30.2689217 ], [ 78.909966, 30.2684959 ], [ 78.9104959, 30.2680914 ], [ 78.9112847, 30.2680808 ], [ 78.9116769, 30.2681887 ], [ 78.9120488, 30.2682618 ], [ 78.9124431, 30.2683788 ], [ 78.9127759, 30.2685385 ], [ 78.9132812, 30.2681872 ], [ 78.913503, 30.2678999 ], [ 78.9142794, 30.2677189 ], [ 78.9145259, 30.267538 ], [ 78.9148833, 30.2675167 ], [ 78.9151668, 30.2676125 ], [ 78.9155981, 30.2673996 ], [ 78.9159925, 30.2673996 ], [ 78.9161774, 30.267357 ], [ 78.9161897, 30.2671548 ], [ 78.9162829, 30.266806 ], [ 78.9163376, 30.2666013 ], [ 78.9169045, 30.2663458 ], [ 78.9173235, 30.2658455 ], [ 78.9176809, 30.2655262 ], [ 78.9177795, 30.2650365 ], [ 78.9184204, 30.2644404 ], [ 78.9192338, 30.2643659 ], [ 78.9201951, 30.2642701 ], [ 78.9206757, 30.2641743 ], [ 78.9208359, 30.2639508 ], [ 78.920762, 30.2637592 ], [ 78.9205032, 30.2632802 ], [ 78.9203922, 30.2629076 ], [ 78.9202813, 30.2624605 ], [ 78.9199458, 30.2620836 ], [ 78.9197527, 30.2616481 ], [ 78.9199136, 30.2614905 ], [ 78.9204501, 30.2613515 ], [ 78.920611, 30.2612218 ], [ 78.9204179, 30.2609716 ], [ 78.9202319, 30.2607061 ], [ 78.9197742, 30.2606565 ], [ 78.9187549, 30.2603785 ], [ 78.9185552, 30.2601882 ] ] } },
{ "type": "Feature", "properties": { "alt_name": null, "area": null, "boat": null, "destination": null, "int_name": null, "intermittent": null, "layer": null, "name": null, "name:en": null, "name:hi": null, "name:kn": null, "name:ml": null, "plant:source": null, "power": null, "seasonal": null, "waterway": "stream", "wikipedia": null, "osm_id": 1070050516, "source": "OPEN_DATA", "tunnel": null }, "geometry": { "type": "LineString", "coordinates": [ [ 78.8787944, 30.3072172 ], [ 78.8787833, 30.307006 ], [ 78.8787722, 30.3067948 ], [ 78.8787078, 30.3059704 ], [ 78.8785576, 30.305146 ], [ 78.8785898, 30.3047755 ], [ 78.8787507, 30.3042012 ], [ 78.8784396, 30.3034602 ], [ 78.8793945, 30.3023023 ], [ 78.8794696, 30.3019781 ], [ 78.8791584, 30.3012463 ], [ 78.8791477, 30.3009036 ], [ 78.880403, 30.2999402 ], [ 78.8805532, 30.2993844 ], [ 78.8813257, 30.298736 ], [ 78.8817333, 30.2984581 ], [ 78.8817548, 30.297893 ], [ 78.8808643, 30.2966424 ], [ 78.8795017, 30.2951603 ], [ 78.8781285, 30.2946415 ], [ 78.8774096, 30.2942987 ], [ 78.8767444, 30.2938726 ], [ 78.8762938, 30.2928906 ], [ 78.8759612, 30.2924089 ], [ 78.8749159, 30.2921934 ], [ 78.8739657, 30.2917604 ], [ 78.8735613, 30.2906503 ], [ 78.8734936, 30.2900466 ], [ 78.8726504, 30.289809 ], [ 78.8710796, 30.2897131 ], [ 78.8707685, 30.2889719 ], [ 78.8698458, 30.2879528 ], [ 78.8695328, 30.2877351 ], [ 78.8694043, 30.2875987 ] ] } },
{ "type": "Feature", "properties": { "alt_name": null, "area": null, "boat": null, "destination": null, "int_name": null, "intermittent": null, "layer": null, "name": "Bar Gad", "name:en": null, "name:hi": null, "name:kn": null, "name:ml": null, "plant:source": null, "power": null, "seasonal": null, "waterway": "stream", "wikipedia": null, "osm_id": 1074717653, "source": "OPEN_DATA", "tunnel": null }, "geometry": { "type": "LineString", "coordinates": [ [ 78.9710784, 30.23078 ], [ 78.9705419, 30.2320036 ], [ 78.9700913, 30.2330603 ], [ 78.9694476, 30.2340243 ], [ 78.9684176, 30.2344507 ], [ 78.9670229, 30.2345434 ], [ 78.9659714, 30.2347659 ], [ 78.9644909, 30.2350996 ], [ 78.9634287, 30.2353128 ], [ 78.9628386, 30.2355167 ], [ 78.9623022, 30.2365363 ], [ 78.9619052, 30.2375189 ], [ 78.9611864, 30.238696 ], [ 78.9603925, 30.2398825 ], [ 78.959856, 30.2418475 ], [ 78.9598989, 30.2429597 ], [ 78.95962, 30.2437568 ], [ 78.9590406, 30.2438124 ], [ 78.9583111, 30.2434417 ], [ 78.9577102, 30.2431451 ], [ 78.9569807, 30.2432099 ], [ 78.9559829, 30.2443963 ], [ 78.9551031, 30.2462593 ], [ 78.9548993, 30.2474827 ], [ 78.9546418, 30.2477051 ], [ 78.953762, 30.2477422 ], [ 78.9531827, 30.2484095 ], [ 78.9522385, 30.2487802 ], [ 78.9509725, 30.2487061 ], [ 78.9505434, 30.2488173 ], [ 78.9501357, 30.2494104 ] ] } },
{ "type": "Feature", "properties": { "alt_name": null, "area": null, "boat": null, "destination": null, "int_name": null, "intermittent": null, "layer": null, "name": "Narkota Gad", "name:en": null, "name:hi": null, "name:kn": null, "name:ml": null, "plant:source": null, "power": null, "seasonal": null, "waterway": "stream", "wikipedia": null, "osm_id": 1074717652, "source": "OPEN_DATA", "tunnel": null }, "geometry": { "type": "LineString", "coordinates": [ [ 78.9501357, 30.2494104 ], [ 78.9500713, 30.2507079 ], [ 78.9493847, 30.2513938 ], [ 78.9479685, 30.2517089 ], [ 78.9465523, 30.2518572 ], [ 78.9452863, 30.2516903 ], [ 78.9439559, 30.2513382 ], [ 78.9427757, 30.2513011 ], [ 78.9417887, 30.2518201 ], [ 78.9411878, 30.2522093 ], [ 78.939836, 30.2534327 ], [ 78.9382481, 30.2546931 ], [ 78.9376688, 30.2558793 ], [ 78.937068, 30.2563797 ], [ 78.9364671, 30.2571767 ], [ 78.9363384, 30.2577884 ], [ 78.9356088, 30.2579366 ], [ 78.933742, 30.2580664 ], [ 78.9327335, 30.2584371 ], [ 78.9315748, 30.2593082 ], [ 78.9308023, 30.2599013 ], [ 78.9298412, 30.2605471 ] ] } },
{ "type": "Feature", "properties": { "alt_name": null, "area": null, "boat": null, "destination": null, "int_name": null, "intermittent": null, "layer": null, "name": null, "name:en": null, "name:hi": null, "name:kn": null, "name:ml": null, "plant:source": null, "power": null, "seasonal": null, "waterway": "stream", "wikipedia": null, "osm_id": 1072032132, "source": "OPEN_DATA", "tunnel": null }, "geometry": { "type": "LineString", "coordinates": [ [ 78.9331641, 30.308805 ], [ 78.9332924, 30.3089919 ], [ 78.9334047, 30.3092758 ], [ 78.9336769, 30.3095774 ], [ 78.9338297, 30.3097466 ], [ 78.9342627, 30.3099474 ], [ 78.9347038, 30.3103004 ], [ 78.9358827, 30.3107643 ], [ 78.9363917, 30.310984 ], [ 78.936444, 30.3110066 ], [ 78.9369412, 30.311512 ], [ 78.9375667, 30.3119481 ], [ 78.9382404, 30.3120451 ], [ 78.939339, 30.3130212 ], [ 78.9398202, 30.3132566 ], [ 78.9409189, 30.3142189 ], [ 78.9415283, 30.3145512 ], [ 78.9420095, 30.3148143 ], [ 78.9428435, 30.3152919 ], [ 78.9434771, 30.3153681 ], [ 78.9440144, 30.3151327 ], [ 78.9444314, 30.3151396 ], [ 78.9449286, 30.3156173 ], [ 78.9454258, 30.3155965 ], [ 78.9460834, 30.3156381 ], [ 78.9468131, 30.3157142 ], [ 78.9472746, 30.3158998 ], [ 78.9474367, 30.3162003 ], [ 78.9477181, 30.3168754 ], [ 78.9479183, 30.3172006 ], [ 78.9481997, 30.3175175 ], [ 78.9486127, 30.3178741 ], [ 78.9488196, 30.3180526 ], [ 78.9493489, 30.3183408 ], [ 78.9504647, 30.3188553 ], [ 78.9505839, 30.3191146 ], [ 78.9514851, 30.3193986 ], [ 78.9521145, 30.3194769 ], [ 78.9525151, 30.3196456 ], [ 78.9530157, 30.3199091 ], [ 78.9533209, 30.3201107 ], [ 78.9539789, 30.3200902 ], [ 78.9543509, 30.3199749 ], [ 78.9545742, 30.3199436 ], [ 78.9549088, 30.3198967 ], [ 78.9552235, 30.3202713 ], [ 78.9559961, 30.3204678 ], [ 78.9568323, 30.3210266 ], [ 78.9575066, 30.3215854 ], [ 78.9578622, 30.3216835 ], [ 78.9588149, 30.3219463 ], [ 78.9598129, 30.3221326 ], [ 78.9600073, 30.3223816 ], [ 78.960231, 30.3226681 ], [ 78.960757, 30.3229126 ], [ 78.9617415, 30.3233317 ], [ 78.962308, 30.3235878 ], [ 78.9629823, 30.3234831 ], [ 78.9638197, 30.323134 ], [ 78.9640104, 30.3230187 ], [ 78.9642488, 30.3231216 ], [ 78.9648663, 30.3232636 ], [ 78.9651047, 30.3234385 ], [ 78.9652955, 30.3236423 ], [ 78.9657008, 30.3238131 ], [ 78.966087, 30.3239613 ], [ 78.9663231, 30.323916 ], [ 78.966478, 30.3237781 ], [ 78.9666568, 30.3236896 ], [ 78.9668225, 30.3237464 ], [ 78.9669864, 30.3236196 ] ] } },
{ "type": "Feature", "properties": { "alt_name": null, "area": null, "boat": null, "destination": null, "int_name": null, "intermittent": null, "layer": null, "name": null, "name:en": null, "name:hi": null, "name:kn": null, "name:ml": null, "plant:source": null, "power": null, "seasonal": null, "waterway": "stream", "wikipedia": null, "osm_id": 1080067830, "source": "OPEN_DATA", "tunnel": null }, "geometry": { "type": "LineString", "coordinates": [ [ 78.93514, 30.3241716 ], [ 78.9354888, 30.3238462 ], [ 78.9356291, 30.3236247 ], [ 78.935732, 30.3236242 ], [ 78.9363509, 30.3236212 ], [ 78.9364976, 30.3237169 ], [ 78.9366957, 30.3238462 ], [ 78.937209, 30.3238843 ], [ 78.9377503, 30.3237874 ], [ 78.9378602, 30.3238295 ], [ 78.9381392, 30.3239362 ], [ 78.9386525, 30.3238289 ], [ 78.9389244, 30.3236695 ], [ 78.9390775, 30.3235797 ], [ 78.9393782, 30.3234343 ], [ 78.9397471, 30.3230744 ], [ 78.9400719, 30.3223822 ], [ 78.9403486, 30.3221156 ], [ 78.9403446, 30.3218249 ], [ 78.9406099, 30.3213156 ], [ 78.9408086, 30.3209941 ], [ 78.9409816, 30.3207542 ], [ 78.9413303, 30.3204801 ], [ 78.941628, 30.3204263 ], [ 78.9418151, 30.3203357 ], [ 78.9418633, 30.3202231 ], [ 78.9421497, 30.3200053 ], [ 78.9422688, 30.3198242 ], [ 78.9420618, 30.3195795 ], [ 78.9419796, 30.3194008 ], [ 78.9420561, 30.3192319 ], [ 78.942287, 30.3191084 ], [ 78.9425264, 30.3190473 ], [ 78.9429648, 30.3189163 ], [ 78.9434773, 30.3186718 ], [ 78.9437234, 30.3186748 ], [ 78.9438751, 30.3189716 ], [ 78.9441112, 30.3190531 ], [ 78.9444146, 30.3190735 ], [ 78.9449069, 30.3189891 ], [ 78.9452879, 30.3188145 ], [ 78.9455947, 30.3187941 ], [ 78.9459454, 30.318797 ], [ 78.9466636, 30.3187766 ], [ 78.9471289, 30.3187795 ], [ 78.9477257, 30.3187039 ], [ 78.9480055, 30.3184506 ], [ 78.9481505, 30.3182149 ], [ 78.9486127, 30.3178741 ] ] } },
{ "type": "Feature", "properties": { "alt_name": null, "area": null, "boat": null, "destination": null, "int_name": null, "intermittent": null, "layer": null, "name": null, "name:en": null, "name:hi": null, "name:kn": null, "name:ml": null, "plant:source": null, "power": null, "seasonal": null, "waterway": "stream", "wikipedia": null, "osm_id": 1254105371, "source": "OPEN_DATA", "tunnel": null }, "geometry": { "type": "LineString", "coordinates": [ [ 78.999804, 30.3296742 ], [ 78.9991535, 30.3293303 ], [ 78.998812, 30.3290847 ], [ 78.9983974, 30.3287408 ], [ 78.9978932, 30.3284811 ], [ 78.9973159, 30.328432 ], [ 78.9966655, 30.3283056 ], [ 78.995828, 30.3279688 ], [ 78.9951531, 30.3281512 ], [ 78.9947547, 30.3283618 ], [ 78.9940798, 30.3285092 ], [ 78.9937221, 30.3287478 ], [ 78.9930228, 30.3287267 ], [ 78.9923154, 30.3287478 ], [ 78.9905835, 30.3290425 ], [ 78.9901363, 30.3289022 ], [ 78.9892907, 30.3288741 ], [ 78.9888516, 30.3289443 ], [ 78.9883638, 30.3294285 ], [ 78.987697, 30.3295619 ], [ 78.9871604, 30.3301935 ], [ 78.9867376, 30.3306918 ], [ 78.9859896, 30.3306988 ], [ 78.9854366, 30.3306286 ], [ 78.985022, 30.3308602 ], [ 78.9841682, 30.3309795 ], [ 78.9834527, 30.3313234 ], [ 78.9832413, 30.3316533 ], [ 78.9829648, 30.3319199 ], [ 78.9826071, 30.33232 ], [ 78.982355, 30.3324042 ], [ 78.9815907, 30.3324322 ], [ 78.9808833, 30.3331761 ], [ 78.9805581, 30.3334569 ], [ 78.979745, 30.3335691 ], [ 78.9792246, 30.3337095 ], [ 78.978753, 30.3339972 ], [ 78.9782164, 30.3340674 ], [ 78.9777773, 30.3340674 ], [ 78.9776228, 30.3342007 ], [ 78.9770618, 30.334306 ], [ 78.9766878, 30.3343411 ], [ 78.9757934, 30.3348113 ], [ 78.9753319, 30.3351422 ], [ 78.975002, 30.3352721 ], [ 78.9744924, 30.3351552 ], [ 78.9740717, 30.3352507 ], [ 78.9734252, 30.3353384 ], [ 78.9729943, 30.3354717 ], [ 78.9727341, 30.3356402 ], [ 78.9723032, 30.3360858 ], [ 78.972169, 30.3363104 ], [ 78.971917, 30.3363454 ], [ 78.9715429, 30.3362437 ], [ 78.9710591, 30.3360998 ], [ 78.9706282, 30.3360858 ], [ 78.9694899, 30.3363209 ], [ 78.9693069, 30.3364121 ], [ 78.9685995, 30.3362437 ], [ 78.9683551, 30.3361043 ] ] } },
{ "type": "Feature", "properties": { "alt_name": null, "area": null, "boat": null, "destination": null, "int_name": null, "intermittent": null, "layer": null, "name": null, "name:en": null, "name:hi": null, "name:kn": null, "name:ml": null, "plant:source": null, "power": null, "seasonal": null, "waterway": "stream", "wikipedia": null, "osm_id": 1080064219, "source": "OPEN_DATA", "tunnel": null }, "geometry": { "type": "LineString", "coordinates": [ [ 78.9199129, 30.3315812 ], [ 78.920015, 30.3317671 ], [ 78.9201057, 30.3322957 ], [ 78.9204346, 30.3333431 ], [ 78.9208769, 30.3339402 ], [ 78.921115, 30.3340968 ], [ 78.921977, 30.3349191 ], [ 78.9226688, 30.3351442 ], [ 78.9235572, 30.3360441 ], [ 78.9235842, 30.3367105 ], [ 78.9240495, 30.337182 ], [ 78.9240186, 30.3374149 ], [ 78.9239618, 30.3378425 ], [ 78.9237797, 30.3379968 ], [ 78.9236651, 30.3382034 ], [ 78.9237272, 30.3386049 ], [ 78.9239798, 30.3393973 ], [ 78.9240199, 30.3398126 ], [ 78.9244489, 30.3405532 ], [ 78.9250183, 30.3409269 ], [ 78.9256759, 30.340875 ], [ 78.9260729, 30.3408923 ], [ 78.9262292, 30.340913 ], [ 78.9268108, 30.3411016 ], [ 78.9270833, 30.3411899 ], [ 78.9274402, 30.3413283 ], [ 78.9279454, 30.3414494 ], [ 78.9283704, 30.3415809 ], [ 78.928619, 30.3418681 ], [ 78.9289716, 30.3419479 ], [ 78.9292004, 30.3419996 ], [ 78.9301267, 30.3422869 ], [ 78.9305998, 30.343152 ], [ 78.9309286, 30.3435672 ], [ 78.9311812, 30.343716 ], [ 78.9316303, 30.343934 ], [ 78.9321122, 30.3441065 ], [ 78.9325885, 30.3442019 ], [ 78.9329713, 30.3441872 ], [ 78.9331745, 30.344371 ], [ 78.9332487, 30.3444661 ], [ 78.9336356, 30.3447724 ], [ 78.9338702, 30.3448174 ], [ 78.9340065, 30.3449558 ], [ 78.9342959, 30.3450325 ], [ 78.9344485, 30.3449523 ], [ 78.9347012, 30.3448103 ], [ 78.9348371, 30.3447609 ], [ 78.9352257, 30.3448185 ], [ 78.9353283, 30.3447362 ], [ 78.9356501, 30.3444934 ], [ 78.9358742, 30.3444811 ], [ 78.9361341, 30.3445037 ], [ 78.9366944, 30.3443556 ], [ 78.9370759, 30.3444482 ], [ 78.9374621, 30.3444996 ], [ 78.9379008, 30.3443453 ], [ 78.9382751, 30.3441972 ], [ 78.9384635, 30.3438844 ], [ 78.938771, 30.3436951 ], [ 78.9391143, 30.3436807 ], [ 78.9396484, 30.3437713 ], [ 78.9397306, 30.3437787 ], [ 78.9401417, 30.3439059 ], [ 78.9403175, 30.3440209 ], [ 78.9406577, 30.3440576 ], [ 78.9411908, 30.3441408 ], [ 78.9416076, 30.3442485 ], [ 78.9418684, 30.3444418 ], [ 78.9424723, 30.344591 ], [ 78.9427757, 30.3446033 ], [ 78.943028, 30.3444589 ], [ 78.9432719, 30.3443414 ], [ 78.9437227, 30.3441433 ], [ 78.9440487, 30.3441114 ], [ 78.9440941, 30.3440429 ], [ 78.9445648, 30.3438154 ], [ 78.9448483, 30.3436196 ], [ 78.9451517, 30.3436343 ], [ 78.9454097, 30.3437224 ], [ 78.9456167, 30.3436588 ], [ 78.9458548, 30.3435609 ], [ 78.9459399, 30.3432795 ], [ 78.9464559, 30.343047 ], [ 78.9466175, 30.3429198 ], [ 78.9467621, 30.3428268 ], [ 78.9472583, 30.3425626 ], [ 78.9475815, 30.3425993 ], [ 78.9478736, 30.3426849 ], [ 78.9482421, 30.3426531 ], [ 78.9487326, 30.3424647 ], [ 78.9490474, 30.3423962 ], [ 78.9491551, 30.3421637 ], [ 78.9492855, 30.3421711 ], [ 78.9495407, 30.34199 ], [ 78.9498048, 30.3418834 ], [ 78.9501236, 30.3420114 ], [ 78.9502378, 30.342008 ], [ 78.9505506, 30.3419941 ], [ 78.9508333, 30.3418678 ], [ 78.9513626, 30.342046 ], [ 78.9516232, 30.3419734 ], [ 78.9520282, 30.3417848 ], [ 78.9521444, 30.3417017 ], [ 78.9521705, 30.3415339 ], [ 78.9523028, 30.341482 ], [ 78.952796, 30.3414024 ], [ 78.9530546, 30.341366 ], [ 78.9533674, 30.3412622 ], [ 78.9535799, 30.3411965 ], [ 78.9538606, 30.341039 ], [ 78.9540871, 30.34102 ], [ 78.9541994, 30.3409144 ], [ 78.954436, 30.3408193 ], [ 78.9546465, 30.3408106 ], [ 78.954837, 30.3407743 ], [ 78.9550154, 30.3406636 ], [ 78.9552595, 30.3407028 ], [ 78.9555742, 30.3406734 ], [ 78.9558309, 30.3405523 ], [ 78.9559973, 30.3404952 ], [ 78.9562112, 30.3405245 ], [ 78.9564735, 30.340366 ], [ 78.9567906, 30.3401459 ], [ 78.9571435, 30.3402302 ], [ 78.9573509, 30.3401952 ], [ 78.9576513, 30.340078 ], [ 78.9579875, 30.3398598 ], [ 78.9580804, 30.3398166 ], [ 78.9583808, 30.3397796 ], [ 78.9586574, 30.3398187 ], [ 78.9588768, 30.3398146 ], [ 78.959027, 30.3397384 ], [ 78.959201, 30.339687 ], [ 78.9595491, 30.3393537 ], [ 78.9596516, 30.339331 ], [ 78.9599592, 30.3392858 ], [ 78.9601308, 30.3392014 ], [ 78.9603812, 30.3391726 ], [ 78.9606625, 30.3391932 ], [ 78.9608056, 30.3392055 ], [ 78.9609772, 30.3392055 ], [ 78.961137, 30.3391582 ], [ 78.9613039, 30.3391458 ], [ 78.9615304, 30.338938 ], [ 78.961764, 30.3387508 ], [ 78.9618713, 30.3383948 ], [ 78.9620525, 30.3383187 ], [ 78.9622623, 30.3381499 ], [ 78.9623887, 30.3381047 ], [ 78.962577, 30.3380409 ], [ 78.962763, 30.337903 ], [ 78.9629585, 30.3379462 ], [ 78.9630586, 30.3379503 ], [ 78.9632756, 30.3378783 ], [ 78.9635402, 30.3378927 ], [ 78.9637286, 30.337831 ], [ 78.9638287, 30.3378516 ], [ 78.9640361, 30.3378372 ], [ 78.9644295, 30.3378186 ], [ 78.9645368, 30.3378989 ], [ 78.9647705, 30.3379709 ], [ 78.9649183, 30.3380738 ], [ 78.9652783, 30.3382446 ], [ 78.9653546, 30.3383557 ], [ 78.9655692, 30.3384277 ], [ 78.9657575, 30.3383907 ], [ 78.9658457, 30.3384154 ], [ 78.9659149, 30.3384215 ], [ 78.9660913, 30.3382816 ], [ 78.9662773, 30.338082 ], [ 78.966406, 30.3380697 ], [ 78.9665586, 30.3380347 ], [ 78.9667136, 30.3380285 ], [ 78.9668137, 30.3381047 ], [ 78.9669115, 30.3380553 ], [ 78.9669639, 30.3380985 ], [ 78.9672213, 30.3381438 ] ] } },
{ "type": "Feature", "properties": { "alt_name": null, "area": null, "boat": null, "destination": null, "int_name": null, "intermittent": null, "layer": null, "name": null, "name:en": null, "name:hi": null, "name:kn": null, "name:ml": null, "plant:source": null, "power": null, "seasonal": null, "waterway": "stream", "wikipedia": null, "osm_id": 233234818, "source": "OPEN_DATA", "tunnel": null }, "geometry": { "type": "LineString", "coordinates": [ [ 79.0042275, 30.3490949 ], [ 79.0043045, 30.3493754 ], [ 79.0042703, 30.3499587 ], [ 79.0039281, 30.3505937 ], [ 79.0037912, 30.3508521 ], [ 79.0036714, 30.3508595 ], [ 79.0034832, 30.3509407 ], [ 79.0034147, 30.3511696 ], [ 79.0027302, 30.3515609 ], [ 79.0025677, 30.3517898 ], [ 79.0025848, 30.3522845 ], [ 79.0023709, 30.3525355 ], [ 79.0017549, 30.3529342 ], [ 79.0016779, 30.3534141 ], [ 79.0017634, 30.3535396 ], [ 79.0018661, 30.3536946 ], [ 79.0010961, 30.3539014 ], [ 79.000634, 30.3540933 ], [ 78.9998554, 30.3544699 ], [ 78.9995731, 30.3548316 ], [ 78.9989742, 30.3553337 ], [ 78.9987432, 30.3556807 ], [ 78.9983154, 30.3559686 ], [ 78.9977165, 30.3563968 ], [ 78.9975368, 30.3568324 ], [ 78.9969293, 30.3570022 ], [ 78.9962192, 30.3571573 ], [ 78.9957743, 30.3570244 ], [ 78.9950983, 30.3570687 ], [ 78.9945679, 30.3571646 ], [ 78.994277, 30.3570317 ], [ 78.9938492, 30.3568989 ], [ 78.9933529, 30.3568767 ], [ 78.9930535, 30.3571794 ], [ 78.9929251, 30.3575633 ], [ 78.9928481, 30.3579767 ], [ 78.9926171, 30.358464 ], [ 78.9926856, 30.3587519 ], [ 78.9930449, 30.3591727 ], [ 78.9931562, 30.3597486 ], [ 78.992908, 30.3601399 ], [ 78.992446, 30.3604352 ], [ 78.9917958, 30.3608265 ], [ 78.9915476, 30.3614171 ], [ 78.9910599, 30.3617714 ], [ 78.9905808, 30.3621996 ], [ 78.9899477, 30.3626425 ], [ 78.9899477, 30.3629748 ], [ 78.9898279, 30.3636318 ], [ 78.9895199, 30.3640304 ], [ 78.9891349, 30.3643626 ], [ 78.988998, 30.3646063 ], [ 78.9887498, 30.3652042 ], [ 78.9887283, 30.3664359 ], [ 78.9897505, 30.3673263 ], [ 78.9895551, 30.3678418 ] ] } },
{ "type": "Feature", "properties": { "alt_name": null, "area": null, "boat": null, "destination": null, "int_name": null, "intermittent": null, "layer": null, "name": null, "name:en": null, "name:hi": null, "name:kn": null, "name:ml": null, "plant:source": null, "power": null, "seasonal": null, "waterway": "stream", "wikipedia": null, "osm_id": 1251276551, "source": "OPEN_DATA", "tunnel": null }, "geometry": { "type": "LineString", "coordinates": [ [ 78.9703961, 30.3829846 ], [ 78.9703755, 30.382774 ], [ 78.9703032, 30.3826048 ], [ 78.970489, 30.3823734 ], [ 78.9704718, 30.3820797 ], [ 78.9706265, 30.3818898 ], [ 78.9708467, 30.381777 ], [ 78.9708604, 30.3816138 ], [ 78.9704614, 30.3813735 ], [ 78.9704614, 30.3811658 ], [ 78.9705853, 30.3809967 ], [ 78.9704649, 30.3806406 ], [ 78.9704683, 30.3804507 ], [ 78.9706747, 30.3803309 ], [ 78.970685, 30.3800145 ], [ 78.9708054, 30.3799107 ], [ 78.9708879, 30.3794686 ], [ 78.9707848, 30.3790472 ], [ 78.9709911, 30.3785606 ], [ 78.971084, 30.3783084 ], [ 78.9714658, 30.3778455 ], [ 78.9718888, 30.3775607 ], [ 78.9724735, 30.377163 ], [ 78.972728, 30.3771512 ], [ 78.9727762, 30.3769346 ], [ 78.9733024, 30.376801 ], [ 78.973415, 30.37631 ], [ 78.9734297, 30.3762462 ], [ 78.9738734, 30.3756853 ], [ 78.9742551, 30.3755192 ], [ 78.9743549, 30.3751334 ], [ 78.9747539, 30.3747981 ], [ 78.9749293, 30.3744005 ], [ 78.9753076, 30.3742581 ], [ 78.9759611, 30.3736646 ], [ 78.9767556, 30.3731275 ], [ 78.9767384, 30.3726141 ], [ 78.9769551, 30.372356 ], [ 78.9768347, 30.3718812 ], [ 78.9769861, 30.3717358 ], [ 78.9770789, 30.3714658 ], [ 78.9775226, 30.3714183 ], [ 78.9778322, 30.3714272 ], [ 78.9779422, 30.3713233 ], [ 78.9777909, 30.370985 ], [ 78.9780454, 30.370712 ], [ 78.9782758, 30.3704924 ], [ 78.9784306, 30.3702283 ], [ 78.9790016, 30.3701067 ], [ 78.9793661, 30.3695814 ], [ 78.979514, 30.3689256 ], [ 78.9795725, 30.3685398 ], [ 78.9798133, 30.3683054 ], [ 78.9799337, 30.3680532 ], [ 78.9804736, 30.3678484 ], [ 78.9808245, 30.367789 ], [ 78.9809999, 30.3676051 ], [ 78.9815055, 30.3674329 ], [ 78.9817634, 30.367151 ], [ 78.9818735, 30.3667712 ], [ 78.9822106, 30.3665664 ], [ 78.9822265, 30.3663463 ] ] } },
{ "type": "Feature", "properties": { "alt_name": null, "area": null, "boat": null, "destination": null, "int_name": null, "intermittent": null, "layer": null, "name": null, "name:en": null, "name:hi": null, "name:kn": null, "name:ml": null, "plant:source": null, "power": null, "seasonal": null, "waterway": "stream", "wikipedia": null, "osm_id": 233231717, "source": "OPEN_DATA", "tunnel": null }, "geometry": { "type": "LineString", "coordinates": [ [ 78.9873446, 30.3764949 ], [ 78.9878467, 30.376474 ], [ 78.9883124, 30.3761766 ], [ 78.9887117, 30.3759522 ], [ 78.9891895, 30.3756547 ], [ 78.9896009, 30.3755451 ], [ 78.9900364, 30.3753572 ], [ 78.9906474, 30.3753572 ], [ 78.9910466, 30.3754251 ], [ 78.991585, 30.3753259 ], [ 78.992208, 30.375185 ], [ 78.9926738, 30.3750493 ], [ 78.9929763, 30.3750493 ], [ 78.9933332, 30.3749867 ], [ 78.9938292, 30.3748823 ], [ 78.9940046, 30.3746892 ], [ 78.9941014, 30.3744753 ], [ 78.9942768, 30.3742404 ], [ 78.9948757, 30.3741935 ], [ 78.9953656, 30.3741778 ], [ 78.9959463, 30.3741204 ], [ 78.9964, 30.3739951 ], [ 78.9966578, 30.373526 ] ] } },
{ "type": "Feature", "properties": { "alt_name": null, "area": null, "boat": null, "destination": null, "int_name": null, "intermittent": null, "layer": null, "name": null, "name:en": null, "name:hi": null, "name:kn": null, "name:ml": null, "plant:source": null, "power": null, "seasonal": null, "waterway": "stream", "wikipedia": null, "osm_id": 1251276558, "source": "OPEN_DATA", "tunnel": null }, "geometry": { "type": "LineString", "coordinates": [ [ 78.9746188, 30.3808395 ], [ 78.9746808, 30.3804424 ], [ 78.9747428, 30.3802286 ], [ 78.9746188, 30.3799843 ], [ 78.9744861, 30.3796483 ], [ 78.9742825, 30.3791826 ], [ 78.9742825, 30.3790299 ], [ 78.9736984, 30.3781365 ], [ 78.9734328, 30.3779074 ], [ 78.9733266, 30.377266 ], [ 78.9735036, 30.3768842 ], [ 78.973415, 30.37631 ] ] } },
{ "type": "Feature", "properties": { "alt_name": null, "area": null, "boat": null, "destination": null, "int_name": null, "intermittent": null, "layer": "-1", "name": null, "name:en": null, "name:hi": null, "name:kn": null, "name:ml": null, "plant:source": null, "power": null, "seasonal": null, "waterway": "stream", "wikipedia": null, "osm_id": 1070050518, "source": "OPEN_DATA", "tunnel": "culvert" }, "geometry": { "type": "LineString", "coordinates": [ [ 78.8788005, 30.3073323 ], [ 78.8787944, 30.3072172 ] ] } },
{ "type": "Feature", "properties": { "alt_name": null, "area": null, "boat": null, "destination": null, "int_name": null, "intermittent": null, "layer": null, "name": "Bhardari Gad", "name:en": null, "name:hi": null, "name:kn": null, "name:ml": null, "plant:source": null, "power": null, "seasonal": null, "waterway": "river", "wikipedia": null, "osm_id": 1070050489, "source": "OPEN_DATA", "tunnel": null }, "geometry": { "type": "LineString", "coordinates": [ [ 78.8616425, 30.3517466 ], [ 78.8632446, 30.3530015 ], [ 78.8637499, 30.3534907 ], [ 78.8652042, 30.3540969 ], [ 78.8675458, 30.3552029 ], [ 78.8684454, 30.3556496 ], [ 78.869037, 30.3557878 ], [ 78.8699613, 30.3552986 ], [ 78.869912, 30.3549158 ], [ 78.8707377, 30.354065 ], [ 78.8711937, 30.3539374 ], [ 78.8712307, 30.3534376 ], [ 78.871317, 30.3528633 ], [ 78.8728698, 30.3529377 ], [ 78.8737202, 30.3531611 ], [ 78.8744473, 30.3526825 ], [ 78.8747924, 30.3520018 ], [ 78.8744847, 30.3509054 ], [ 78.8746902, 30.3502606 ], [ 78.8757923, 30.3498899 ], [ 78.8776976, 30.3504863 ], [ 78.8784448, 30.3504863 ], [ 78.8783888, 30.3499221 ], [ 78.878202, 30.3494385 ], [ 78.8780239, 30.3490788 ], [ 78.8781741, 30.3488843 ], [ 78.8782814, 30.3486436 ], [ 78.8780561, 30.3483473 ], [ 78.878099, 30.3480511 ], [ 78.8791612, 30.347727 ], [ 78.8793674, 30.3475381 ], [ 78.8797406, 30.3473104 ], [ 78.8797942, 30.3468752 ], [ 78.8801804, 30.3467085 ], [ 78.8805881, 30.3456808 ], [ 78.8815215, 30.3448568 ], [ 78.8822833, 30.3444308 ], [ 78.8828948, 30.3441623 ], [ 78.8835708, 30.3439216 ], [ 78.8840643, 30.3439772 ], [ 78.8847187, 30.3441809 ], [ 78.8854268, 30.3444679 ], [ 78.8862315, 30.3444031 ], [ 78.8868538, 30.3442549 ], [ 78.8866607, 30.343829 ], [ 78.8866821, 30.343292 ], [ 78.8871113, 30.3429864 ], [ 78.8876263, 30.3429586 ], [ 78.8881305, 30.342579 ], [ 78.8885167, 30.3424679 ], [ 78.8888923, 30.3425235 ], [ 78.8893643, 30.3426901 ], [ 78.8894394, 30.3431161 ], [ 78.8895467, 30.3431809 ], [ 78.8898364, 30.3432827 ], [ 78.8900617, 30.3431716 ], [ 78.8903085, 30.3429309 ], [ 78.890566, 30.3425049 ], [ 78.8907376, 30.3419587 ], [ 78.890684, 30.341755 ], [ 78.8908878, 30.3415142 ], [ 78.8909522, 30.3412087 ], [ 78.8911131, 30.3410327 ], [ 78.8915795, 30.340927 ], [ 78.8921645, 30.3409031 ], [ 78.8930229, 30.3406994 ], [ 78.8933876, 30.3405975 ], [ 78.8939133, 30.3404494 ], [ 78.8945893, 30.340042 ], [ 78.8947609, 30.3397827 ], [ 78.8948146, 30.3396068 ], [ 78.8946536, 30.3390049 ], [ 78.8946107, 30.3387364 ], [ 78.8946751, 30.3385604 ], [ 78.8947717, 30.338403 ], [ 78.8948897, 30.3381808 ], [ 78.8949004, 30.3379956 ], [ 78.8948146, 30.3377641 ], [ 78.8948682, 30.3375419 ], [ 78.8950291, 30.3373474 ], [ 78.895351, 30.3371437 ], [ 78.8955119, 30.3370696 ], [ 78.8956943, 30.3366252 ], [ 78.8956514, 30.3365418 ], [ 78.8954637, 30.3364955 ], [ 78.8952384, 30.3364678 ], [ 78.8947877, 30.3362316 ], [ 78.8947126, 30.3360881 ], [ 78.8943908, 30.3356483 ], [ 78.894364, 30.3355371 ], [ 78.8938919, 30.3350001 ], [ 78.89379, 30.3345787 ], [ 78.8937417, 30.3344537 ], [ 78.8936934, 30.3341482 ], [ 78.8938007, 30.3338009 ], [ 78.8942996, 30.333662 ], [ 78.8944981, 30.3335787 ], [ 78.8945839, 30.3333518 ], [ 78.8946107, 30.3329814 ], [ 78.8942352, 30.332773 ], [ 78.8942459, 30.3321572 ], [ 78.894203, 30.3317868 ], [ 78.8941923, 30.3316248 ], [ 78.8945571, 30.3316664 ], [ 78.8950506, 30.331634 ], [ 78.8954154, 30.331634 ], [ 78.8956461, 30.3314025 ], [ 78.8957104, 30.3311432 ], [ 78.8956085, 30.3306386 ], [ 78.89563, 30.3303515 ], [ 78.8954959, 30.3301755 ], [ 78.8953832, 30.329944 ], [ 78.895748, 30.3297773 ], [ 78.8959143, 30.3295505 ], [ 78.8958982, 30.3293143 ], [ 78.8957319, 30.3292078 ], [ 78.8953725, 30.3288883 ], [ 78.8959465, 30.3283559 ], [ 78.8960967, 30.328291 ], [ 78.8964293, 30.3283003 ], [ 78.8966438, 30.3282308 ], [ 78.8968906, 30.3281475 ], [ 78.8970086, 30.3280827 ], [ 78.8971266, 30.3280364 ], [ 78.8972768, 30.3279206 ], [ 78.8973412, 30.3278141 ], [ 78.8972822, 30.3276752 ], [ 78.8972125, 30.3275224 ], [ 78.8970301, 30.3273881 ], [ 78.8966438, 30.3272724 ], [ 78.8966385, 30.3268973 ], [ 78.8966814, 30.3266936 ], [ 78.8968101, 30.3264852 ], [ 78.8968638, 30.3263 ], [ 78.8969022, 30.326217 ], [ 78.8969174, 30.3261842 ], [ 78.8972339, 30.3260083 ], [ 78.8975558, 30.3259759 ], [ 78.8977972, 30.3255221 ], [ 78.8976792, 30.3253137 ], [ 78.897588, 30.3249016 ], [ 78.8978193, 30.3247749 ], [ 78.8984825, 30.3246781 ], [ 78.8988841, 30.3248555 ], [ 78.8992764, 30.3247991 ], [ 78.8996967, 30.3246217 ], [ 78.8999955, 30.3245008 ], [ 78.9009109, 30.3247507 ], [ 78.9015927, 30.3247749 ], [ 78.9020877, 30.3248555 ], [ 78.9023025, 30.3248878 ], [ 78.9025267, 30.324783 ], [ 78.9027508, 30.3245653 ], [ 78.9025734, 30.3243718 ], [ 78.9024613, 30.3241864 ], [ 78.9031058, 30.3239848 ], [ 78.9036755, 30.3239364 ], [ 78.9039464, 30.3239203 ], [ 78.90432, 30.3236381 ], [ 78.9042079, 30.3234124 ], [ 78.9044507, 30.3230899 ], [ 78.904843, 30.322582 ], [ 78.9052353, 30.322453 ], [ 78.9054127, 30.3223482 ], [ 78.9059171, 30.3224772 ], [ 78.9062814, 30.3226707 ], [ 78.9074489, 30.322711 ], [ 78.908056, 30.3220982 ], [ 78.9079812, 30.3216387 ], [ 78.9082801, 30.3212114 ], [ 78.9092328, 30.3210663 ], [ 78.909541, 30.3206793 ], [ 78.9102602, 30.3203245 ], [ 78.9114277, 30.3196957 ], [ 78.91182, 30.3193732 ], [ 78.9121469, 30.3193651 ], [ 78.9123991, 30.3195989 ], [ 78.9129034, 30.3195908 ], [ 78.9135479, 30.3192522 ], [ 78.9138841, 30.319091 ], [ 78.9136506, 30.3185911 ], [ 78.9134918, 30.3183734 ], [ 78.9136506, 30.318188 ], [ 78.9143138, 30.3182283 ], [ 78.9149489, 30.3189458 ], [ 78.9152758, 30.3189458 ], [ 78.9163032, 30.3180428 ], [ 78.916546, 30.3180267 ], [ 78.9168823, 30.3179864 ], [ 78.9168356, 30.3177284 ], [ 78.9167982, 30.3174704 ], [ 78.9173119, 30.3172608 ], [ 78.9177976, 30.3173091 ], [ 78.9183299, 30.3173333 ], [ 78.918937, 30.3171317 ], [ 78.9190304, 30.3168657 ], [ 78.9188343, 30.3165512 ], [ 78.9184327, 30.3160352 ], [ 78.9180497, 30.3158095 ], [ 78.9177322, 30.3156643 ], [ 78.9173399, 30.3155918 ], [ 78.9164993, 30.3157611 ], [ 78.9160977, 30.3151322 ], [ 78.9161631, 30.3149306 ], [ 78.9161537, 30.3146081 ], [ 78.9160977, 30.3137695 ], [ 78.9160043, 30.3127133 ], [ 78.9162565, 30.3121731 ], [ 78.9165834, 30.3118022 ], [ 78.9168356, 30.3113587 ], [ 78.917041, 30.3106491 ], [ 78.9169009, 30.3105282 ], [ 78.9163592, 30.3101976 ], [ 78.9157988, 30.3099557 ], [ 78.9156307, 30.3095606 ], [ 78.9152851, 30.3091413 ], [ 78.9151917, 30.3089075 ], [ 78.915612, 30.3085527 ], [ 78.9156681, 30.308214 ], [ 78.9157054, 30.3074722 ], [ 78.9157521, 30.307198 ], [ 78.9158082, 30.3069238 ], [ 78.9157708, 30.3067223 ], [ 78.9155186, 30.3064965 ], [ 78.9152478, 30.3062707 ], [ 78.9154813, 30.3056175 ], [ 78.9155373, 30.3052789 ], [ 78.9156774, 30.3049644 ], [ 78.9160603, 30.3048999 ], [ 78.9165834, 30.3043032 ], [ 78.9169103, 30.3039 ], [ 78.9173119, 30.3034323 ], [ 78.9177509, 30.3030936 ], [ 78.9181058, 30.302892 ], [ 78.9188997, 30.3030049 ], [ 78.9193387, 30.3026662 ], [ 78.9192733, 30.3020211 ], [ 78.919759, 30.3016985 ], [ 78.9204688, 30.3013921 ], [ 78.9205809, 30.3009889 ], [ 78.9204968, 30.3008599 ], [ 78.9201793, 30.3008841 ], [ 78.9198991, 30.3008034 ], [ 78.919787, 30.3005534 ], [ 78.9199551, 30.3000535 ], [ 78.9199738, 30.2998196 ], [ 78.9200578, 30.2994487 ], [ 78.9201326, 30.2992309 ], [ 78.919815, 30.2989971 ], [ 78.919376, 30.2990616 ], [ 78.9190211, 30.2989648 ], [ 78.918853, 30.2987713 ], [ 78.9189651, 30.2982713 ], [ 78.9190304, 30.2978681 ], [ 78.9191145, 30.2976907 ], [ 78.9193947, 30.2975374 ], [ 78.9196823, 30.2971872 ], [ 78.9197029, 30.2968036 ], [ 78.9199738, 30.2967955 ], [ 78.9212627, 30.2972068 ], [ 78.921683, 30.2973923 ], [ 78.9217764, 30.2975697 ], [ 78.9221407, 30.2976019 ], [ 78.922561, 30.2975778 ], [ 78.9227758, 30.2973842 ], [ 78.9226544, 30.2967955 ], [ 78.9226917, 30.2965778 ], [ 78.9229065, 30.2964568 ], [ 78.9230933, 30.2963278 ], [ 78.923084, 30.2960536 ], [ 78.9229906, 30.2958036 ], [ 78.9227104, 30.2954649 ], [ 78.9223461, 30.2953358 ], [ 78.9221874, 30.2950536 ], [ 78.9221874, 30.2948923 ], [ 78.9224956, 30.2948278 ], [ 78.9229906, 30.2947471 ], [ 78.9232334, 30.2947794 ], [ 78.9236818, 30.2947229 ], [ 78.9238405, 30.2947552 ], [ 78.9243449, 30.2947552 ], [ 78.9244009, 30.2946181 ], [ 78.9248586, 30.2943681 ], [ 78.9245784, 30.2941665 ], [ 78.924513, 30.2938439 ], [ 78.9243729, 30.2935858 ], [ 78.9240927, 30.293102 ], [ 78.9241301, 30.2929729 ], [ 78.9241114, 30.2927713 ], [ 78.9238686, 30.2927874 ], [ 78.923551, 30.2925939 ], [ 78.923523, 30.2921745 ], [ 78.9238686, 30.2916584 ], [ 78.9240647, 30.2913358 ], [ 78.92399, 30.2910454 ], [ 78.9237378, 30.2910938 ], [ 78.9236164, 30.290618 ], [ 78.9239806, 30.2900051 ], [ 78.924046, 30.2897793 ], [ 78.9239153, 30.2891905 ], [ 78.9239032, 30.2887716 ], [ 78.9242129, 30.2882882 ], [ 78.9245117, 30.2878849 ], [ 78.9251014, 30.2876178 ], [ 78.9257926, 30.2878275 ], [ 78.9263343, 30.2873194 ], [ 78.9261755, 30.2869887 ], [ 78.9257577, 30.2864523 ], [ 78.9254657, 30.2860774 ], [ 78.9251014, 30.2858032 ], [ 78.9243636, 30.2858596 ], [ 78.9241581, 30.2856983 ], [ 78.9240367, 30.2853757 ], [ 78.924046, 30.284916 ], [ 78.9240897, 30.28442 ], [ 78.9241021, 30.2842788 ], [ 78.9233549, 30.2834239 ], [ 78.9225143, 30.2824883 ], [ 78.9220566, 30.2826576 ], [ 78.9214775, 30.282819 ], [ 78.9205155, 30.2830851 ], [ 78.919871, 30.282085 ], [ 78.9203194, 30.281714 ], [ 78.9208424, 30.2809477 ], [ 78.9212627, 30.2803912 ], [ 78.9213561, 30.2803428 ], [ 78.9218231, 30.2806009 ], [ 78.9224022, 30.2813752 ], [ 78.9225147, 30.2813789 ], [ 78.9228879, 30.2813913 ], [ 78.9235043, 30.281101 ], [ 78.9240273, 30.2807219 ], [ 78.9243636, 30.280238 ], [ 78.9240927, 30.2796975 ], [ 78.9241207, 30.2791168 ], [ 78.9240087, 30.2788184 ], [ 78.9241581, 30.2783748 ], [ 78.9241207, 30.2781731 ], [ 78.9239937, 30.2780603 ], [ 78.9237938, 30.2778827 ], [ 78.9239757, 30.2775515 ], [ 78.9240866, 30.2773599 ], [ 78.9241606, 30.2770299 ], [ 78.9241236, 30.2767852 ], [ 78.9238278, 30.2766255 ], [ 78.9233225, 30.2764552 ], [ 78.9227926, 30.2762956 ], [ 78.9223736, 30.2758166 ], [ 78.9223243, 30.2754547 ], [ 78.9226201, 30.2750822 ], [ 78.9229898, 30.2748694 ], [ 78.9231623, 30.2747523 ], [ 78.9232239, 30.2744223 ], [ 78.9221517, 30.273656 ], [ 78.9219053, 30.2733367 ], [ 78.9219299, 30.2728152 ], [ 78.9220285, 30.2723575 ], [ 78.9217204, 30.2720914 ], [ 78.9216711, 30.2719424 ], [ 78.9217081, 30.271836 ], [ 78.9220039, 30.2718998 ], [ 78.9223613, 30.2718892 ], [ 78.922238, 30.271208 ], [ 78.9223489, 30.2708993 ], [ 78.9229651, 30.2703671 ], [ 78.9233842, 30.2701862 ], [ 78.923569, 30.2700371 ], [ 78.9235814, 30.2695582 ], [ 78.9240497, 30.2693027 ], [ 78.9245426, 30.2683767 ], [ 78.9249, 30.2683235 ], [ 78.925393, 30.2684193 ], [ 78.9260585, 30.2682915 ], [ 78.9264282, 30.2681638 ], [ 78.9264652, 30.2677593 ], [ 78.9260339, 30.2670887 ], [ 78.9258983, 30.2668226 ], [ 78.9262927, 30.2662798 ], [ 78.9263296, 30.2657688 ], [ 78.925812, 30.2649279 ], [ 78.9253191, 30.264598 ], [ 78.924444, 30.2634696 ], [ 78.9236183, 30.2627139 ], [ 78.922731, 30.2626287 ], [ 78.9220532, 30.2620752 ], [ 78.9220039, 30.2617665 ], [ 78.9218272, 30.2615256 ], [ 78.9215355, 30.2611278 ], [ 78.9214, 30.2607233 ], [ 78.9212028, 30.2604252 ], [ 78.9203906, 30.2600794 ] ] } },
{ "type": "Feature", "properties": { "alt_name": null, "area": null, "boat": null, "destination": null, "int_name": null, "intermittent": null, "layer": null, "name": null, "name:en": null, "name:hi": null, "name:kn": null, "name:ml": null, "plant:source": null, "power": null, "seasonal": null, "waterway": "stream", "wikipedia": null, "osm_id": 1070050517, "source": "OPEN_DATA", "tunnel": null }, "geometry": { "type": "LineString", "coordinates": [ [ 78.8823127, 30.3137507 ], [ 78.881551, 30.3125837 ], [ 78.8807892, 30.3114908 ], [ 78.8801991, 30.310722 ], [ 78.8790726, 30.3092864 ], [ 78.8784289, 30.3086473 ], [ 78.8788151, 30.3076099 ], [ 78.8788102, 30.3075173 ], [ 78.8788005, 30.3073323 ] ] } },
{ "type": "Feature", "properties": { "alt_name": null, "area": null, "boat": null, "destination": null, "int_name": null, "intermittent": null, "layer": null, "name": null, "name:en": null, "name:hi": null, "name:kn": null, "name:ml": null, "plant:source": null, "power": null, "seasonal": null, "waterway": "stream", "wikipedia": null, "osm_id": 1070050490, "source": "OPEN_DATA", "tunnel": null }, "geometry": { "type": "LineString", "coordinates": [ [ 78.879992, 30.3365056 ], [ 78.8800725, 30.3361074 ], [ 78.8801798, 30.3356675 ], [ 78.8801261, 30.3354036 ], [ 78.8798472, 30.3350795 ], [ 78.8795146, 30.334899 ], [ 78.8792303, 30.334649 ], [ 78.8792946, 30.3343619 ], [ 78.878903, 30.3338989 ], [ 78.8790962, 30.3332831 ], [ 78.8788923, 30.3328895 ], [ 78.8788923, 30.332496 ], [ 78.8794341, 30.3319728 ], [ 78.8798203, 30.3314311 ], [ 78.8801368, 30.3307782 ], [ 78.8801905, 30.33038 ], [ 78.8803353, 30.3300096 ], [ 78.8802173, 30.3297179 ], [ 78.8800188, 30.3290512 ], [ 78.8802602, 30.3284863 ], [ 78.8806572, 30.3282084 ], [ 78.880861, 30.3280649 ], [ 78.8811507, 30.3278982 ], [ 78.8815745, 30.327801 ], [ 78.8818159, 30.3276621 ], [ 78.8820627, 30.3272639 ], [ 78.8823577, 30.3268008 ], [ 78.8825777, 30.3265693 ], [ 78.88298, 30.326486 ], [ 78.8832482, 30.3263887 ], [ 78.8833716, 30.3261711 ], [ 78.8833662, 30.3259581 ], [ 78.8836344, 30.3257081 ], [ 78.8841333, 30.3256618 ], [ 78.8845518, 30.32537 ], [ 78.8846376, 30.3251802 ], [ 78.8848897, 30.3246338 ], [ 78.8855549, 30.3245273 ], [ 78.8859733, 30.3244115 ], [ 78.8863971, 30.3242726 ], [ 78.8866707, 30.3240457 ], [ 78.8870784, 30.3237077 ], [ 78.8870677, 30.3235225 ], [ 78.8878509, 30.3236984 ], [ 78.8883015, 30.3238929 ], [ 78.8891544, 30.323629 ], [ 78.8897982, 30.3239115 ], [ 78.8908603, 30.3240457 ], [ 78.8911285, 30.3240689 ], [ 78.891614, 30.3242178 ], [ 78.8917776, 30.324268 ], [ 78.8930275, 30.3246986 ], [ 78.8934513, 30.3248653 ], [ 78.8938912, 30.324907 ], [ 78.895033, 30.3256926 ], [ 78.8953718, 30.3259257 ], [ 78.896788, 30.326273 ], [ 78.8968524, 30.3262452 ], [ 78.8969022, 30.326217 ] ] } },
{ "type": "Feature", "properties": { "alt_name": null, "area": null, "boat": null, "destination": null, "int_name": null, "intermittent": null, "layer": null, "name": null, "name:en": null, "name:hi": null, "name:kn": null, "name:ml": null, "plant:source": null, "power": null, "seasonal": null, "waterway": "stream", "wikipedia": null, "osm_id": 1072003171, "source": "OPEN_DATA", "tunnel": null }, "geometry": { "type": "LineString", "coordinates": [ [ 78.874295635317566, 30.3314380233181 ], [ 78.8746476, 30.331361 ], [ 78.8755703, 30.3307683 ], [ 78.8764071, 30.3299905 ], [ 78.8773083, 30.3297682 ], [ 78.8782096, 30.3301757 ], [ 78.8792181, 30.3300831 ], [ 78.8802173, 30.3297179 ] ] } },
{ "type": "Feature", "properties": { "alt_name": null, "area": null, "boat": null, "destination": null, "int_name": null, "intermittent": null, "layer": null, "name": null, "name:en": null, "name:hi": null, "name:kn": null, "name:ml": null, "plant:source": null, "power": null, "seasonal": null, "waterway": "stream", "wikipedia": null, "osm_id": 1072003174, "source": "OPEN_DATA", "tunnel": null }, "geometry": { "type": "LineString", "coordinates": [ [ 78.8867282, 30.3571012 ], [ 78.8877153, 30.3576011 ], [ 78.889389, 30.3580269 ], [ 78.8912344, 30.3590823 ], [ 78.8927793, 30.3601006 ], [ 78.8932514, 30.3614707 ], [ 78.8925218, 30.3626557 ], [ 78.8923502, 30.363026 ], [ 78.8918781, 30.3637295 ], [ 78.8918084, 30.3646737 ], [ 78.8918298, 30.3654606 ], [ 78.8918137, 30.3665807 ], [ 78.8912773, 30.3679877 ], [ 78.8905263, 30.368969 ], [ 78.8897323, 30.3697835 ], [ 78.8891637, 30.3702926 ], [ 78.8894212, 30.3716441 ], [ 78.8898504, 30.3725235 ], [ 78.8910842, 30.3740322 ], [ 78.8914168, 30.3742266 ], [ 78.8918245, 30.3748144 ], [ 78.892363, 30.3751837 ] ] } },
{ "type": "Feature", "properties": { "alt_name": null, "area": null, "boat": null, "destination": null, "int_name": null, "intermittent": null, "layer": null, "name": null, "name:en": null, "name:hi": null, "name:kn": null, "name:ml": null, "plant:source": null, "power": null, "seasonal": null, "waterway": "stream", "wikipedia": null, "osm_id": 1354963531, "source": "OPEN_DATA", "tunnel": null }, "geometry": { "type": "LineString", "coordinates": [ [ 78.8422993, 30.3682332 ], [ 78.8430556, 30.3692005 ], [ 78.8442358, 30.3695198 ], [ 78.8449225, 30.3704177 ], [ 78.8461534, 30.3710101 ], [ 78.8469676, 30.3712721 ], [ 78.8474089, 30.3712963 ], [ 78.847626, 30.3715098 ], [ 78.8478595, 30.3716248 ], [ 78.8481958, 30.3717737 ], [ 78.8484526, 30.3720497 ], [ 78.8488052, 30.3724244 ], [ 78.8490737, 30.3730207 ], [ 78.8493563, 30.3731376 ], [ 78.8496015, 30.3732967 ], [ 78.8496255, 30.3733152 ], [ 78.849877, 30.3735083 ], [ 78.8501922, 30.3738487 ], [ 78.8505448, 30.3740824 ], [ 78.8508015, 30.3742478 ], [ 78.8511554, 30.3742691 ], [ 78.8517535, 30.3746539 ], [ 78.8518809, 30.3750783 ], [ 78.8518951, 30.3752981 ], [ 78.8521499, 30.3757073 ], [ 78.8522738, 30.3761012 ], [ 78.8525392, 30.3762721 ], [ 78.8526843, 30.3767057 ], [ 78.8526647, 30.3770367 ], [ 78.8528578, 30.3772588 ], [ 78.8532762, 30.3776615 ], [ 78.853937, 30.3782387 ], [ 78.8542603, 30.3788756 ], [ 78.8550277, 30.3791793 ], [ 78.8554749, 30.379067 ], [ 78.8562718, 30.3787584 ], [ 78.8567111, 30.3789422 ], [ 78.8578085, 30.3788355 ], [ 78.8588005, 30.3791442 ], [ 78.8588655, 30.3797895 ], [ 78.8596136, 30.3798526 ], [ 78.8596542, 30.3803647 ], [ 78.8602559, 30.380526 ], [ 78.8607031, 30.3807435 ], [ 78.8609552, 30.3811784 ], [ 78.8612619, 30.3815839 ] ] } },
{ "type": "Feature", "properties": { "alt_name": null, "area": null, "boat": null, "destination": null, "int_name": null, "intermittent": null, "layer": null, "name": null, "name:en": null, "name:hi": null, "name:kn": null, "name:ml": null, "plant:source": null, "power": null, "seasonal": null, "waterway": "stream", "wikipedia": null, "osm_id": 1072003175, "source": "OPEN_DATA", "tunnel": null }, "geometry": { "type": "LineString", "coordinates": [ [ 78.8588333, 30.370376 ], [ 78.8599491, 30.3704685 ], [ 78.8602066, 30.3715793 ], [ 78.8608074, 30.3730418 ], [ 78.8613224, 30.3745043 ], [ 78.8625884, 30.3756891 ], [ 78.8635111, 30.3761334 ], [ 78.8644123, 30.3764666 ], [ 78.8655281, 30.3757631 ], [ 78.8661718, 30.375615 ], [ 78.8670087, 30.3760593 ], [ 78.867588, 30.3771886 ], [ 78.8687038, 30.3785584 ], [ 78.8694978, 30.3798913 ], [ 78.8705492, 30.3801504 ], [ 78.8715684, 30.3804651 ], [ 78.8715791, 30.3814832 ], [ 78.8713431, 30.3822977 ] ] } },
{ "type": "Feature", "properties": { "alt_name": null, "area": null, "boat": null, "destination": null, "int_name": null, "intermittent": null, "layer": null, "name": "Hilaun Gad", "name:en": null, "name:hi": "हिलाऊँ गाद", "name:kn": null, "name:ml": null, "plant:source": null, "power": null, "seasonal": null, "waterway": "river", "wikipedia": null, "osm_id": 862786414, "source": "OPEN_DATA", "tunnel": null }, "geometry": { "type": "LineString", "coordinates": [ [ 78.8733641, 30.3969523 ], [ 78.8731551, 30.3964158 ], [ 78.8732425, 30.3961418 ], [ 78.8735601, 30.396087 ], [ 78.8737109, 30.3960254 ], [ 78.8738856, 30.3959706 ], [ 78.8740047, 30.3959295 ], [ 78.8742032, 30.395861 ], [ 78.8751084, 30.395683 ], [ 78.8757437, 30.3955391 ], [ 78.8759342, 30.3954158 ], [ 78.8760057, 30.3949159 ], [ 78.8759819, 30.394594 ], [ 78.8758866, 30.3943132 ], [ 78.876101, 30.3940666 ], [ 78.8769585, 30.3937584 ], [ 78.8773476, 30.3932995 ], [ 78.8775938, 30.3931762 ], [ 78.8774508, 30.3924982 ], [ 78.8772126, 30.3922036 ], [ 78.8770856, 30.3920324 ], [ 78.8772444, 30.3914365 ], [ 78.8773714, 30.3910256 ], [ 78.8771491, 30.3904571 ], [ 78.8769188, 30.3900598 ], [ 78.8770379, 30.3896352 ], [ 78.8770856, 30.3895393 ], [ 78.8770141, 30.3890667 ], [ 78.8770459, 30.3888064 ], [ 78.877157, 30.3886557 ], [ 78.8772603, 30.3883749 ], [ 78.8772047, 30.3881215 ], [ 78.8774429, 30.3877995 ], [ 78.8775064, 30.3876009 ], [ 78.8773794, 30.387094 ], [ 78.8775541, 30.3868132 ], [ 78.8777684, 30.3864502 ], [ 78.8780781, 30.3862652 ], [ 78.8784116, 30.3860598 ], [ 78.8789277, 30.385868 ], [ 78.8791024, 30.3857241 ], [ 78.879285, 30.38532 ], [ 78.8795391, 30.3847241 ], [ 78.8797218, 30.3843336 ], [ 78.8799758, 30.3839227 ], [ 78.8800632, 30.3835048 ], [ 78.8799838, 30.3832993 ], [ 78.8801664, 30.3830185 ], [ 78.8804205, 30.3829363 ], [ 78.8808016, 30.3828815 ], [ 78.8813019, 30.3824294 ], [ 78.881556, 30.3821349 ], [ 78.8816751, 30.3817376 ], [ 78.8820086, 30.3814704 ], [ 78.8824294, 30.3812855 ], [ 78.8826835, 30.3812855 ], [ 78.8828979, 30.3812649 ], [ 78.8831281, 30.3809498 ], [ 78.883414, 30.3806416 ], [ 78.8835728, 30.3801689 ], [ 78.8834061, 30.3799977 ], [ 78.8833981, 30.3792305 ], [ 78.8833267, 30.3789428 ], [ 78.8834378, 30.3786962 ], [ 78.8835013, 30.3784427 ], [ 78.8833346, 30.3780522 ], [ 78.8832314, 30.3777508 ], [ 78.8832234, 30.3772097 ], [ 78.8835649, 30.376922 ], [ 78.883819, 30.3768877 ], [ 78.8842874, 30.3767713 ], [ 78.8846527, 30.3766411 ], [ 78.8844065, 30.3761136 ], [ 78.8844701, 30.375915 ], [ 78.8843986, 30.3754149 ], [ 78.8847877, 30.3747504 ], [ 78.8852085, 30.3746888 ], [ 78.8853435, 30.3745792 ], [ 78.8856849, 30.3747162 ], [ 78.8859549, 30.3747915 ], [ 78.8861613, 30.3752162 ], [ 78.8864075, 30.3755177 ], [ 78.8867569, 30.375641 ], [ 78.886868, 30.3758191 ], [ 78.8872412, 30.3758944 ], [ 78.8874159, 30.3758876 ], [ 78.8875509, 30.375641 ], [ 78.8877335, 30.3753806 ], [ 78.8879427, 30.3751527 ], [ 78.8881526, 30.3750642 ], [ 78.8889787, 30.3750341 ], [ 78.8893765, 30.3752673 ], [ 78.8896036, 30.3754786 ], [ 78.8899091, 30.3757948 ], [ 78.8903977, 30.3759353 ], [ 78.8908864, 30.3760846 ], [ 78.8912325, 30.3761022 ], [ 78.8914871, 30.3759265 ], [ 78.8919961, 30.3757333 ], [ 78.8923015, 30.3752766 ], [ 78.892363, 30.3751837 ], [ 78.8925458, 30.3749077 ], [ 78.8928411, 30.3748023 ], [ 78.8931261, 30.3745564 ], [ 78.8932687, 30.3743456 ], [ 78.8938795, 30.3741172 ], [ 78.8941646, 30.373801 ], [ 78.8945005, 30.3734497 ], [ 78.8948161, 30.373274 ], [ 78.894979, 30.3728875 ], [ 78.8952946, 30.3726943 ], [ 78.8954575, 30.3724308 ], [ 78.8959258, 30.3721937 ], [ 78.8961294, 30.3720531 ], [ 78.8965672, 30.3717808 ], [ 78.8971475, 30.3713768 ], [ 78.8976361, 30.3712626 ], [ 78.8982063, 30.3714998 ], [ 78.8987356, 30.3715612 ], [ 78.8988782, 30.3707795 ], [ 78.8992651, 30.3707067 ], [ 78.8996044, 30.3707038 ], [ 78.8997774, 30.3706493 ], [ 78.8999704, 30.3707153 ], [ 78.9000502, 30.3708416 ], [ 78.9000868, 30.3710913 ], [ 78.9001434, 30.3713325 ], [ 78.9001933, 30.3715018 ], [ 78.9002731, 30.3716482 ], [ 78.9006025, 30.3717372 ], [ 78.9006757, 30.3718061 ], [ 78.9009552, 30.3717257 ], [ 78.9012446, 30.3714186 ], [ 78.9014975, 30.3711114 ], [ 78.9017204, 30.3707986 ], [ 78.9018169, 30.3701355 ], [ 78.9018823, 30.3693037 ], [ 78.9020026, 30.3689592 ], [ 78.9023089, 30.3686195 ], [ 78.9022925, 30.367973 ], [ 78.9029433, 30.3675907 ], [ 78.9038348, 30.3675955 ], [ 78.9044912, 30.36752 ], [ 78.904967, 30.3680721 ], [ 78.9055139, 30.368341 ], [ 78.9060554, 30.3684165 ], [ 78.9066679, 30.3679871 ], [ 78.9077563, 30.3677795 ], [ 78.9081064, 30.3678975 ], [ 78.9084783, 30.3685015 ], [ 78.9086861, 30.368695 ], [ 78.9089432, 30.3686336 ], [ 78.909151, 30.3681193 ], [ 78.9095065, 30.3678173 ], [ 78.9101628, 30.3674492 ], [ 78.9107043, 30.3672604 ], [ 78.9113716, 30.3672085 ], [ 78.9118529, 30.3670528 ], [ 78.9122685, 30.3667177 ], [ 78.9123013, 30.3660807 ], [ 78.9119021, 30.365538 ], [ 78.9121482, 30.3651699 ], [ 78.9123068, 30.3649859 ], [ 78.9126842, 30.3647263 ], [ 78.9129084, 30.3643488 ], [ 78.9134225, 30.363254 ], [ 78.9137124, 30.3628717 ], [ 78.9142429, 30.3625602 ], [ 78.9148117, 30.3623432 ], [ 78.9151344, 30.3624234 ], [ 78.9155774, 30.3623904 ], [ 78.9159822, 30.3624423 ], [ 78.9174589, 30.3621119 ], [ 78.9179019, 30.3621214 ], [ 78.9182629, 30.3618382 ], [ 78.9182629, 30.3610973 ], [ 78.9183449, 30.3607386 ], [ 78.9187934, 30.3601346 ], [ 78.9193513, 30.3599175 ], [ 78.9198654, 30.3599411 ], [ 78.9202701, 30.3598467 ], [ 78.9208936, 30.3600024 ], [ 78.9215062, 30.3603705 ], [ 78.9215062, 30.3607811 ], [ 78.9213257, 30.3612766 ], [ 78.9214776, 30.3616591 ], [ 78.9228195, 30.3619742 ], [ 78.9231054, 30.3620907 ], [ 78.9229386, 30.3624744 ], [ 78.9225257, 30.3626936 ], [ 78.9221764, 30.3635432 ], [ 78.9219858, 30.3642488 ], [ 78.923018, 30.3645982 ], [ 78.923558, 30.3645092 ], [ 78.9238835, 30.3651395 ], [ 78.9242964, 30.365715 ], [ 78.9248602, 30.3661123 ], [ 78.9259004, 30.3664891 ], [ 78.9274487, 30.366174 ], [ 78.927941, 30.3663864 ], [ 78.928211, 30.3667974 ], [ 78.9284016, 30.3672359 ], [ 78.9288303, 30.3675031 ], [ 78.930077, 30.367736 ], [ 78.9308313, 30.3677634 ], [ 78.9312839, 30.367921 ], [ 78.9321017, 30.3676949 ], [ 78.9324749, 30.367736 ] ] } },
{ "type": "Feature", "properties": { "alt_name": null, "area": null, "boat": null, "destination": null, "int_name": null, "intermittent": null, "layer": null, "name": null, "name:en": null, "name:hi": null, "name:kn": null, "name:ml": null, "plant:source": null, "power": null, "seasonal": null, "waterway": "stream", "wikipedia": null, "osm_id": 1072003177, "source": "OPEN_DATA", "tunnel": null }, "geometry": { "type": "LineString", "coordinates": [ [ 78.8487911, 30.3859073 ], [ 78.8494134, 30.3849447 ], [ 78.8499498, 30.3843154 ], [ 78.8508296, 30.3842783 ], [ 78.8517523, 30.3849632 ], [ 78.8528037, 30.3845745 ], [ 78.8542628, 30.3840192 ], [ 78.855443, 30.384482 ], [ 78.8564729, 30.3839822 ], [ 78.8569236, 30.383612 ], [ 78.8579535, 30.383612 ], [ 78.8588547, 30.3833528 ], [ 78.8596272, 30.3827975 ], [ 78.8604641, 30.3819645 ], [ 78.8611997, 30.381551 ], [ 78.8612619, 30.3815839 ], [ 78.8621378, 30.3820478 ], [ 78.8625133, 30.3822422 ], [ 78.8631996, 30.3830218 ], [ 78.8633149, 30.3831815 ], [ 78.863243, 30.3835313 ], [ 78.8634905, 30.3838088 ], [ 78.8641862, 30.3836057 ], [ 78.8647296, 30.3825463 ], [ 78.8642955, 30.3819966 ], [ 78.8646805, 30.3811222 ], [ 78.8657856, 30.3809279 ], [ 78.8664078, 30.3813536 ], [ 78.8667941, 30.3819275 ], [ 78.8674378, 30.3820386 ], [ 78.8682532, 30.3818164 ], [ 78.8690257, 30.3819275 ], [ 78.8698196, 30.3825569 ], [ 78.8705277, 30.3826864 ], [ 78.8713431, 30.3822977 ], [ 78.8729095, 30.3830566 ], [ 78.8734674, 30.3838341 ], [ 78.8734874, 30.3847522 ], [ 78.8736624, 30.3852702 ], [ 78.8739134, 30.3852388 ], [ 78.8749265, 30.3852594 ], [ 78.8772199, 30.3850906 ], [ 78.8779306, 30.3857036 ], [ 78.8795391, 30.3847241 ] ] } },
{ "type": "Feature", "properties": { "alt_name": null, "area": null, "boat": null, "destination": null, "int_name": null, "intermittent": null, "layer": null, "name": null, "name:en": null, "name:hi": null, "name:kn": null, "name:ml": null, "plant:source": null, "power": null, "seasonal": null, "waterway": "stream", "wikipedia": null, "osm_id": 1280241089, "source": "OPEN_DATA", "tunnel": null }, "geometry": { "type": "LineString", "coordinates": [ [ 78.8528586, 30.3941063 ], [ 78.853175, 30.3943338 ], [ 78.8534782, 30.3945612 ], [ 78.8539176, 30.3945801 ], [ 78.8541109, 30.3945498 ], [ 78.8541065, 30.3952813 ], [ 78.8545196, 30.3955201 ], [ 78.8549942, 30.3957096 ], [ 78.8551172, 30.3959408 ], [ 78.8552754, 30.3961834 ], [ 78.8555962, 30.396426 ], [ 78.8560795, 30.3966155 ], [ 78.856163, 30.3967595 ], [ 78.856453, 30.3968239 ], [ 78.8575032, 30.3969831 ], [ 78.8580306, 30.3972333 ], [ 78.8583338, 30.3973394 ], [ 78.8588479, 30.3973546 ], [ 78.8591862, 30.3978094 ], [ 78.85963, 30.3981429 ], [ 78.8604034, 30.3987038 ], [ 78.8606056, 30.3988138 ], [ 78.8608517, 30.3988868 ], [ 78.8609265, 30.3989413 ], [ 78.8610563, 30.3990557 ], [ 78.8611485, 30.3990128 ], [ 78.8612954, 30.3990601 ], [ 78.8618755, 30.3993141 ], [ 78.8623678, 30.3997821 ], [ 78.8626304, 30.4002113 ], [ 78.8628294, 30.4005203 ], [ 78.862933, 30.4006966 ], [ 78.8630285, 30.4007447 ], [ 78.8634134, 30.4005592 ], [ 78.8635541, 30.4005547 ], [ 78.863647, 30.4006394 ], [ 78.8637348, 30.4007247 ] ] } },
{ "type": "Feature", "properties": { "alt_name": null, "area": null, "boat": null, "destination": null, "int_name": null, "intermittent": null, "layer": null, "name": null, "name:en": null, "name:hi": null, "name:kn": null, "name:ml": null, "plant:source": null, "power": null, "seasonal": null, "waterway": "ditch", "wikipedia": null, "osm_id": 1280241099, "source": "OPEN_DATA", "tunnel": null }, "geometry": { "type": "LineString", "coordinates": [ [ 78.8611485, 30.3990128 ], [ 78.8612407, 30.3989625 ], [ 78.8614353, 30.3989891 ], [ 78.8615589, 30.3990472 ], [ 78.8618263, 30.3991429 ], [ 78.8620627, 30.3992088 ], [ 78.8622482, 30.3992699 ], [ 78.862461, 30.399408 ], [ 78.8626123, 30.3995116 ] ] } },
{ "type": "Feature", "properties": { "alt_name": null, "area": null, "boat": null, "destination": null, "int_name": null, "intermittent": null, "layer": null, "name": "Hilaun Gad", "name:en": null, "name:hi": "हिलाऊँ गाद", "name:kn": null, "name:ml": null, "plant:source": null, "power": null, "seasonal": null, "waterway": "stream", "wikipedia": null, "osm_id": 1280241096, "source": "OPEN_DATA", "tunnel": null }, "geometry": { "type": "LineString", "coordinates": [ [ 78.8637348, 30.4007247 ], [ 78.863893, 30.4007091 ], [ 78.8642372, 30.4007071 ], [ 78.864674, 30.4008058 ], [ 78.8648267, 30.4009198 ], [ 78.864934, 30.4008282 ], [ 78.865254, 30.4009051 ], [ 78.8655924, 30.4007884 ], [ 78.8657786, 30.4008195 ], [ 78.8662629, 30.4010044 ], [ 78.8665885, 30.4011414 ], [ 78.8666997, 30.4013263 ], [ 78.8669935, 30.4015865 ], [ 78.8673111, 30.4017167 ], [ 78.8675016, 30.4017715 ], [ 78.8676862, 30.4017454 ], [ 78.8676978, 30.4017313 ], [ 78.8679066, 30.401477 ], [ 78.868518, 30.4012578 ], [ 78.8691929, 30.4012373 ], [ 78.8697964, 30.4012921 ], [ 78.8705745, 30.4012921 ], [ 78.8708207, 30.4008127 ], [ 78.8710986, 30.4002374 ], [ 78.871313, 30.3997443 ], [ 78.872242, 30.3990663 ], [ 78.8723373, 30.3987512 ], [ 78.8724802, 30.3983266 ], [ 78.8725755, 30.3981896 ], [ 78.8727581, 30.3980732 ], [ 78.8730598, 30.3977034 ], [ 78.8734013, 30.3974979 ], [ 78.8734966, 30.3972924 ], [ 78.8733641, 30.3969523 ] ] } },
{ "type": "Feature", "properties": { "alt_name": null, "area": null, "boat": null, "destination": null, "int_name": null, "intermittent": null, "layer": null, "name": null, "name:en": null, "name:hi": null, "name:kn": null, "name:ml": null, "plant:source": null, "power": null, "seasonal": null, "waterway": "ditch", "wikipedia": null, "osm_id": 1287124435, "source": "OPEN_DATA", "tunnel": null }, "geometry": { "type": "LineString", "coordinates": [ [ 78.8611485, 30.3990128 ], [ 78.8611532, 30.399116 ], [ 78.8612256, 30.3992872 ], [ 78.8613463, 30.3994168 ], [ 78.8614643, 30.3996597 ], [ 78.861636, 30.3998887 ], [ 78.8618273, 30.4001229 ], [ 78.8617798, 30.4004541 ], [ 78.8616494, 30.4007493 ], [ 78.8614509, 30.4009575 ], [ 78.8613383, 30.4011472 ], [ 78.8614456, 30.4013369 ], [ 78.8616092, 30.4015035 ], [ 78.8616762, 30.4017533 ], [ 78.8617057, 30.4018759 ], [ 78.8616642, 30.4019423 ], [ 78.8616657, 30.4020361 ], [ 78.8617406, 30.4021281 ], [ 78.8616762, 30.4022137 ], [ 78.8617473, 30.4023484 ], [ 78.8618456, 30.4024461 ] ] } },
{ "type": "Feature", "properties": { "alt_name": null, "area": null, "boat": null, "destination": null, "int_name": null, "intermittent": null, "layer": null, "name": null, "name:en": null, "name:hi": null, "name:kn": null, "name:ml": null, "plant:source": null, "power": null, "seasonal": null, "waterway": "stream", "wikipedia": null, "osm_id": 1241725660, "source": "OPEN_DATA", "tunnel": null }, "geometry": { "type": "LineString", "coordinates": [ [ 79.1649734, 30.3932447 ], [ 79.1659936, 30.3929325 ], [ 79.167665331022334, 30.393058577248709 ] ] } },
{ "type": "Feature", "properties": { "alt_name": null, "area": null, "boat": null, "destination": null, "int_name": null, "intermittent": null, "layer": null, "name": null, "name:en": null, "name:hi": null, "name:kn": null, "name:ml": null, "plant:source": null, "power": null, "seasonal": null, "waterway": "stream", "wikipedia": null, "osm_id": 1072032134, "source": "OPEN_DATA", "tunnel": null }, "geometry": { "type": "LineString", "coordinates": [ [ 79.1545629, 30.392654 ], [ 79.1532326, 30.3925707 ], [ 79.1498637, 30.3930242 ], [ 79.1473853, 30.3928021 ], [ 79.1462803, 30.3931445 ], [ 79.1449499, 30.3938108 ], [ 79.1432977, 30.3949583 ], [ 79.1419458, 30.3959393 ], [ 79.1410017, 30.3960133 ], [ 79.140079, 30.3966056 ], [ 79.1399932, 30.3977901 ], [ 79.1388988, 30.3983453 ], [ 79.1377187, 30.3996409 ], [ 79.1362381, 30.401251 ], [ 79.1357016, 30.4017692 ], [ 79.1349077, 30.4041936 ], [ 79.1339421, 30.405267 ], [ 79.1333689, 30.4063518 ], [ 79.1322255, 30.4074693 ], [ 79.130466, 30.4082095 ], [ 79.1293716, 30.4090238 ], [ 79.1287493, 30.4097455 ], [ 79.1281434, 30.4106103 ] ] } },
{ "type": "Feature", "properties": { "alt_name": null, "area": null, "boat": null, "destination": null, "int_name": null, "intermittent": null, "layer": null, "name": null, "name:en": null, "name:hi": null, "name:kn": null, "name:ml": null, "plant:source": null, "power": null, "seasonal": null, "waterway": "stream", "wikipedia": null, "osm_id": 233231715, "source": "OPEN_DATA", "tunnel": null }, "geometry": { "type": "LineString", "coordinates": [ [ 78.9884546, 30.3850678 ], [ 78.9892759, 30.3845296 ], [ 78.9898272, 30.3842029 ], [ 78.9906015, 30.3838481 ], [ 78.9920412, 30.3828879 ], [ 78.9925372, 30.3823452 ], [ 78.9934083, 30.3819277 ], [ 78.9940253, 30.381385 ], [ 78.9947632, 30.3809467 ], [ 78.9949568, 30.3800074 ], [ 78.9952351, 30.3792455 ], [ 78.9950657, 30.3782122 ], [ 78.9954044, 30.3775755 ], [ 78.9958642, 30.3768241 ], [ 78.9966626, 30.3759264 ], [ 78.997195, 30.3758534 ], [ 78.9976825, 30.3756442 ] ] } },
{ "type": "Feature", "properties": { "alt_name": null, "area": null, "boat": null, "destination": null, "int_name": null, "intermittent": null, "layer": null, "name": null, "name:en": null, "name:hi": null, "name:kn": null, "name:ml": null, "plant:source": null, "power": null, "seasonal": null, "waterway": "stream", "wikipedia": null, "osm_id": 1251276550, "source": "OPEN_DATA", "tunnel": null }, "geometry": { "type": "LineString", "coordinates": [ [ 78.9715414, 30.3817789 ], [ 78.9714314, 30.3816276 ], [ 78.9713626, 30.3813397 ], [ 78.971053, 30.3810905 ], [ 78.9707848, 30.3806662 ], [ 78.9706747, 30.3803309 ] ] } },
{ "type": "Feature", "properties": { "alt_name": null, "area": null, "boat": null, "destination": null, "int_name": null, "intermittent": null, "layer": null, "name": null, "name:en": null, "name:hi": null, "name:kn": null, "name:ml": null, "plant:source": null, "power": null, "seasonal": null, "waterway": "stream", "wikipedia": null, "osm_id": 233231714, "source": "OPEN_DATA", "tunnel": null }, "geometry": { "type": "LineString", "coordinates": [ [ 78.9710223, 30.4051169 ], [ 78.9710595, 30.4051018 ], [ 78.9716116, 30.4050163 ], [ 78.9720788, 30.4050651 ], [ 78.9727796, 30.4051872 ], [ 78.9731335, 30.4054864 ], [ 78.9735228, 30.4055474 ], [ 78.9738979, 30.4055413 ], [ 78.9742306, 30.4055718 ], [ 78.9746058, 30.4056878 ], [ 78.9750376, 30.4058038 ], [ 78.9753349, 30.4055535 ], [ 78.9758091, 30.4053643 ], [ 78.9762267, 30.4053276 ], [ 78.9767505, 30.4055963 ], [ 78.9771823, 30.4057611 ], [ 78.9773239, 30.405755 ], [ 78.9774301, 30.4057977 ], [ 78.9775999, 30.4057245 ], [ 78.9777981, 30.4057916 ], [ 78.97806, 30.4058527 ], [ 78.9788387, 30.4061091 ], [ 78.9792846, 30.4060541 ], [ 78.9796456, 30.4059992 ], [ 78.9799358, 30.405871 ], [ 78.9801906, 30.4055657 ], [ 78.9804879, 30.4055779 ], [ 78.9806932, 30.4056939 ], [ 78.981217, 30.4058221 ], [ 78.9816417, 30.4056451 ], [ 78.9818328, 30.4057733 ], [ 78.9823425, 30.4056573 ], [ 78.9826681, 30.4054742 ], [ 78.983291, 30.4049613 ], [ 78.9835529, 30.4049064 ], [ 78.98402, 30.4048942 ], [ 78.9845438, 30.4046012 ], [ 78.9849827, 30.4043997 ], [ 78.9853225, 30.4044424 ], [ 78.9856622, 30.4043753 ], [ 78.9859383, 30.4045706 ], [ 78.9863064, 30.4045951 ], [ 78.9865293, 30.4044298 ], [ 78.9866495, 30.4041563 ], [ 78.9869653, 30.4039533 ], [ 78.9876225, 30.4039799 ], [ 78.9882791, 30.4035263 ], [ 78.9883529, 30.4030515 ], [ 78.9888447, 30.4030441 ], [ 78.9898694, 30.4031487 ], [ 78.9907683, 30.4030716 ], [ 78.9912815, 30.4032741 ], [ 78.9919115, 30.4029617 ], [ 78.9926847, 30.4032981 ], [ 78.99378, 30.4028698 ] ] } },
{ "type": "Feature", "properties": { "alt_name": null, "area": null, "boat": null, "destination": null, "int_name": null, "intermittent": null, "layer": "-1", "name": null, "name:en": null, "name:hi": null, "name:kn": null, "name:ml": null, "plant:source": null, "power": null, "seasonal": null, "waterway": "stream", "wikipedia": null, "osm_id": 1078493460, "source": "OPEN_DATA", "tunnel": "culvert" }, "geometry": { "type": "LineString", "coordinates": [ [ 78.9708611, 30.4051825 ], [ 78.9710223, 30.4051169 ] ] } },
{ "type": "Feature", "properties": { "alt_name": null, "area": null, "boat": null, "destination": null, "int_name": null, "intermittent": null, "layer": null, "name": null, "name:en": null, "name:hi": null, "name:kn": null, "name:ml": null, "plant:source": null, "power": null, "seasonal": null, "waterway": "stream", "wikipedia": null, "osm_id": 1078493459, "source": "OPEN_DATA", "tunnel": null }, "geometry": { "type": "LineString", "coordinates": [ [ 78.9494369, 30.4088088 ], [ 78.949973, 30.4087982 ], [ 78.9503119, 30.4087556 ], [ 78.9508604, 30.4086547 ], [ 78.9511993, 30.4086334 ], [ 78.9515136, 30.4086706 ], [ 78.9518956, 30.4084262 ], [ 78.9525118, 30.408086 ], [ 78.9529308, 30.4079266 ], [ 78.9533437, 30.4076715 ], [ 78.9536826, 30.4076874 ], [ 78.9540879, 30.4074711 ], [ 78.9543775, 30.4075356 ], [ 78.9550219, 30.4074268 ], [ 78.9551947, 30.4075074 ], [ 78.9554329, 30.4074349 ], [ 78.9560026, 30.4074993 ], [ 78.956493, 30.4071086 ], [ 78.9568339, 30.4067864 ], [ 78.9572635, 30.4064038 ], [ 78.9572028, 30.4062749 ], [ 78.9572962, 30.4061944 ], [ 78.9572916, 30.4059889 ], [ 78.9574643, 30.4059245 ], [ 78.9574503, 30.4057795 ], [ 78.9577025, 30.4056869 ], [ 78.9580995, 30.4056103 ], [ 78.958307, 30.4055714 ], [ 78.9585291, 30.4055298 ], [ 78.9590475, 30.4054009 ], [ 78.9593518, 30.4050651 ], [ 78.9597412, 30.4049552 ], [ 78.9601588, 30.4047233 ], [ 78.9612842, 30.4047049 ], [ 78.9622186, 30.4045706 ], [ 78.9629052, 30.4044668 ], [ 78.96316, 30.4046134 ], [ 78.963606, 30.4045889 ], [ 78.9640731, 30.4046866 ], [ 78.9643421, 30.404882 ], [ 78.9647314, 30.4049613 ], [ 78.9649013, 30.4050834 ], [ 78.9652835, 30.4051079 ], [ 78.9656941, 30.4051994 ], [ 78.9660622, 30.4055047 ], [ 78.9662533, 30.4054803 ], [ 78.9665506, 30.4053398 ], [ 78.9668549, 30.4052788 ], [ 78.9674849, 30.4049003 ], [ 78.9679662, 30.4049247 ], [ 78.9684193, 30.4050224 ], [ 78.9686741, 30.4052849 ], [ 78.9693395, 30.4054925 ], [ 78.9695872, 30.4053582 ], [ 78.969842, 30.4054436 ], [ 78.9703092, 30.405407 ], [ 78.9708611, 30.4051825 ] ] } },
{ "type": "Feature", "properties": { "alt_name": null, "area": null, "boat": null, "destination": null, "int_name": null, "intermittent": null, "layer": null, "name": "Chak Gad", "name:en": null, "name:hi": null, "name:kn": null, "name:ml": null, "plant:source": null, "power": null, "seasonal": null, "waterway": "stream", "wikipedia": null, "osm_id": 233231710, "source": "OPEN_DATA", "tunnel": null }, "geometry": { "type": "LineString", "coordinates": [ [ 78.971236, 30.433691 ], [ 78.9732027, 30.4330229 ], [ 78.9747262, 30.4324308 ], [ 78.9756059, 30.4315058 ], [ 78.9764643, 30.4294891 ], [ 78.9771724, 30.4281014 ], [ 78.9783954, 30.4268433 ], [ 78.9795327, 30.4258071 ], [ 78.9801057, 30.4232709 ], [ 78.9809621, 30.4208334 ], [ 78.9811581, 30.4180727 ], [ 78.9820754, 30.4166941 ], [ 78.9821398, 30.4158106 ], [ 78.9825261, 30.4156393 ], [ 78.9829445, 30.415112 ], [ 78.9840174, 30.4147974 ], [ 78.9855504, 30.4148072 ], [ 78.9859353, 30.4147113 ], [ 78.9863459, 30.4144383 ], [ 78.9866967, 30.4143645 ], [ 78.9869961, 30.4144752 ], [ 78.9875094, 30.4141506 ], [ 78.9881082, 30.4140178 ], [ 78.9884333, 30.4139366 ], [ 78.9886129, 30.4134645 ], [ 78.9885787, 30.4130292 ], [ 78.9888354, 30.4126308 ], [ 78.9891604, 30.4124095 ], [ 78.989169, 30.4122177 ], [ 78.9893776, 30.4118231 ], [ 78.9894342, 30.411716 ], [ 78.989879, 30.411598 ], [ 78.9907003, 30.411443 ], [ 78.9909826, 30.4110446 ], [ 78.9914531, 30.4108307 ], [ 78.9918979, 30.4109635 ], [ 78.9922316, 30.4110373 ], [ 78.9926764, 30.4110225 ], [ 78.9932153, 30.4107569 ], [ 78.993951, 30.4102257 ], [ 78.9940794, 30.4098716 ], [ 78.9939083, 30.4092371 ], [ 78.9936944, 30.4089125 ], [ 78.9933522, 30.4087354 ], [ 78.9931726, 30.4085362 ], [ 78.9931555, 30.4083296 ], [ 78.9928732, 30.4079607 ], [ 78.9925139, 30.4076213 ], [ 78.9924026, 30.4073336 ], [ 78.9924112, 30.4069942 ], [ 78.9922401, 30.406677 ], [ 78.9922316, 30.4062048 ], [ 78.9924112, 30.4059318 ], [ 78.9928304, 30.4057326 ], [ 78.9931811, 30.4056514 ], [ 78.9937714, 30.4056588 ], [ 78.9942248, 30.4057621 ], [ 78.9943446, 30.4053415 ], [ 78.9941392, 30.4050464 ], [ 78.9943274, 30.4047439 ], [ 78.99449, 30.4042938 ], [ 78.9943959, 30.4040282 ], [ 78.9939853, 30.4037921 ], [ 78.9938142, 30.4033715 ], [ 78.99378, 30.4028698 ], [ 78.9943446, 30.4027149 ], [ 78.9948835, 30.4025747 ], [ 78.9951658, 30.4023017 ], [ 78.9953626, 30.4016819 ], [ 78.9958844, 30.4013056 ], [ 78.9965517, 30.4011138 ], [ 78.9972617, 30.4011802 ], [ 78.9977579, 30.4016672 ], [ 78.9982712, 30.4019033 ], [ 78.9987844, 30.4017114 ], [ 78.9990411, 30.4012392 ], [ 78.9994517, 30.4009883 ], [ 78.9995543, 30.4006194 ], [ 78.9995458, 30.4003243 ], [ 78.9997169, 30.3999185 ], [ 79.0001874, 30.39952 ], [ 79.0005296, 30.3990478 ], [ 79.0006408, 30.3985903 ], [ 79.00106, 30.3981992 ], [ 79.001539, 30.3979705 ], [ 79.0021293, 30.3978377 ], [ 79.0023517, 30.3974835 ], [ 79.0024544, 30.3969154 ], [ 79.0028907, 30.3961849 ], [ 79.0034039, 30.3954765 ], [ 79.0039771, 30.3949895 ], [ 79.0046957, 30.394473 ], [ 79.0053202, 30.3941778 ], [ 79.0062441, 30.3935653 ], [ 79.0067488, 30.393248 ], [ 79.0074161, 30.3931078 ], [ 79.0078096, 30.3932112 ], [ 79.0082972, 30.3932259 ], [ 79.0086993, 30.392857 ], [ 79.0086052, 30.3924216 ], [ 79.0086052, 30.3918165 ], [ 79.0089901, 30.3916099 ], [ 79.0097943, 30.3913147 ], [ 79.0103503, 30.3911302 ], [ 79.0108123, 30.3910565 ], [ 79.0111031, 30.3907465 ], [ 79.011394, 30.3904587 ], [ 79.0119757, 30.3903997 ], [ 79.0124462, 30.3904145 ], [ 79.0130878, 30.390289 ], [ 79.0137808, 30.3901709 ], [ 79.0143283, 30.3901636 ], [ 79.0147047, 30.3901931 ], [ 79.0150469, 30.39023 ], [ 79.0153377, 30.3899791 ], [ 79.0157997, 30.3898241 ], [ 79.016407, 30.389802 ], [ 79.0168433, 30.3898241 ], [ 79.0172368, 30.3896027 ], [ 79.0172593, 30.389478 ] ] } },
{ "type": "Feature", "properties": { "alt_name": null, "area": null, "boat": null, "destination": null, "int_name": null, "intermittent": null, "layer": null, "name": null, "name:en": null, "name:hi": null, "name:kn": null, "name:ml": null, "plant:source": null, "power": null, "seasonal": null, "waterway": "stream", "wikipedia": null, "osm_id": 1072003173, "source": "OPEN_DATA", "tunnel": null }, "geometry": { "type": "LineString", "coordinates": [ [ 78.966904, 30.4168874 ], [ 78.9679342, 30.4172319 ], [ 78.9684048, 30.4177095 ], [ 78.9692383, 30.4177903 ], [ 78.9705169, 30.4181199 ], [ 78.971838, 30.4175219 ], [ 78.9730506, 30.4171339 ], [ 78.9742487, 30.4163888 ], [ 78.9758674, 30.4159609 ], [ 78.9772575, 30.4161961 ], [ 78.9789563, 30.4157073 ], [ 78.9809247, 30.4163923 ], [ 78.9821398, 30.4158106 ] ] } },
{ "type": "Feature", "properties": { "alt_name": null, "area": null, "boat": null, "destination": null, "int_name": null, "intermittent": null, "layer": null, "name": null, "name:en": null, "name:hi": null, "name:kn": null, "name:ml": null, "plant:source": null, "power": null, "seasonal": null, "waterway": "stream", "wikipedia": null, "osm_id": 1072003172, "source": "OPEN_DATA", "tunnel": null }, "geometry": { "type": "LineString", "coordinates": [ [ 78.9937591, 30.4244009 ], [ 78.9936304, 30.4221065 ], [ 78.9933729, 30.4210796 ], [ 78.9932549, 30.4203394 ], [ 78.9930403, 30.4193495 ], [ 78.9925146, 30.4179987 ], [ 78.9910126, 30.4162593 ], [ 78.9899182, 30.4147234 ], [ 78.9893389, 30.4135576 ], [ 78.9893776, 30.4118231 ] ] } },
{ "type": "Feature", "properties": { "alt_name": null, "area": null, "boat": null, "destination": null, "int_name": null, "intermittent": null, "layer": null, "name": null, "name:en": null, "name:hi": null, "name:kn": null, "name:ml": null, "plant:source": null, "power": null, "seasonal": null, "waterway": "stream", "wikipedia": null, "osm_id": 1078493449, "source": "OPEN_DATA", "tunnel": null }, "geometry": { "type": "LineString", "coordinates": [ [ 78.9661252, 30.4263456 ], [ 78.9662597, 30.4260709 ], [ 78.9665923, 30.425723 ], [ 78.9678381, 30.425308 ], [ 78.9681043, 30.4249752 ], [ 78.9684779, 30.4245 ], [ 78.9687301, 30.4238637 ], [ 78.9688982, 30.4233724 ], [ 78.9702852, 30.4235695 ], [ 78.9709343, 30.422712 ], [ 78.9716628, 30.4224704 ], [ 78.9720084, 30.4222368 ], [ 78.9726342, 30.4217536 ], [ 78.9729037, 30.4213927 ], [ 78.9729891, 30.4212784 ], [ 78.9732693, 30.4204247 ], [ 78.9734841, 30.4201508 ], [ 78.9739792, 30.4199333 ], [ 78.974194, 30.4197884 ], [ 78.9742687, 30.4192568 ], [ 78.9745302, 30.4190071 ], [ 78.9750252, 30.4184594 ], [ 78.9752868, 30.4182581 ], [ 78.9752961, 30.4178392 ], [ 78.9752961, 30.4174687 ], [ 78.9758098, 30.4172593 ], [ 78.9762861, 30.4168807 ], [ 78.9765944, 30.4166391 ], [ 78.9770333, 30.4165022 ], [ 78.9771548, 30.4163411 ], [ 78.9772575, 30.4161961 ] ] } },
{ "type": "Feature", "properties": { "alt_name": null, "area": null, "boat": null, "destination": null, "int_name": null, "intermittent": null, "layer": null, "name": null, "name:en": null, "name:hi": null, "name:kn": null, "name:ml": null, "plant:source": null, "power": null, "seasonal": null, "waterway": "stream", "wikipedia": null, "osm_id": 1078493444, "source": "OPEN_DATA", "tunnel": null }, "geometry": { "type": "LineString", "coordinates": [ [ 78.9537472, 30.4275515 ], [ 78.9542236, 30.4272938 ], [ 78.9545411, 30.4272132 ], [ 78.9549334, 30.4268508 ], [ 78.9558581, 30.4259971 ], [ 78.9563904, 30.4254978 ], [ 78.956652, 30.4254736 ], [ 78.9568294, 30.4253528 ], [ 78.9570162, 30.4249743 ], [ 78.9570629, 30.4246763 ], [ 78.9572871, 30.424475 ], [ 78.9577914, 30.4242011 ], [ 78.9585622, 30.4236767 ], [ 78.9592228, 30.4233548 ], [ 78.9597578, 30.4228414 ], [ 78.9598369, 30.422687 ], [ 78.9605391, 30.4221792 ], [ 78.9616876, 30.4219429 ], [ 78.961935, 30.421892 ], [ 78.9623494, 30.4216963 ], [ 78.9627697, 30.4216238 ], [ 78.963218, 30.4215111 ], [ 78.963769, 30.42164 ], [ 78.964591, 30.4215514 ], [ 78.9668606, 30.4218171 ], [ 78.9672715, 30.421495 ], [ 78.9678786, 30.4209231 ], [ 78.9681243, 30.4208061 ], [ 78.9682798, 30.4205701 ], [ 78.9689289, 30.4201538 ], [ 78.9690952, 30.4199479 ], [ 78.9691784, 30.4197467 ], [ 78.9693608, 30.4195871 ], [ 78.9696156, 30.419409 ], [ 78.9698919, 30.4192541 ], [ 78.9701252, 30.4191638 ], [ 78.9703854, 30.4190875 ], [ 78.9706053, 30.4189094 ], [ 78.9706536, 30.4187822 ], [ 78.970726, 30.4186342 ], [ 78.9708548, 30.4185763 ], [ 78.9710211, 30.4185393 ], [ 78.9714034, 30.4186083 ], [ 78.9715538, 30.4184926 ], [ 78.971753, 30.4182752 ], [ 78.9718125, 30.4180317 ], [ 78.9718872, 30.4178615 ], [ 78.971838, 30.4175219 ] ] } },
{ "type": "Feature", "properties": { "alt_name": null, "area": null, "boat": null, "destination": null, "int_name": null, "intermittent": null, "layer": "-1", "name": null, "name:en": null, "name:hi": null, "name:kn": null, "name:ml": null, "plant:source": null, "power": null, "seasonal": null, "waterway": "stream", "wikipedia": null, "osm_id": 1069560057, "source": "OPEN_DATA", "tunnel": "culvert" }, "geometry": { "type": "LineString", "coordinates": [ [ 79.0312455, 30.3938202 ], [ 79.0311974, 30.393917 ] ] } },
{ "type": "Feature", "properties": { "alt_name": null, "area": null, "boat": null, "destination": null, "int_name": null, "intermittent": null, "layer": null, "name": null, "name:en": null, "name:hi": null, "name:kn": null, "name:ml": null, "plant:source": null, "power": null, "seasonal": null, "waterway": "stream", "wikipedia": null, "osm_id": 1069560056, "source": "OPEN_DATA", "tunnel": null }, "geometry": { "type": "LineString", "coordinates": [ [ 79.0311974, 30.393917 ], [ 79.0311401, 30.3940246 ], [ 79.0309074, 30.3942514 ], [ 79.0305453, 30.3944297 ] ] } },
{ "type": "Feature", "properties": { "alt_name": null, "area": null, "boat": "no", "destination": "Alaknanda", "int_name": "Mandakini River", "intermittent": null, "layer": null, "name": "Mandakini", "name:en": null, "name:hi": "मन्दाकिनी नदी, उत्तराखण्ड", "name:kn": null, "name:ml": null, "plant:source": null, "power": null, "seasonal": null, "waterway": "river", "wikipedia": "en:Mandakini River", "osm_id": 146816821, "source": "OPEN_DATA", "tunnel": null }, "geometry": { "type": "LineString", "coordinates": [ [ 79.0952907, 30.5359137 ], [ 79.0948926, 30.5356214 ], [ 79.0947912, 30.5354053 ], [ 79.0947479, 30.5349685 ], [ 79.0948221, 30.5346169 ], [ 79.0948406, 30.5342653 ], [ 79.0946242, 30.5338019 ], [ 79.094451, 30.5331466 ], [ 79.0943087, 30.5323901 ], [ 79.0941912, 30.5319533 ], [ 79.0939191, 30.5316017 ], [ 79.0935418, 30.5314579 ], [ 79.0932635, 30.5314579 ], [ 79.0929233, 30.5315964 ], [ 79.0926017, 30.5319373 ], [ 79.0921811, 30.5322729 ], [ 79.09181, 30.5324114 ], [ 79.0914513, 30.5323795 ], [ 79.091105, 30.532193 ], [ 79.0907586, 30.5317882 ], [ 79.0905483, 30.531346 ], [ 79.0904123, 30.530776 ], [ 79.090437, 30.5301686 ], [ 79.0906287, 30.5295986 ], [ 79.0908699, 30.5293375 ], [ 79.0911235, 30.5291884 ], [ 79.0913091, 30.5289433 ], [ 79.0913709, 30.5286396 ], [ 79.0912967, 30.5282081 ], [ 79.0911297, 30.5279151 ], [ 79.0911606, 30.5273877 ], [ 79.0911421, 30.5269668 ], [ 79.0910307, 30.526482 ], [ 79.0907091, 30.5260877 ], [ 79.0903195, 30.5258906 ], [ 79.089936, 30.525832 ], [ 79.0894598, 30.5257201 ], [ 79.0892928, 30.525491 ], [ 79.0892804, 30.5251181 ], [ 79.0893546, 30.5246493 ], [ 79.0892866, 30.5240898 ], [ 79.0889588, 30.5233493 ], [ 79.0887362, 30.5227792 ], [ 79.0883094, 30.5220866 ], [ 79.0879569, 30.521703 ], [ 79.0871961, 30.5212181 ], [ 79.0867817, 30.5209038 ], [ 79.0866333, 30.5206161 ], [ 79.0865838, 30.5203017 ], [ 79.0866457, 30.5199234 ], [ 79.0866609, 30.5198749 ], [ 79.0867941, 30.5194493 ], [ 79.0867941, 30.5189111 ], [ 79.086522, 30.5181865 ], [ 79.0862684, 30.5175684 ], [ 79.0860705, 30.5168651 ], [ 79.0859962, 30.5162258 ], [ 79.0860272, 30.5155064 ], [ 79.0862127, 30.5143982 ], [ 79.0864849, 30.5134497 ], [ 79.0869302, 30.5125066 ], [ 79.0871405, 30.5120164 ], [ 79.0871343, 30.5116541 ], [ 79.0870168, 30.511329 ], [ 79.0867261, 30.5110626 ], [ 79.0863426, 30.5107908 ], [ 79.0861138, 30.5104925 ], [ 79.0856004, 30.51029 ], [ 79.0851304, 30.5099436 ], [ 79.0849572, 30.5096239 ], [ 79.084869, 30.5092697 ], [ 79.0849324, 30.508798 ], [ 79.0852726, 30.5083504 ], [ 79.0857983, 30.5078122 ], [ 79.0860643, 30.5073965 ], [ 79.0865034, 30.5071354 ], [ 79.0867755, 30.506901 ], [ 79.0868312, 30.5065546 ], [ 79.0871095, 30.5062988 ], [ 79.0876291, 30.5059738 ], [ 79.0882908, 30.5052544 ], [ 79.0885525, 30.5049352 ], [ 79.0885568, 30.5045923 ], [ 79.0882988, 30.5042795 ], [ 79.087997, 30.5040685 ], [ 79.0878352, 30.50385 ], [ 79.087704, 30.503492 ], [ 79.0878046, 30.5031152 ], [ 79.0880145, 30.5027459 ], [ 79.0881151, 30.5023653 ], [ 79.0883786, 30.5020407 ], [ 79.0888424, 30.5016516 ], [ 79.0889352, 30.501204 ], [ 79.0888857, 30.5004846 ], [ 79.0887002, 30.4999304 ], [ 79.0884714, 30.499488 ], [ 79.087958, 30.4989178 ], [ 79.0875931, 30.4986247 ], [ 79.0873766, 30.4983423 ], [ 79.0873148, 30.4979266 ], [ 79.0871787, 30.4974843 ], [ 79.0869189, 30.496962 ], [ 79.0868173, 30.496564 ], [ 79.0867891, 30.4963598 ], [ 79.0868571, 30.4958002 ], [ 79.0870983, 30.4952566 ], [ 79.087457, 30.4947024 ], [ 79.0875684, 30.4943027 ], [ 79.0875127, 30.4938923 ], [ 79.0872653, 30.4936845 ], [ 79.0868447, 30.4935779 ], [ 79.0860902, 30.4935299 ], [ 79.0855397, 30.4933487 ], [ 79.0849212, 30.4931995 ], [ 79.0842656, 30.4928744 ], [ 79.0839007, 30.4925386 ], [ 79.0837708, 30.4922242 ], [ 79.0837028, 30.491542 ], [ 79.0838141, 30.4907639 ], [ 79.0840986, 30.4903589 ], [ 79.0842218, 30.4901228 ], [ 79.0844017, 30.4897779 ], [ 79.0846429, 30.4889998 ], [ 79.0848037, 30.488259 ], [ 79.0847419, 30.4876354 ], [ 79.0844326, 30.487209 ], [ 79.0841852, 30.4867347 ], [ 79.0841419, 30.486239 ], [ 79.0842347, 30.4856794 ], [ 79.0845316, 30.4851517 ], [ 79.0849583, 30.4847413 ], [ 79.0852985, 30.4843735 ], [ 79.0854469, 30.4838139 ], [ 79.0853109, 30.483121 ], [ 79.0849707, 30.4818578 ], [ 79.0844759, 30.48044 ], [ 79.0837708, 30.4789901 ], [ 79.0834121, 30.4785477 ], [ 79.082973, 30.4782919 ], [ 79.0825215, 30.4781746 ], [ 79.0821071, 30.4781906 ], [ 79.0818102, 30.4783239 ], [ 79.081668, 30.4785691 ], [ 79.0814701, 30.4787716 ], [ 79.0811917, 30.4787769 ], [ 79.0808516, 30.4785371 ], [ 79.0805918, 30.4776736 ], [ 79.0806227, 30.4771245 ], [ 79.0808392, 30.4764796 ], [ 79.0819727, 30.475742 ], [ 79.0823337, 30.4754648 ], [ 79.0821145, 30.4745606 ], [ 79.0819773, 30.4741821 ], [ 79.0817237, 30.4739674 ], [ 79.0814032, 30.47368 ], [ 79.0811113, 30.473191 ], [ 79.0801651, 30.4726203 ], [ 79.0795522, 30.4721779 ], [ 79.0790602, 30.4719889 ], [ 79.0783483, 30.4717917 ], [ 79.0776653, 30.471582 ], [ 79.0767378, 30.4714728 ], [ 79.0761219, 30.4712188 ], [ 79.075314, 30.4709581 ], [ 79.0749265, 30.4703974 ], [ 79.0745615, 30.4700616 ], [ 79.0744811, 30.4697631 ], [ 79.0745244, 30.4693046 ], [ 79.0744604, 30.4687983 ], [ 79.0743117, 30.4684402 ], [ 79.0742593, 30.468067 ], [ 79.0741615, 30.4674952 ], [ 79.0740372, 30.4664752 ], [ 79.0741487, 30.4657755 ], [ 79.0749764, 30.4651306 ], [ 79.0757246, 30.46428 ], [ 79.0757882, 30.4635528 ], [ 79.0755336, 30.4628256 ], [ 79.0752311, 30.4623453 ], [ 79.0748968, 30.4620572 ], [ 79.0743078, 30.4618651 ], [ 79.0739258, 30.461769 ], [ 79.0737348, 30.4613986 ], [ 79.0741805, 30.4606439 ], [ 79.0750719, 30.4597246 ], [ 79.076027, 30.4587778 ], [ 79.0762129, 30.4586289 ], [ 79.0764727, 30.458421 ], [ 79.076616, 30.4580643 ], [ 79.0766319, 30.4574605 ], [ 79.0764409, 30.4565137 ], [ 79.076218, 30.455663 ], [ 79.0758678, 30.455265 ], [ 79.0754221, 30.4551415 ], [ 79.0749605, 30.4552376 ], [ 79.0741168, 30.4553337 ], [ 79.0731299, 30.4552513 ], [ 79.0722544, 30.4548946 ], [ 79.0717768, 30.4542908 ], [ 79.0717609, 30.4534949 ], [ 79.0718723, 30.4527402 ], [ 79.0722225, 30.4523285 ], [ 79.0726643, 30.4520353 ], [ 79.0733527, 30.4518894 ], [ 79.0743556, 30.4516973 ], [ 79.0751993, 30.451313 ], [ 79.0756131, 30.450819 ], [ 79.0758997, 30.4502564 ], [ 79.0759156, 30.4497761 ], [ 79.0758641, 30.4493923 ], [ 79.0756654, 30.4489157 ], [ 79.0751038, 30.4484862 ], [ 79.0744989, 30.4478961 ], [ 79.0744352, 30.4471276 ], [ 79.0745785, 30.4463591 ], [ 79.0748331, 30.4455357 ], [ 79.0748809, 30.4449868 ], [ 79.0745466, 30.4441359 ], [ 79.0742283, 30.4433537 ], [ 79.0742919, 30.4428184 ], [ 79.0745148, 30.4420636 ], [ 79.0745215, 30.4416467 ], [ 79.0745307, 30.4410755 ], [ 79.0743238, 30.4402795 ], [ 79.0738144, 30.4395521 ], [ 79.0735278, 30.4393325 ], [ 79.0731617, 30.4387424 ], [ 79.0730503, 30.4382483 ], [ 79.072907, 30.437617 ], [ 79.0726683, 30.4369308 ], [ 79.0722385, 30.4362994 ], [ 79.0714266, 30.4358328 ], [ 79.0706307, 30.4356544 ], [ 79.0704556, 30.4353387 ], [ 79.0704079, 30.4345701 ], [ 79.070583, 30.4339251 ], [ 79.0704875, 30.433129 ], [ 79.0700258, 30.4320173 ], [ 79.0693095, 30.4306585 ], [ 79.0685932, 30.4297663 ], [ 79.0681907, 30.4290077 ], [ 79.0679087, 30.4284761 ], [ 79.0674789, 30.4279408 ], [ 79.067256, 30.4274192 ], [ 79.0671765, 30.4269388 ], [ 79.0673834, 30.4258682 ], [ 79.0673675, 30.4255662 ], [ 79.0672869, 30.4253808 ], [ 79.0671765, 30.425127 ], [ 79.0671924, 30.4242073 ], [ 79.0671446, 30.4232876 ], [ 79.0669058, 30.4222993 ], [ 79.0667307, 30.4215306 ], [ 79.0665875, 30.4210502 ], [ 79.0663328, 30.4206247 ], [ 79.0657279, 30.4200756 ], [ 79.0646932, 30.4196775 ], [ 79.0641679, 30.4194304 ], [ 79.0634834, 30.4187715 ], [ 79.0630218, 30.4179479 ], [ 79.0627989, 30.4172341 ], [ 79.0624328, 30.4165065 ], [ 79.0615891, 30.4152024 ], [ 79.0609206, 30.4142003 ], [ 79.0603157, 30.4130334 ], [ 79.0596153, 30.4117293 ], [ 79.0592325, 30.4107391 ], [ 79.0591536, 30.4105349 ], [ 79.0586283, 30.4099309 ], [ 79.0581667, 30.4095876 ], [ 79.0572275, 30.4093405 ], [ 79.0564794, 30.4094915 ], [ 79.0555243, 30.4102054 ], [ 79.0548557, 30.4108095 ], [ 79.0546819, 30.4108545 ], [ 79.054219, 30.4109742 ], [ 79.0541223, 30.411004 ], [ 79.0533275, 30.4112488 ], [ 79.0531846, 30.4113158 ], [ 79.0525953, 30.411592 ], [ 79.0522385, 30.4116604 ], [ 79.0520222, 30.4117018 ], [ 79.0516408, 30.4115653 ], [ 79.0513119, 30.4114475 ], [ 79.0511786, 30.4113998 ], [ 79.0500805, 30.4111404 ], [ 79.0497618, 30.4103427 ], [ 79.0484247, 30.4096014 ], [ 79.0474378, 30.4090797 ], [ 79.0469284, 30.4083384 ], [ 79.0465145, 30.4075558 ], [ 79.04583, 30.4066909 ], [ 79.0443178, 30.4049885 ], [ 79.0438721, 30.4043295 ], [ 79.0434264, 30.4034783 ], [ 79.0432513, 30.4022839 ], [ 79.043108, 30.4014052 ], [ 79.0426305, 30.4008697 ], [ 79.042137, 30.4006501 ], [ 79.0413888, 30.4005814 ], [ 79.0402586, 30.400499 ], [ 79.0390807, 30.4007873 ], [ 79.0380301, 30.4012404 ], [ 79.0371864, 30.4013777 ], [ 79.0363268, 30.4012267 ], [ 79.0358652, 30.4009796 ], [ 79.0357219, 30.4006912 ], [ 79.035706, 30.4001146 ], [ 79.0355627, 30.3997988 ], [ 79.0352284, 30.3995105 ], [ 79.0344325, 30.3989476 ], [ 79.0338117, 30.3983572 ], [ 79.0332705, 30.397602 ], [ 79.0330795, 30.3968469 ], [ 79.0330317, 30.3963251 ], [ 79.0328248, 30.395721 ], [ 79.0324905, 30.3951992 ], [ 79.0320289, 30.3948285 ], [ 79.031233, 30.3946088 ], [ 79.0305453, 30.3944297 ], [ 79.0303893, 30.3943891 ], [ 79.0298799, 30.3942793 ], [ 79.029275, 30.3941283 ], [ 79.0284473, 30.3937163 ], [ 79.0272534, 30.3931946 ], [ 79.0266007, 30.3927277 ], [ 79.0261232, 30.3925904 ], [ 79.0251044, 30.392508 ], [ 79.0241334, 30.3925218 ], [ 79.0234489, 30.3926316 ], [ 79.0227963, 30.3926865 ], [ 79.0223028, 30.3925355 ], [ 79.0209582, 30.3919258 ], [ 79.019896, 30.3913382 ], [ 79.0192952, 30.3910004 ], [ 79.018233, 30.3902415 ], [ 79.0176215, 30.3898158 ], [ 79.0172593, 30.389478 ], [ 79.0168168, 30.3885803 ], [ 79.0163662, 30.3879509 ], [ 79.0159907, 30.3868959 ], [ 79.0155616, 30.3863868 ], [ 79.0150765, 30.3860432 ], [ 79.0142826, 30.3856928 ], [ 79.0095407, 30.3841196 ], [ 79.008466, 30.3831918 ], [ 79.007725, 30.3815637 ], [ 79.0072125, 30.3812382 ], [ 79.004087, 30.3806991 ], [ 78.9996977, 30.3779066 ], [ 78.9985805, 30.376893 ], [ 78.9976825, 30.3756442 ], [ 78.9971267, 30.3746021 ], [ 78.9966578, 30.373526 ], [ 78.9954831, 30.3718767 ], [ 78.995099, 30.3700017 ], [ 78.9950561, 30.3688446 ], [ 78.994643, 30.3680254 ], [ 78.9941066, 30.367794 ], [ 78.9932, 30.3676968 ], [ 78.9922719, 30.3677708 ], [ 78.9910381, 30.3676135 ], [ 78.9905231, 30.36747 ], [ 78.9898901, 30.3675857 ], [ 78.9895551, 30.3678418 ], [ 78.9881977, 30.3688793 ], [ 78.9878007, 30.3689164 ], [ 78.9873769, 30.368833 ], [ 78.9865669, 30.3685507 ], [ 78.9853813, 30.3684165 ], [ 78.9847215, 30.3684535 ], [ 78.9837828, 30.3685507 ], [ 78.9833429, 30.3684628 ], [ 78.9830961, 30.3683471 ], [ 78.9828493, 30.3680601 ], [ 78.9826509, 30.3674954 ], [ 78.9825704, 30.3667456 ], [ 78.982388, 30.3664633 ], [ 78.9822265, 30.3663463 ], [ 78.9819535, 30.3661486 ], [ 78.9802744, 30.3656348 ], [ 78.9798184, 30.3653571 ], [ 78.9795395, 30.3650053 ], [ 78.9794537, 30.364598 ], [ 78.9790621, 30.3632233 ], [ 78.9787402, 30.3612098 ], [ 78.978295, 30.3596083 ], [ 78.9775815, 30.3587427 ], [ 78.9759024, 30.3574698 ], [ 78.9746954, 30.3564699 ], [ 78.9745613, 30.3559283 ], [ 78.9745613, 30.3548266 ], [ 78.9746847, 30.3536277 ], [ 78.9751031, 30.3529241 ], [ 78.9751669, 30.3527075 ], [ 78.9755269, 30.3514844 ], [ 78.9754464, 30.3500818 ], [ 78.9755162, 30.3484106 ], [ 78.9755323, 30.3465774 ], [ 78.9750495, 30.3454061 ], [ 78.9741644, 30.3439062 ], [ 78.9738264, 30.3435497 ], [ 78.9731719, 30.3432395 ], [ 78.9720615, 30.3430775 ], [ 78.9707043, 30.3426886 ], [ 78.9696797, 30.3421886 ], [ 78.9681562, 30.3418784 ], [ 78.9677968, 30.3415775 ], [ 78.9675232, 30.3410404 ], [ 78.9671799, 30.339295 ], [ 78.9671756, 30.3388845 ], [ 78.9671691, 30.3382533 ], [ 78.9672213, 30.3381438 ], [ 78.9678155, 30.3368991 ], [ 78.9683551, 30.3361043 ], [ 78.9686202, 30.3357138 ], [ 78.9688079, 30.3350795 ], [ 78.9686792, 30.3341998 ], [ 78.9679389, 30.3330747 ], [ 78.9673649, 30.3318339 ], [ 78.9672147, 30.3311162 ], [ 78.9674025, 30.330343 ], [ 78.9679228, 30.3294401 ], [ 78.9681267, 30.3282872 ], [ 78.9682554, 30.3267267 ], [ 78.9681857, 30.3255043 ], [ 78.9677672, 30.324518 ], [ 78.9669864, 30.3236196 ], [ 78.9666729, 30.3231243 ], [ 78.965938, 30.3214619 ], [ 78.9657717, 30.320633 ], [ 78.965777, 30.3199523 ], [ 78.9659165, 30.3195494 ], [ 78.9663993, 30.3191697 ], [ 78.9686631, 30.3181046 ], [ 78.9702134, 30.3170071 ], [ 78.9704655, 30.3166367 ], [ 78.9705085, 30.3161227 ], [ 78.9702993, 30.3150112 ], [ 78.9705085, 30.3141684 ], [ 78.9711522, 30.312793 ], [ 78.9713507, 30.3118714 ], [ 78.9717208, 30.310797 ], [ 78.972032, 30.3104312 ], [ 78.9725577, 30.3100653 ], [ 78.9731263, 30.3100699 ], [ 78.9738988, 30.310408 ], [ 78.9743118, 30.3106766 ], [ 78.9745371, 30.3113065 ], [ 78.9748912, 30.3125105 ], [ 78.9752506, 30.3127513 ], [ 78.9759802, 30.3127699 ], [ 78.9777987, 30.312404 ], [ 78.9788394, 30.3122882 ], [ 78.9794509, 30.3119872 ], [ 78.9797943, 30.3114037 ], [ 78.9795636, 30.3109174 ], [ 78.9794992, 30.3096346 ], [ 78.9797406, 30.3086019 ], [ 78.9797621, 30.3066799 ], [ 78.9797031, 30.3057629 ], [ 78.9797433, 30.3053484 ], [ 78.9803522, 30.3046097 ], [ 78.9807599, 30.3044522 ], [ 78.981307, 30.3044013 ], [ 78.9816825, 30.3041975 ], [ 78.9818596, 30.303915 ], [ 78.9818059, 30.3035352 ], [ 78.9813714, 30.3032897 ], [ 78.9796226, 30.3029516 ], [ 78.9786195, 30.3024746 ], [ 78.9776002, 30.3019234 ], [ 78.9773856, 30.3016733 ], [ 78.9775359, 30.3011963 ], [ 78.9783083, 30.3005895 ], [ 78.9787107, 30.3000986 ], [ 78.9788019, 30.2997929 ], [ 78.9786517, 30.2993159 ], [ 78.9780562, 30.2988573 ], [ 78.97745, 30.2986721 ], [ 78.9769565, 30.2982645 ], [ 78.9767124, 30.2978406 ], [ 78.9767231, 30.2974191 ], [ 78.976809, 30.2970764 ], [ 78.9770182, 30.2967151 ], [ 78.977324, 30.2964511 ], [ 78.977683, 30.2961843 ], [ 78.9780178, 30.2958768 ], [ 78.9783956, 30.2957059 ], [ 78.9786382, 30.2955108 ], [ 78.9788689, 30.2953441 ], [ 78.9790519, 30.2951424 ], [ 78.9792204, 30.2946436 ], [ 78.9793962, 30.2943732 ], [ 78.9794894, 30.2941551 ], [ 78.9795507, 30.2938287 ], [ 78.9796231, 30.2934356 ], [ 78.9796575, 30.2931193 ], [ 78.9796455, 30.2928865 ], [ 78.9795626, 30.292643 ], [ 78.9792714, 30.2922231 ], [ 78.9792227, 30.2919809 ], [ 78.9792614, 30.291741 ], [ 78.9794564, 30.2914705 ], [ 78.979861, 30.2908662 ], [ 78.9801851, 30.2901971 ], [ 78.9802245, 30.2897295 ], [ 78.9802225, 30.28925 ], [ 78.9789448, 30.2879938 ], [ 78.9788975, 30.2878292 ] ] } },
{ "type": "Feature", "properties": { "alt_name": null, "area": null, "boat": null, "destination": null, "int_name": null, "intermittent": null, "layer": null, "name": "Lan Gad", "name:en": null, "name:hi": null, "name:kn": null, "name:ml": null, "plant:source": null, "power": null, "seasonal": null, "waterway": "stream", "wikipedia": null, "osm_id": 233108181, "source": "OPEN_DATA", "tunnel": null }, "geometry": { "type": "LineString", "coordinates": [ [ 79.033155, 30.4274346 ], [ 79.0333902, 30.4269994 ], [ 79.0338607, 30.426756 ], [ 79.0341644, 30.4266269 ], [ 79.0345237, 30.4261843 ], [ 79.0353535, 30.4262618 ], [ 79.0359481, 30.4261327 ], [ 79.0366624, 30.4261548 ], [ 79.0372099, 30.4262064 ], [ 79.0377873, 30.4262286 ], [ 79.0381423, 30.426011 ], [ 79.038292, 30.4257233 ], [ 79.038677, 30.4255167 ], [ 79.0388182, 30.425443 ], [ 79.0392288, 30.4253397 ], [ 79.0396394, 30.4252327 ], [ 79.0396608, 30.4250041 ], [ 79.0396442, 30.424758 ], [ 79.0396533, 30.4245676 ], [ 79.0396896, 30.4241973 ], [ 79.0399678, 30.4239052 ], [ 79.0401221, 30.4238765 ], [ 79.0404941, 30.4238974 ], [ 79.0409568, 30.423853 ], [ 79.0409901, 30.4236105 ], [ 79.0407663, 30.4234696 ], [ 79.0406786, 30.4232349 ], [ 79.0406181, 30.422875 ], [ 79.0408903, 30.4225907 ], [ 79.0410748, 30.4224134 ], [ 79.0410294, 30.4220378 ], [ 79.0408873, 30.4216857 ], [ 79.0409024, 30.4214249 ], [ 79.0408601, 30.421078 ], [ 79.0409629, 30.4206972 ], [ 79.0410083, 30.4203399 ], [ 79.04135, 30.4199722 ], [ 79.041595, 30.4198913 ], [ 79.041837, 30.4196096 ], [ 79.0420245, 30.419341 ], [ 79.0420275, 30.4189837 ], [ 79.0421515, 30.4187254 ], [ 79.0422725, 30.4184594 ], [ 79.0426324, 30.4183473 ], [ 79.0430075, 30.4182586 ], [ 79.0434642, 30.4182012 ], [ 79.0438301, 30.4180864 ], [ 79.0439542, 30.417956 ], [ 79.0440207, 30.41775 ], [ 79.0440116, 30.4175335 ], [ 79.0441114, 30.4174135 ], [ 79.0441961, 30.4173561 ], [ 79.0444986, 30.4170797 ], [ 79.0448222, 30.4169753 ], [ 79.0451609, 30.4170171 ], [ 79.0454967, 30.4171449 ], [ 79.0457271, 30.417228 ], [ 79.0459297, 30.4174444 ], [ 79.0461808, 30.4176035 ], [ 79.0462836, 30.4176114 ], [ 79.0466163, 30.4176296 ], [ 79.0471395, 30.4175149 ], [ 79.0474178, 30.417447 ], [ 79.0477202, 30.4174914 ], [ 79.0480953, 30.4175957 ], [ 79.0483312, 30.4177079 ], [ 79.0486458, 30.4177705 ], [ 79.049045, 30.4177053 ], [ 79.0493777, 30.4174888 ], [ 79.0497225, 30.4171288 ], [ 79.0499191, 30.4169254 ], [ 79.050155, 30.4166959 ], [ 79.0504181, 30.4164637 ], [ 79.0506601, 30.4163072 ], [ 79.0509353, 30.4161925 ], [ 79.0512952, 30.4162812 ], [ 79.0516763, 30.4163385 ], [ 79.0519637, 30.416289 ], [ 79.0521663, 30.4162812 ], [ 79.0524688, 30.4162603 ], [ 79.0527984, 30.4163203 ], [ 79.0531795, 30.4163803 ], [ 79.0536604, 30.4163933 ], [ 79.0540899, 30.4164898 ], [ 79.05435, 30.4166646 ], [ 79.0546404, 30.4167637 ], [ 79.0549489, 30.4167193 ], [ 79.0552362, 30.4165811 ], [ 79.0555477, 30.4164611 ], [ 79.0559712, 30.416362 ], [ 79.0562555, 30.4163829 ], [ 79.056564, 30.4162838 ], [ 79.0567908, 30.4161429 ], [ 79.0568211, 30.4158691 ], [ 79.0569057, 30.4156108 ], [ 79.057181, 30.4154361 ], [ 79.0571386, 30.4151752 ], [ 79.0569995, 30.4149457 ], [ 79.0571054, 30.4146562 ], [ 79.0572233, 30.4143119 ], [ 79.0573564, 30.4141215 ], [ 79.0574532, 30.4137981 ], [ 79.0574532, 30.4135033 ], [ 79.0574834, 30.4131512 ], [ 79.0575228, 30.412833 ], [ 79.0576377, 30.41252 ], [ 79.0578071, 30.412233 ], [ 79.0581307, 30.4120765 ], [ 79.0584604, 30.4118053 ], [ 79.0586297, 30.4114662 ], [ 79.0588082, 30.4113149 ], [ 79.0589685, 30.4111375 ], [ 79.0591076, 30.4110019 ], [ 79.0592325, 30.4107391 ] ] } },
{ "type": "Feature", "properties": { "alt_name": null, "area": null, "boat": null, "destination": null, "int_name": null, "intermittent": null, "layer": null, "name": null, "name:en": null, "name:hi": null, "name:kn": null, "name:ml": null, "plant:source": null, "power": null, "seasonal": null, "waterway": "stream", "wikipedia": null, "osm_id": 233108196, "source": "OPEN_DATA", "tunnel": null }, "geometry": { "type": "LineString", "coordinates": [ [ 79.0436297, 30.4297678 ], [ 79.044035, 30.4293981 ], [ 79.0440652, 30.4291034 ], [ 79.0439353, 30.4289472 ], [ 79.0438807, 30.4288817 ], [ 79.0438065, 30.4286091 ], [ 79.0436108, 30.4282202 ], [ 79.043416, 30.4277688 ], [ 79.0433157, 30.4275452 ], [ 79.0432968, 30.4273595 ], [ 79.0432059, 30.4272084 ], [ 79.0432522, 30.427046 ], [ 79.043176, 30.4268397 ], [ 79.0431609, 30.4266389 ], [ 79.043055, 30.4263963 ], [ 79.0428524, 30.4260495 ], [ 79.0426921, 30.4258956 ], [ 79.0423685, 30.4257287 ], [ 79.0421326, 30.4257313 ], [ 79.0419602, 30.4255774 ], [ 79.0417212, 30.4253949 ], [ 79.0414127, 30.4252879 ], [ 79.041071, 30.4252097 ], [ 79.040587, 30.4251184 ], [ 79.0403602, 30.4249567 ], [ 79.0398974, 30.4249046 ], [ 79.0396442, 30.424758 ] ] } },
{ "type": "Feature", "properties": { "alt_name": null, "area": null, "boat": null, "destination": null, "int_name": null, "intermittent": null, "layer": null, "name": null, "name:en": null, "name:hi": null, "name:kn": null, "name:ml": null, "plant:source": null, "power": null, "seasonal": null, "waterway": "stream", "wikipedia": null, "osm_id": 233108199, "source": "OPEN_DATA", "tunnel": null }, "geometry": { "type": "LineString", "coordinates": [ [ 79.0338257, 30.4347777 ], [ 79.0340268, 30.4344532 ], [ 79.0342449, 30.4341323 ], [ 79.0343754, 30.4338976 ], [ 79.0344417, 30.4337783 ], [ 79.0344417, 30.433616 ], [ 79.03457, 30.4332841 ], [ 79.0348053, 30.4329964 ], [ 79.034925, 30.4327678 ], [ 79.0349207, 30.4325944 ], [ 79.0348609, 30.4323916 ], [ 79.0350961, 30.4322588 ], [ 79.0353998, 30.431997 ], [ 79.0356992, 30.431831 ], [ 79.0357463, 30.4315876 ], [ 79.0359473, 30.4313884 ], [ 79.0362767, 30.4311229 ], [ 79.0363109, 30.4308942 ], [ 79.0362553, 30.4307172 ], [ 79.0362938, 30.4304848 ], [ 79.0364435, 30.4302267 ], [ 79.0362553, 30.4300017 ], [ 79.0361098, 30.4297804 ], [ 79.0358532, 30.4295849 ], [ 79.0354682, 30.4294927 ], [ 79.0348951, 30.4293157 ], [ 79.0345572, 30.4291534 ], [ 79.0345486, 30.4289543 ], [ 79.0342492, 30.4286297 ], [ 79.0338899, 30.4283347 ], [ 79.0336803, 30.4281613 ], [ 79.0336119, 30.427929 ], [ 79.0332954, 30.4276745 ], [ 79.033155, 30.4274346 ] ] } },
{ "type": "Feature", "properties": { "alt_name": null, "area": null, "boat": null, "destination": null, "int_name": null, "intermittent": null, "layer": null, "name": null, "name:en": null, "name:hi": null, "name:kn": null, "name:ml": null, "plant:source": null, "power": null, "seasonal": null, "waterway": "stream", "wikipedia": null, "osm_id": 233108179, "source": "OPEN_DATA", "tunnel": null }, "geometry": { "type": "LineString", "coordinates": [ [ 79.0395488, 30.433096 ], [ 79.0393991, 30.4330259 ], [ 79.0392537, 30.4329153 ], [ 79.0388559, 30.4328673 ], [ 79.0385223, 30.4325944 ], [ 79.0382395, 30.432488 ], [ 79.0379149, 30.4323658 ], [ 79.0376925, 30.4322072 ], [ 79.0374658, 30.4319416 ], [ 79.03747, 30.4317646 ], [ 79.0371792, 30.4316208 ], [ 79.0366916, 30.431429 ], [ 79.0365419, 30.4311966 ], [ 79.0363109, 30.4308942 ] ] } },
{ "type": "Feature", "properties": { "alt_name": null, "area": null, "boat": null, "destination": null, "int_name": null, "intermittent": null, "layer": null, "name": null, "name:en": null, "name:hi": null, "name:kn": null, "name:ml": null, "plant:source": null, "power": null, "seasonal": null, "waterway": "stream", "wikipedia": null, "osm_id": 1078509344, "source": "OPEN_DATA", "tunnel": null }, "geometry": { "type": "LineString", "coordinates": [ [ 79.0471885, 30.4387797 ], [ 79.0479041, 30.4385624 ], [ 79.0481805, 30.4383311 ], [ 79.0484976, 30.4381909 ], [ 79.0486115, 30.4380507 ], [ 79.049083, 30.4379035 ], [ 79.0491806, 30.437602 ], [ 79.0492375, 30.4375039 ], [ 79.049888, 30.4374127 ], [ 79.0504897, 30.4371814 ], [ 79.0510355, 30.4370775 ], [ 79.0513272, 30.4368028 ], [ 79.0516317, 30.4367404 ], [ 79.0518065, 30.4367045 ], [ 79.0523354, 30.4365925 ], [ 79.0526281, 30.4366626 ], [ 79.0531323, 30.4366696 ], [ 79.0534087, 30.4364173 ], [ 79.053799, 30.4358424 ], [ 79.0539372, 30.4355409 ], [ 79.054295, 30.4352115 ], [ 79.0542806, 30.4349599 ], [ 79.0543844, 30.4345875 ], [ 79.0546121, 30.434258 ], [ 79.0545903, 30.4340799 ], [ 79.0545443, 30.4338724 ], [ 79.054601, 30.4337717 ], [ 79.0547991, 30.4336802 ], [ 79.0549053, 30.4336069 ], [ 79.0549195, 30.4335246 ], [ 79.0548629, 30.4331919 ], [ 79.0550044, 30.4331095 ], [ 79.0551071, 30.4330699 ], [ 79.0552699, 30.4328563 ], [ 79.0552026, 30.4326976 ], [ 79.0549336, 30.4324901 ], [ 79.055008, 30.4322917 ], [ 79.0549549, 30.4320415 ], [ 79.0550186, 30.4318675 ], [ 79.0552378, 30.4314952 ], [ 79.0554526, 30.4313341 ], [ 79.0561718, 30.4310925 ], [ 79.0564754, 30.4304885 ], [ 79.0565968, 30.4301422 ], [ 79.0568396, 30.4299973 ], [ 79.0574934, 30.4297476 ], [ 79.0582593, 30.4295423 ], [ 79.058717, 30.4290309 ], [ 79.0589972, 30.4287168 ], [ 79.0592587, 30.4286564 ], [ 79.0595109, 30.4287409 ], [ 79.0598564, 30.4288295 ], [ 79.0607484, 30.428906 ], [ 79.0609819, 30.4288939 ], [ 79.0613462, 30.4291396 ], [ 79.0618599, 30.4292523 ], [ 79.0624016, 30.4294657 ], [ 79.0627985, 30.4296671 ], [ 79.0635878, 30.4296792 ], [ 79.0639707, 30.4297436 ], [ 79.0646198, 30.4298926 ], [ 79.0650074, 30.4299731 ], [ 79.0655585, 30.4298604 ], [ 79.0659881, 30.4298 ], [ 79.0665205, 30.429812 ], [ 79.0673565, 30.4297315 ], [ 79.0675526, 30.4295584 ], [ 79.0676273, 30.4293651 ], [ 79.0678795, 30.4292 ], [ 79.0681907, 30.4290077 ] ] } },
{ "type": "Feature", "properties": { "alt_name": null, "area": null, "boat": null, "destination": null, "int_name": null, "intermittent": null, "layer": null, "name": null, "name:en": null, "name:hi": null, "name:kn": null, "name:ml": null, "plant:source": null, "power": null, "seasonal": null, "waterway": "stream", "wikipedia": null, "osm_id": 233108194, "source": "OPEN_DATA", "tunnel": null }, "geometry": { "type": "LineString", "coordinates": [ [ 79.0218465, 30.4381699 ], [ 79.0216284, 30.4376868 ], [ 79.0215557, 30.4372848 ], [ 79.021376, 30.4368754 ], [ 79.021329, 30.4365362 ], [ 79.0212135, 30.4363628 ], [ 79.0209911, 30.436101 ], [ 79.0207687, 30.4359277 ], [ 79.0207858, 30.435758 ], [ 79.0204436, 30.4353155 ], [ 79.0201869, 30.4350241 ], [ 79.0200415, 30.4346922 ], [ 79.0199902, 30.4343972 ], [ 79.019849, 30.4339657 ], [ 79.0198576, 30.4335452 ], [ 79.0199645, 30.4333756 ], [ 79.0199688, 30.433265 ], [ 79.0200543, 30.4331322 ], [ 79.0201527, 30.4329699 ], [ 79.0201199, 30.4327961 ] ] } },
{ "type": "Feature", "properties": { "alt_name": null, "area": null, "boat": null, "destination": null, "int_name": null, "intermittent": null, "layer": null, "name": null, "name:en": null, "name:hi": null, "name:kn": null, "name:ml": null, "plant:source": null, "power": null, "seasonal": null, "waterway": "stream", "wikipedia": null, "osm_id": 233231718, "source": "OPEN_DATA", "tunnel": null }, "geometry": { "type": "LineString", "coordinates": [ [ 79.0135422, 30.4405866 ], [ 79.013709, 30.4404354 ], [ 79.0139486, 30.4401662 ], [ 79.0140427, 30.4398232 ], [ 79.0141068, 30.4394692 ], [ 79.0141667, 30.4389234 ], [ 79.0142523, 30.4386357 ], [ 79.0143036, 30.4382043 ], [ 79.0143891, 30.4377322 ], [ 79.0145174, 30.437227 ], [ 79.0148254, 30.436766 ], [ 79.0149152, 30.4364304 ], [ 79.0150692, 30.4363198 ], [ 79.015159, 30.4361096 ], [ 79.0152617, 30.4359362 ], [ 79.015621, 30.435833 ], [ 79.0156552, 30.435608 ], [ 79.0158776, 30.4353388 ], [ 79.0158369, 30.4350757 ], [ 79.0158862, 30.4349626 ], [ 79.0159803, 30.4347856 ], [ 79.0160487, 30.4344721 ], [ 79.01602, 30.4342982 ] ] } },
{ "type": "Feature", "properties": { "alt_name": null, "area": null, "boat": null, "destination": null, "int_name": null, "intermittent": null, "layer": null, "name": null, "name:en": null, "name:hi": null, "name:kn": null, "name:ml": null, "plant:source": null, "power": null, "seasonal": null, "waterway": "stream", "wikipedia": null, "osm_id": 1069560059, "source": "OPEN_DATA", "tunnel": null }, "geometry": { "type": "LineString", "coordinates": [ [ 79.0794531, 30.3988278 ], [ 79.0791025, 30.3993513 ], [ 79.0787518, 30.3994095 ], [ 79.078064, 30.3997003 ], [ 79.077484, 30.3998283 ], [ 79.0771334, 30.3999911 ], [ 79.0765804, 30.3999097 ], [ 79.0763924, 30.4000317 ], [ 79.0762913, 30.4002353 ], [ 79.0760148, 30.4003865 ], [ 79.0760283, 30.4007064 ], [ 79.0758529, 30.400846 ], [ 79.0757585, 30.4011775 ], [ 79.0762171, 30.4013986 ], [ 79.0763857, 30.4017534 ], [ 79.0767296, 30.4021605 ], [ 79.0768442, 30.4026374 ], [ 79.0775051, 30.4029573 ], [ 79.0768577, 30.403062 ], [ 79.0762576, 30.4032598 ], [ 79.0757248, 30.4032947 ], [ 79.0753539, 30.4033703 ], [ 79.0748414, 30.4037018 ], [ 79.0743559, 30.4040566 ], [ 79.0740861, 30.4045102 ], [ 79.0734185, 30.4055048 ], [ 79.0728251, 30.4058654 ], [ 79.0722121, 30.4059845 ], [ 79.0716585, 30.4063306 ], [ 79.0713348, 30.4068424 ], [ 79.0702154, 30.4070169 ], [ 79.0695343, 30.407395 ], [ 79.0684823, 30.4077963 ], [ 79.0679631, 30.4076509 ], [ 79.0674708, 30.407866 ], [ 79.0666616, 30.4077846 ], [ 79.065178, 30.4079068 ], [ 79.064416, 30.408279 ], [ 79.0642137, 30.4083197 ], [ 79.0638563, 30.4085814 ], [ 79.0637416, 30.4088955 ], [ 79.0635123, 30.408878 ], [ 79.0631077, 30.4095468 ], [ 79.0623255, 30.4097097 ], [ 79.0613072, 30.4101575 ], [ 79.0603362, 30.4105122 ], [ 79.0597495, 30.4107427 ], [ 79.0596772, 30.4107514 ] ] } },
{ "type": "Feature", "properties": { "alt_name": null, "area": null, "boat": null, "destination": null, "int_name": null, "intermittent": null, "layer": null, "name": "Loha Gad", "name:en": null, "name:hi": null, "name:kn": null, "name:ml": null, "plant:source": null, "power": null, "seasonal": null, "waterway": "stream", "wikipedia": null, "osm_id": 227477541, "source": "OPEN_DATA", "tunnel": null }, "geometry": { "type": "LineString", "coordinates": [ [ 79.1010475, 30.3947177 ], [ 79.1006398, 30.3971053 ], [ 79.1005325, 30.3991412 ], [ 79.1005325, 30.4022689 ], [ 79.1005325, 30.4056186 ], [ 79.1004038, 30.408191 ], [ 79.1007042, 30.4113 ], [ 79.1007042, 30.4122807 ], [ 79.1013694, 30.413206 ], [ 79.1011548, 30.415186 ], [ 79.1005489, 30.4162132 ], [ 79.1006592, 30.4174046 ], [ 79.1009471, 30.4178721 ], [ 79.1012973, 30.418323 ], [ 79.1013788, 30.4187988 ], [ 79.1013164, 30.4192787 ], [ 79.1014843, 30.4195145 ], [ 79.1014028, 30.4197379 ], [ 79.1009231, 30.4200978 ], [ 79.1004721, 30.4205735 ], [ 79.0999492, 30.420892 ], [ 79.0992488, 30.4212437 ], [ 79.0986588, 30.4214298 ], [ 79.0981791, 30.4214133 ], [ 79.0979776, 30.4216615 ], [ 79.097944, 30.4221165 ], [ 79.0975554, 30.4225012 ], [ 79.096903, 30.4228653 ], [ 79.0965672, 30.4231135 ], [ 79.0964281, 30.4237753 ], [ 79.0964137, 30.4244124 ], [ 79.0962266, 30.4247392 ], [ 79.0956749, 30.4251818 ], [ 79.0945619, 30.4259347 ], [ 79.0945239, 30.4267441 ] ] } },
{ "type": "Feature", "properties": { "alt_name": null, "area": null, "boat": null, "destination": null, "int_name": null, "intermittent": null, "layer": "-1", "name": null, "name:en": null, "name:hi": null, "name:kn": null, "name:ml": null, "plant:source": null, "power": null, "seasonal": null, "waterway": "stream", "wikipedia": null, "osm_id": 1069560061, "source": "OPEN_DATA", "tunnel": "culvert" }, "geometry": { "type": "LineString", "coordinates": [ [ 79.0596772, 30.4107514 ], [ 79.0595369, 30.4107684 ] ] } },
{ "type": "Feature", "properties": { "alt_name": null, "area": null, "boat": null, "destination": null, "int_name": null, "intermittent": null, "layer": null, "name": null, "name:en": null, "name:hi": null, "name:kn": null, "name:ml": null, "plant:source": null, "power": null, "seasonal": null, "waterway": "stream", "wikipedia": null, "osm_id": 1069560060, "source": "OPEN_DATA", "tunnel": null }, "geometry": { "type": "LineString", "coordinates": [ [ 79.0595369, 30.4107684 ], [ 79.0593651, 30.4107892 ], [ 79.0592325, 30.4107391 ] ] } },
{ "type": "Feature", "properties": { "alt_name": null, "area": null, "boat": null, "destination": null, "int_name": null, "intermittent": null, "layer": null, "name": "Kyunja Gad", "name:en": null, "name:hi": null, "name:kn": null, "name:ml": null, "plant:source": null, "power": null, "seasonal": null, "waterway": "stream", "wikipedia": null, "osm_id": 227477539, "source": "OPEN_DATA", "tunnel": null }, "geometry": { "type": "LineString", "coordinates": [ [ 79.1271257, 30.4082279 ], [ 79.1271359, 30.4091699 ], [ 79.1272716, 30.4095897 ], [ 79.1274582, 30.4099671 ], [ 79.1276227, 30.4101646 ], [ 79.1278381, 30.4103971 ], [ 79.1280857, 30.4105259 ], [ 79.1281434, 30.4106103 ], [ 79.1282028, 30.410697 ], [ 79.1282248, 30.4109617 ], [ 79.1280501, 30.4113464 ], [ 79.1284368, 30.4118847 ], [ 79.1284702, 30.4121926 ], [ 79.1283666, 30.412293 ], [ 79.1281168, 30.4124567 ], [ 79.1280061, 30.4126967 ], [ 79.127791, 30.4128849 ], [ 79.1275006, 30.4129145 ], [ 79.1267245, 30.4133336 ], [ 79.1263122, 30.413864 ], [ 79.1262331, 30.4141122 ], [ 79.1262387, 30.4144415 ], [ 79.1263812, 30.4150968 ], [ 79.1256824, 30.4165009 ], [ 79.1258656, 30.4173493 ], [ 79.12532, 30.4179083 ], [ 79.1248858, 30.4189614 ], [ 79.1245737, 30.4195231 ], [ 79.1239292, 30.4201198 ], [ 79.1229252, 30.421325 ], [ 79.1224973, 30.4217668 ], [ 79.1223417, 30.4219275 ], [ 79.1210561, 30.4228343 ], [ 79.1205201, 30.4234164 ], [ 79.1202899, 30.424076 ], [ 79.1202371, 30.4246593 ], [ 79.1198533, 30.4255445 ], [ 79.1192633, 30.4259789 ], [ 79.1182798, 30.4268848 ], [ 79.1176082, 30.4269179 ], [ 79.1158381, 30.4276211 ], [ 79.1147587, 30.427679 ], [ 79.1130988, 30.4280099 ], [ 79.1127342, 30.4282871 ], [ 79.1125999, 30.4289944 ], [ 79.112125, 30.4292509 ], [ 79.1115349, 30.429408 ], [ 79.1105659, 30.429499 ], [ 79.1101341, 30.4293998 ], [ 79.109688, 30.429073 ], [ 79.1095009, 30.4283657 ], [ 79.1094673, 30.4279396 ], [ 79.1085798, 30.4278279 ], [ 79.1082009, 30.4276666 ], [ 79.1079562, 30.4273936 ], [ 79.1075532, 30.4267235 ], [ 79.1070159, 30.426165 ], [ 79.1065698, 30.4262312 ], [ 79.1061716, 30.426587 ], [ 79.1054856, 30.426678 ], [ 79.1047277, 30.4269386 ], [ 79.1035571, 30.4272529 ], [ 79.1023098, 30.42777 ], [ 79.1015567, 30.4280141 ], [ 79.1002614, 30.4280306 ], [ 79.0994363, 30.4281009 ], [ 79.0984912, 30.4278734 ], [ 79.0976661, 30.4281175 ], [ 79.0968266, 30.4277121 ], [ 79.096107, 30.4274391 ], [ 79.0951236, 30.4267235 ], [ 79.0945239, 30.4267441 ], [ 79.0940319, 30.4270245 ], [ 79.0934925, 30.4268388 ], [ 79.0931219, 30.4266192 ], [ 79.0925774, 30.4266026 ], [ 79.0921504, 30.4267763 ], [ 79.0918218, 30.4269749 ], [ 79.0910565, 30.4268962 ], [ 79.0904714, 30.4267237 ], [ 79.0900609, 30.4266886 ], [ 79.0894893, 30.4274374 ], [ 79.0894045, 30.427762 ], [ 79.0890484, 30.4282593 ], [ 79.0886633, 30.4284377 ], [ 79.088219, 30.4284392 ], [ 79.0878594, 30.428502 ], [ 79.0867027, 30.4284172 ], [ 79.0861124, 30.4285254 ], [ 79.0854561, 30.4288399 ], [ 79.0851063, 30.4289409 ], [ 79.0848367, 30.4288003 ], [ 79.0845506, 30.4285564 ], [ 79.0840747, 30.4283154 ], [ 79.0834291, 30.4278821 ], [ 79.0826937, 30.4274948 ], [ 79.0823144, 30.4274374 ], [ 79.0819883, 30.427644 ], [ 79.0817353, 30.4276583 ], [ 79.0811264, 30.4272595 ], [ 79.0801114, 30.4269611 ], [ 79.0794725, 30.4268951 ], [ 79.078401, 30.427116 ], [ 79.0773628, 30.4270529 ], [ 79.0758953, 30.4268147 ], [ 79.0744745, 30.4267945 ], [ 79.0729285, 30.4270826 ], [ 79.0725262, 30.42704 ], [ 79.0720697, 30.4267296 ], [ 79.071625, 30.4263278 ], [ 79.0711144, 30.4256765 ], [ 79.0699708, 30.425218 ], [ 79.0695167, 30.4251104 ], [ 79.0672869, 30.4253808 ] ] } },
{ "type": "Feature", "properties": { "alt_name": null, "area": null, "boat": null, "destination": null, "int_name": null, "intermittent": null, "layer": null, "name": null, "name:en": null, "name:hi": null, "name:kn": null, "name:ml": null, "plant:source": null, "power": null, "seasonal": null, "waterway": "stream", "wikipedia": null, "osm_id": 1078509351, "source": "OPEN_DATA", "tunnel": null }, "geometry": { "type": "LineString", "coordinates": [ [ 79.0503277, 30.4430376 ], [ 79.0504255, 30.4430597 ], [ 79.050659, 30.4429188 ], [ 79.0508412, 30.4427094 ], [ 79.0512335, 30.4428906 ], [ 79.0517892, 30.4429752 ], [ 79.0519807, 30.4429228 ], [ 79.0521768, 30.4427658 ], [ 79.0524897, 30.4425685 ], [ 79.0527372, 30.4427175 ], [ 79.0530034, 30.4428343 ], [ 79.0535638, 30.4426128 ], [ 79.0537459, 30.4425283 ], [ 79.0544137, 30.4427054 ], [ 79.0550675, 30.4425887 ], [ 79.0553477, 30.4427578 ], [ 79.0559922, 30.4429228 ], [ 79.0562864, 30.4428906 ], [ 79.0567114, 30.4429993 ], [ 79.0567954, 30.4430436 ], [ 79.057099, 30.4430034 ], [ 79.0574539, 30.4428866 ], [ 79.0576033, 30.4428826 ], [ 79.0580143, 30.4429752 ], [ 79.0585373, 30.4432047 ], [ 79.0591164, 30.4434583 ], [ 79.0597235, 30.4436636 ], [ 79.0616195, 30.4437281 ], [ 79.0623574, 30.4439052 ], [ 79.0637304, 30.4440139 ], [ 79.0646363, 30.4438972 ], [ 79.0653275, 30.443724 ], [ 79.065575, 30.4435187 ], [ 79.0659253, 30.443414 ], [ 79.0662755, 30.443406 ], [ 79.0667565, 30.4434301 ], [ 79.0673823, 30.4434301 ], [ 79.0684564, 30.4433496 ], [ 79.0690728, 30.4431644 ], [ 79.069736, 30.4430517 ], [ 79.0705439, 30.4427739 ], [ 79.0708288, 30.4428182 ], [ 79.0711557, 30.4427698 ], [ 79.0714405, 30.4427054 ], [ 79.0720616, 30.4427739 ], [ 79.072538, 30.4427537 ], [ 79.0726687, 30.4425565 ], [ 79.0728509, 30.4423712 ], [ 79.073514, 30.4423511 ], [ 79.0738222, 30.4422102 ], [ 79.0742659, 30.4417955 ], [ 79.0745215, 30.4416467 ] ] } },
{ "type": "Feature", "properties": { "alt_name": null, "area": null, "boat": null, "destination": null, "int_name": null, "intermittent": null, "layer": null, "name": null, "name:en": null, "name:hi": null, "name:kn": null, "name:ml": null, "plant:source": null, "power": null, "seasonal": null, "waterway": "stream", "wikipedia": null, "osm_id": 913515361, "source": "OPEN_DATA", "tunnel": null }, "geometry": { "type": "LineString", "coordinates": [ [ 79.1228701, 30.4568166 ], [ 79.1221807, 30.4569723 ], [ 79.1217703, 30.4573685 ], [ 79.1206623, 30.4573826 ], [ 79.1203504, 30.4576019 ], [ 79.1197759, 30.4573968 ], [ 79.1191357, 30.4575807 ], [ 79.1178964, 30.458267 ], [ 79.1164355, 30.4583589 ], [ 79.1146873, 30.4591513 ], [ 79.1137763, 30.4591301 ], [ 79.1118065, 30.4599154 ], [ 79.1109694, 30.4604955 ], [ 79.1102963, 30.4616628 ], [ 79.110321, 30.4621863 ], [ 79.1075387, 30.4628938 ], [ 79.106406, 30.4638417 ], [ 79.1062829, 30.4641388 ], [ 79.105692, 30.4642025 ], [ 79.1036483, 30.4637639 ], [ 79.1031723, 30.4638064 ], [ 79.1017853, 30.4648746 ], [ 79.1006937, 30.4651788 ], [ 79.099241, 30.4651434 ], [ 79.0982479, 30.4649878 ], [ 79.0976815, 30.4650585 ], [ 79.0964012, 30.4643864 ], [ 79.0952439, 30.4645633 ], [ 79.0949665, 30.4646772 ], [ 79.0930033, 30.465483 ], [ 79.0921896, 30.4661931 ], [ 79.0909214, 30.4664257 ], [ 79.0903142, 30.4672165 ], [ 79.0892753, 30.4669025 ], [ 79.0883984, 30.4669258 ], [ 79.0876968, 30.4671351 ], [ 79.0870761, 30.4678212 ], [ 79.086388, 30.4680189 ], [ 79.0844587, 30.4680654 ], [ 79.0838207, 30.4681843 ] ] } },
{ "type": "Feature", "properties": { "alt_name": null, "area": null, "boat": null, "destination": null, "int_name": null, "intermittent": null, "layer": null, "name": null, "name:en": null, "name:hi": null, "name:kn": null, "name:ml": null, "plant:source": null, "power": null, "seasonal": null, "waterway": "stream", "wikipedia": null, "osm_id": 232063201, "source": "OPEN_DATA", "tunnel": null }, "geometry": { "type": "LineString", "coordinates": [ [ 79.0838207, 30.4681843 ], [ 79.0831987, 30.4683144 ], [ 79.0825882, 30.4683361 ], [ 79.0822497, 30.4682868 ], [ 79.0819479, 30.4681626 ], [ 79.0818015, 30.4680385 ], [ 79.0816095, 30.4680148 ], [ 79.0813191, 30.4681942 ], [ 79.0811041, 30.4682592 ], [ 79.0811133, 30.4684228 ], [ 79.0810035, 30.4685588 ], [ 79.0807725, 30.4687165 ], [ 79.0806468, 30.4690042 ], [ 79.0801597, 30.469495 ], [ 79.0800088, 30.4694359 ], [ 79.0797527, 30.4695107 ], [ 79.079524, 30.4695561 ], [ 79.0792519, 30.4694496 ], [ 79.0790804, 30.4694694 ], [ 79.0788334, 30.4696783 ], [ 79.0787305, 30.4700606 ], [ 79.0788243, 30.4702163 ], [ 79.0788906, 30.4704233 ], [ 79.0787328, 30.4706539 ], [ 79.0785956, 30.4707741 ], [ 79.0785567, 30.4710342 ], [ 79.078511, 30.471188 ], [ 79.0783989, 30.4712727 ], [ 79.0780811, 30.4714442 ], [ 79.0776653, 30.471582 ] ] } },
{ "type": "Feature", "properties": { "alt_name": null, "area": null, "boat": null, "destination": null, "int_name": null, "intermittent": null, "layer": null, "name": "Kakra Gad", "name:en": null, "name:hi": null, "name:kn": null, "name:ml": null, "plant:source": null, "power": null, "seasonal": null, "waterway": "stream", "wikipedia": null, "osm_id": 1072032135, "source": "OPEN_DATA", "tunnel": null }, "geometry": { "type": "LineString", "coordinates": [ [ 79.126649, 30.4961258 ], [ 79.1263961, 30.4962899 ], [ 79.1257217, 30.4965239 ], [ 79.125021, 30.4962748 ], [ 79.1240138, 30.495905 ], [ 79.123427, 30.4955881 ], [ 79.121833, 30.4958069 ], [ 79.1199938, 30.4955881 ], [ 79.1197573, 30.4949466 ], [ 79.1191355, 30.4946523 ], [ 79.1190742, 30.4941542 ], [ 79.118899, 30.4939353 ], [ 79.1158336, 30.4939882 ], [ 79.1141521, 30.4931505 ], [ 79.1131799, 30.4918826 ], [ 79.1113232, 30.4917241 ], [ 79.110132, 30.4907883 ], [ 79.1090986, 30.49106 ], [ 79.108179, 30.4918448 ], [ 79.107198, 30.4919656 ], [ 79.1059368, 30.4917845 ], [ 79.1045793, 30.4922222 ], [ 79.1039487, 30.4921618 ], [ 79.1030204, 30.4925769 ], [ 79.101584, 30.4928184 ], [ 79.1011286, 30.4933542 ], [ 79.1000075, 30.4935429 ], [ 79.099482, 30.4926901 ], [ 79.0986325, 30.4926599 ], [ 79.0955058, 30.4927656 ], [ 79.0950942, 30.4928712 ], [ 79.0931674, 30.4921618 ], [ 79.0926068, 30.4916486 ], [ 79.0921251, 30.49146 ], [ 79.0917573, 30.4915505 ], [ 79.0901983, 30.4908335 ], [ 79.0894276, 30.4908788 ], [ 79.0878423, 30.4910071 ], [ 79.0868264, 30.4909015 ], [ 79.0857842, 30.4904637 ], [ 79.0847595, 30.4905468 ], [ 79.0844442, 30.4906222 ], [ 79.0842218, 30.4901228 ] ] } },
{ "type": "Feature", "properties": { "alt_name": null, "area": null, "boat": null, "destination": null, "int_name": null, "intermittent": null, "layer": null, "name": null, "name:en": null, "name:hi": null, "name:kn": null, "name:ml": null, "plant:source": null, "power": null, "seasonal": null, "waterway": "stream", "wikipedia": null, "osm_id": 227255197, "source": "OPEN_DATA", "tunnel": null }, "geometry": { "type": "LineString", "coordinates": [ [ 79.0590334, 30.4930595 ], [ 79.0601706, 30.4939655 ], [ 79.0612006, 30.495833 ], [ 79.0629816, 30.4976079 ], [ 79.0654814, 30.5004829 ], [ 79.0661359, 30.5016846 ], [ 79.0659839, 30.5030652 ], [ 79.06629, 30.5031217 ], [ 79.0667623, 30.5032988 ], [ 79.0670247, 30.5034872 ], [ 79.0677332, 30.5039469 ], [ 79.0684286, 30.5043086 ], [ 79.0687172, 30.5045912 ], [ 79.0688397, 30.5049303 ], [ 79.068914, 30.5053712 ], [ 79.0689272, 30.5057292 ], [ 79.0688616, 30.505895 ], [ 79.0688659, 30.5060947 ], [ 79.0690321, 30.5063245 ], [ 79.0693251, 30.5066071 ], [ 79.0695744, 30.5067013 ], [ 79.0698324, 30.5069161 ], [ 79.0698631, 30.5071045 ], [ 79.0699768, 30.5072665 ], [ 79.070331, 30.5074436 ], [ 79.0706022, 30.5074737 ], [ 79.0708777, 30.5075943 ], [ 79.0711051, 30.5079108 ], [ 79.0714025, 30.5083328 ], [ 79.0717217, 30.5086117 ], [ 79.0719448, 30.5087247 ], [ 79.0721678, 30.5089131 ] ] } },
{ "type": "Feature", "properties": { "alt_name": null, "area": null, "boat": null, "destination": null, "int_name": null, "intermittent": null, "layer": null, "name": null, "name:en": null, "name:hi": null, "name:kn": null, "name:ml": null, "plant:source": null, "power": null, "seasonal": null, "waterway": "stream", "wikipedia": null, "osm_id": 233108190, "source": "OPEN_DATA", "tunnel": null }, "geometry": { "type": "LineString", "coordinates": [ [ 79.0325605, 30.4427841 ], [ 79.0326375, 30.4421425 ], [ 79.0329967, 30.4418991 ], [ 79.0335699, 30.4412427 ], [ 79.0336982, 30.4406969 ], [ 79.0339891, 30.4400257 ], [ 79.0345109, 30.4395832 ], [ 79.0347676, 30.438735 ], [ 79.0354092, 30.4378278 ], [ 79.0357, 30.436987 ], [ 79.0358198, 30.4362125 ], [ 79.0361192, 30.4356889 ], [ 79.0364823, 30.4353166 ], [ 79.0367522, 30.4350398 ], [ 79.0375478, 30.4343464 ], [ 79.0379756, 30.433631 ], [ 79.038275, 30.4329671 ], [ 79.0382395, 30.432488 ] ] } },
{ "type": "Feature", "properties": { "alt_name": null, "area": null, "boat": null, "destination": null, "int_name": null, "intermittent": null, "layer": null, "name": "Badhani Gad", "name:en": null, "name:hi": null, "name:kn": null, "name:ml": null, "plant:source": null, "power": null, "seasonal": null, "waterway": "stream", "wikipedia": null, "osm_id": 233231719, "source": "OPEN_DATA", "tunnel": null }, "geometry": { "type": "LineString", "coordinates": [ [ 78.9983511, 30.4525213 ], [ 78.99966, 30.4517814 ], [ 79.000647, 30.4513929 ], [ 79.0020418, 30.4504865 ], [ 79.0024924, 30.4494136 ], [ 79.0027928, 30.4484332 ], [ 79.003458, 30.4472493 ], [ 79.003951, 30.4469217 ], [ 79.004488, 30.4465649 ], [ 79.0063548, 30.4459729 ], [ 79.0075135, 30.4453809 ], [ 79.0086293, 30.444456 ], [ 79.0089941, 30.4432905 ], [ 79.0086508, 30.4420233 ], [ 79.0082216, 30.4413666 ], [ 79.0079185, 30.4413161 ], [ 79.0072775, 30.4412093 ], [ 79.0071091, 30.440755 ], [ 79.0073571, 30.4402439 ], [ 79.007587, 30.4397693 ], [ 79.007841, 30.4394825 ], [ 79.0081132, 30.4392373 ], [ 79.0082463, 30.4390235 ], [ 79.0085911, 30.4388931 ], [ 79.0088694, 30.4388201 ], [ 79.0092444, 30.4383612 ], [ 79.0093387, 30.4382017 ], [ 79.0093956, 30.4381056 ], [ 79.0093775, 30.4371825 ], [ 79.0092021, 30.4369061 ], [ 79.0092565, 30.4364784 ], [ 79.0091962, 30.4361328 ], [ 79.0095712, 30.4358512 ], [ 79.0097345, 30.4354913 ], [ 79.0100249, 30.4354079 ], [ 79.0104604, 30.4352618 ], [ 79.0111016, 30.4350115 ], [ 79.0117368, 30.4349958 ], [ 79.0124264, 30.4351653 ], [ 79.0129254, 30.434975 ], [ 79.0131523, 30.4344586 ], [ 79.0135348, 30.4339109 ], [ 79.0139241, 30.4337671 ], [ 79.0143989, 30.4337966 ], [ 79.0146555, 30.4338814 ], [ 79.0149806, 30.4341027 ], [ 79.0154083, 30.4342613 ], [ 79.01602, 30.4342982 ], [ 79.0164905, 30.434158 ], [ 79.0170551, 30.4340953 ], [ 79.017825, 30.4340216 ], [ 79.0181757, 30.4336306 ], [ 79.0186805, 30.4334684 ], [ 79.0192921, 30.4332434 ], [ 79.0198353, 30.4329705 ], [ 79.0201199, 30.4327961 ], [ 79.0203828, 30.4326349 ], [ 79.0208063, 30.4322218 ], [ 79.0213795, 30.4319821 ], [ 79.0218927, 30.4317498 ], [ 79.0224659, 30.4317239 ], [ 79.0229749, 30.4317682 ], [ 79.0233813, 30.4319415 ], [ 79.0239459, 30.4320632 ], [ 79.0244763, 30.4319342 ], [ 79.0249681, 30.4316354 ], [ 79.0250965, 30.4312887 ], [ 79.0255841, 30.4309494 ], [ 79.0262214, 30.4307761 ], [ 79.0267304, 30.430636 ], [ 79.0272309, 30.4305474 ], [ 79.0276201, 30.4304884 ], [ 79.0280863, 30.4305511 ], [ 79.0285611, 30.4304663 ], [ 79.028591, 30.4301786 ], [ 79.0287108, 30.4299647 ], [ 79.028899, 30.4297877 ], [ 79.0292412, 30.4295369 ], [ 79.0295321, 30.4295295 ], [ 79.0297459, 30.4296549 ], [ 79.0301694, 30.4295738 ], [ 79.0304046, 30.4292603 ], [ 79.0303704, 30.4290537 ], [ 79.0306099, 30.4287366 ], [ 79.0310035, 30.42846 ], [ 79.031628, 30.4283714 ], [ 79.0320129, 30.428187 ], [ 79.0322653, 30.4279731 ], [ 79.0327058, 30.4278957 ], [ 79.0330352, 30.4276854 ], [ 79.033155, 30.4274346 ] ] } },
{ "type": "Feature", "properties": { "alt_name": null, "area": null, "boat": null, "destination": null, "int_name": null, "intermittent": null, "layer": "-1", "name": null, "name:en": null, "name:hi": null, "name:kn": null, "name:ml": null, "plant:source": null, "power": null, "seasonal": null, "waterway": "stream", "wikipedia": null, "osm_id": 1078509355, "source": "OPEN_DATA", "tunnel": "culvert" }, "geometry": { "type": "LineString", "coordinates": [ [ 79.0502017, 30.443009 ], [ 79.0503277, 30.4430376 ] ] } },
{ "type": "Feature", "properties": { "alt_name": null, "area": null, "boat": null, "destination": null, "int_name": null, "intermittent": null, "layer": null, "name": null, "name:en": null, "name:hi": null, "name:kn": null, "name:ml": null, "plant:source": null, "power": null, "seasonal": null, "waterway": "stream", "wikipedia": null, "osm_id": 1078509354, "source": "OPEN_DATA", "tunnel": null }, "geometry": { "type": "LineString", "coordinates": [ [ 79.0493655, 30.4432288 ], [ 79.049725, 30.4430275 ], [ 79.0499632, 30.442955 ], [ 79.0502017, 30.443009 ] ] } },
{ "type": "Feature", "properties": { "alt_name": null, "area": null, "boat": null, "destination": null, "int_name": null, "intermittent": null, "layer": "-1", "name": null, "name:en": null, "name:hi": null, "name:kn": null, "name:ml": null, "plant:source": null, "power": null, "seasonal": null, "waterway": "stream", "wikipedia": null, "osm_id": 1078509353, "source": "OPEN_DATA", "tunnel": "culvert" }, "geometry": { "type": "LineString", "coordinates": [ [ 79.0492413, 30.4432439 ], [ 79.0493655, 30.4432288 ] ] } },
{ "type": "Feature", "properties": { "alt_name": null, "area": null, "boat": null, "destination": null, "int_name": null, "intermittent": null, "layer": null, "name": null, "name:en": null, "name:hi": null, "name:kn": null, "name:ml": null, "plant:source": null, "power": null, "seasonal": null, "waterway": "stream", "wikipedia": null, "osm_id": 1078509352, "source": "OPEN_DATA", "tunnel": null }, "geometry": { "type": "LineString", "coordinates": [ [ 79.0434844, 30.4465948 ], [ 79.0437086, 30.4463532 ], [ 79.0439141, 30.4458459 ], [ 79.0443998, 30.4455641 ], [ 79.0446519, 30.4454272 ], [ 79.0449135, 30.4450568 ], [ 79.0452964, 30.4448152 ], [ 79.0458008, 30.4446461 ], [ 79.0459502, 30.4446139 ], [ 79.0461183, 30.4444851 ], [ 79.0463705, 30.4442033 ], [ 79.0467067, 30.4438812 ], [ 79.0474353, 30.4437684 ], [ 79.0481171, 30.443696 ], [ 79.0485934, 30.4433658 ], [ 79.048763, 30.4432047 ], [ 79.0490666, 30.4432651 ], [ 79.0492413, 30.4432439 ] ] } },
{ "type": "Feature", "properties": { "alt_name": null, "area": null, "boat": null, "destination": null, "int_name": null, "intermittent": null, "layer": null, "name": "Damar Gad", "name:en": null, "name:hi": null, "name:kn": null, "name:ml": null, "plant:source": null, "power": null, "seasonal": null, "waterway": "river", "wikipedia": null, "osm_id": 232063202, "source": "OPEN_DATA", "tunnel": null }, "geometry": { "type": "LineString", "coordinates": [ [ 79.012766, 30.4801209 ], [ 79.013315, 30.4795125 ], [ 79.0139233, 30.4788302 ], [ 79.0145002, 30.4785681 ], [ 79.0150235, 30.4785681 ], [ 79.0154798, 30.4783098 ], [ 79.0158107, 30.4779938 ], [ 79.0162848, 30.4777625 ], [ 79.0167098, 30.4776199 ], [ 79.0172644, 30.4773693 ], [ 79.0176445, 30.4770108 ], [ 79.0178816, 30.4766331 ], [ 79.0182484, 30.4764904 ], [ 79.0187403, 30.4765521 ], [ 79.0191071, 30.4765675 ], [ 79.0194739, 30.4763016 ], [ 79.0197246, 30.4759686 ], [ 79.0204581, 30.475587 ], [ 79.0211737, 30.4754559 ], [ 79.0220101, 30.4754906 ], [ 79.0223707, 30.4756452 ], [ 79.0232178, 30.4756487 ], [ 79.0234459, 30.47556 ], [ 79.0236919, 30.4752478 ], [ 79.0241302, 30.4749625 ], [ 79.0247608, 30.4748237 ], [ 79.0253154, 30.4747813 ], [ 79.0254277, 30.4747143 ], [ 79.0257806, 30.4745038 ], [ 79.0265052, 30.4744575 ], [ 79.027677, 30.4746156 ], [ 79.0279767, 30.4745732 ], [ 79.0284597, 30.4739256 ], [ 79.0287818, 30.4737213 ], [ 79.0290322, 30.473675 ], [ 79.0294974, 30.4737328 ], [ 79.0299581, 30.4737251 ], [ 79.0300778, 30.4737332 ], [ 79.030468, 30.4737598 ], [ 79.0322123, 30.47386 ], [ 79.0328251, 30.4740412 ], [ 79.033165, 30.4740682 ], [ 79.0339209, 30.4736133 ], [ 79.0344889, 30.4730929 ], [ 79.0348333, 30.4727768 ], [ 79.0353164, 30.4726111 ], [ 79.0363093, 30.4724415 ], [ 79.0367297, 30.4721523 ], [ 79.0371681, 30.4715857 ], [ 79.0374632, 30.4707607 ], [ 79.0382817, 30.470036 ], [ 79.0388051, 30.4700244 ], [ 79.0392657, 30.4699974 ], [ 79.0395296, 30.4697044 ], [ 79.0398919, 30.4691416 ], [ 79.0402989, 30.469238 ], [ 79.0409922, 30.4694076 ], [ 79.0414171, 30.4694115 ], [ 79.0419046, 30.4692341 ], [ 79.0421506, 30.4692187 ], [ 79.0423564, 30.4693614 ], [ 79.042656, 30.4697391 ], [ 79.0428215, 30.470302 ], [ 79.0431033, 30.4705757 ], [ 79.043479, 30.4707106 ], [ 79.0439844, 30.4705988 ], [ 79.0448298, 30.4696736 ], [ 79.0449058, 30.469238 ], [ 79.0450668, 30.4691185 ], [ 79.0455096, 30.4690452 ], [ 79.0456572, 30.4686366 ], [ 79.0458227, 30.4683976 ], [ 79.0461492, 30.4683128 ], [ 79.0468872, 30.4684978 ], [ 79.0475223, 30.4686674 ], [ 79.0478443, 30.4685325 ], [ 79.0481038, 30.4683668 ], [ 79.0484079, 30.4680005 ], [ 79.0486763, 30.4679041 ], [ 79.0491683, 30.4679234 ], [ 79.049611, 30.4679119 ], [ 79.0501312, 30.4677336 ], [ 79.050613, 30.4675106 ], [ 79.0516867, 30.4665406 ], [ 79.0520748, 30.4661782 ], [ 79.052382, 30.4660389 ], [ 79.0527151, 30.4662396 ], [ 79.0535753, 30.4664207 ], [ 79.0538146, 30.4664793 ], [ 79.054083, 30.4664152 ], [ 79.0544872, 30.4661002 ], [ 79.0548559, 30.4659552 ], [ 79.0553183, 30.4659051 ], [ 79.0557064, 30.4657629 ], [ 79.0560136, 30.4655539 ], [ 79.056599, 30.4654842 ], [ 79.057139, 30.4655622 ], [ 79.0574915, 30.465735 ], [ 79.0577535, 30.4656932 ], [ 79.0581706, 30.4655065 ], [ 79.0586751, 30.4654814 ], [ 79.0591311, 30.4653727 ], [ 79.0593833, 30.4654479 ], [ 79.0598135, 30.4656514 ], [ 79.0601562, 30.4656263 ], [ 79.060554, 30.4654675 ], [ 79.0611135, 30.4651943 ], [ 79.0617214, 30.4651302 ], [ 79.0623391, 30.4648152 ], [ 79.0627143, 30.4647065 ], [ 79.0629956, 30.4647176 ], [ 79.0633481, 30.4649518 ], [ 79.0636877, 30.4650549 ], [ 79.0641436, 30.4648793 ], [ 79.0643894, 30.4648124 ], [ 79.0644056, 30.4645309 ], [ 79.0643474, 30.4641434 ], [ 79.0644929, 30.4637615 ], [ 79.0649392, 30.4632152 ], [ 79.0654307, 30.4627553 ], [ 79.0658673, 30.462602 ], [ 79.0662651, 30.4625713 ], [ 79.0668245, 30.4621476 ], [ 79.0672255, 30.4619692 ], [ 79.0676298, 30.461933 ], [ 79.0681925, 30.4618577 ], [ 79.0683897, 30.4616905 ], [ 79.0686129, 30.4613922 ], [ 79.0688522, 30.4611971 ], [ 79.06912, 30.4608793 ], [ 79.0697282, 30.460489 ], [ 79.0699615, 30.4603235 ], [ 79.0699798, 30.4600041 ], [ 79.07014, 30.4596049 ], [ 79.070292, 30.4590725 ], [ 79.0708353, 30.4587854 ], [ 79.0712169, 30.4587965 ], [ 79.0717279, 30.4588021 ], [ 79.072158, 30.4587268 ], [ 79.0723488, 30.4585847 ], [ 79.0727821, 30.4579045 ], [ 79.0729794, 30.4575895 ], [ 79.0732899, 30.4573358 ], [ 79.0735421, 30.4570375 ], [ 79.0737717, 30.4569874 ], [ 79.0740563, 30.4570487 ], [ 79.0748227, 30.4576871 ], [ 79.0756086, 30.4583923 ], [ 79.0762129, 30.4586289 ] ] } },
{ "type": "Feature", "properties": { "alt_name": null, "area": null, "boat": null, "destination": null, "int_name": null, "intermittent": null, "layer": null, "name": null, "name:en": null, "name:hi": null, "name:kn": null, "name:ml": null, "plant:source": null, "power": null, "seasonal": null, "waterway": "stream", "wikipedia": null, "osm_id": 227255200, "source": "OPEN_DATA", "tunnel": null }, "geometry": { "type": "LineString", "coordinates": [ [ 79.0413673, 30.4858314 ], [ 79.0423995, 30.4854093 ], [ 79.0428018, 30.4850626 ], [ 79.043003, 30.4846329 ], [ 79.0437027, 30.4841731 ], [ 79.044245, 30.484045 ], [ 79.0447086, 30.4837133 ], [ 79.044901, 30.4832761 ], [ 79.044936, 30.4828691 ], [ 79.0452771, 30.4824696 ], [ 79.0452596, 30.4821832 ], [ 79.0454958, 30.4818741 ], [ 79.0459944, 30.4816857 ], [ 79.0465979, 30.4813766 ], [ 79.0469565, 30.480947 ], [ 79.0471315, 30.4806831 ], [ 79.04763, 30.4805625 ], [ 79.0479362, 30.4804042 ], [ 79.048251, 30.4800575 ], [ 79.0486534, 30.4798916 ], [ 79.0492657, 30.4798464 ], [ 79.0500791, 30.4797333 ], [ 79.0511287, 30.4794243 ], [ 79.0520671, 30.4790594 ], [ 79.0525805, 30.4789422 ], [ 79.0536071, 30.4789742 ], [ 79.0545534, 30.4790861 ], [ 79.0553204, 30.4791767 ], [ 79.0557595, 30.4791714 ], [ 79.0561058, 30.4792034 ], [ 79.0564089, 30.4791287 ], [ 79.056712, 30.4792247 ], [ 79.0570026, 30.4791287 ], [ 79.0572068, 30.4791714 ], [ 79.0574789, 30.4791607 ], [ 79.0576582, 30.4790061 ], [ 79.0578685, 30.4788622 ], [ 79.058153, 30.4788356 ], [ 79.0584685, 30.478729 ], [ 79.0586664, 30.4785477 ], [ 79.0591797, 30.4783239 ], [ 79.0597487, 30.478116 ], [ 79.0603858, 30.478004 ], [ 79.0610414, 30.4778281 ], [ 79.0616661, 30.4778122 ], [ 79.0620248, 30.4777055 ], [ 79.0623155, 30.4777375 ], [ 79.0626185, 30.4779561 ], [ 79.0628907, 30.4781853 ], [ 79.0634102, 30.4782706 ], [ 79.0639483, 30.4782919 ], [ 79.0645886, 30.4784906 ], [ 79.0647692, 30.4783204 ], [ 79.0650987, 30.4782173 ], [ 79.0657357, 30.4781959 ], [ 79.0661501, 30.4782119 ], [ 79.0663666, 30.478068 ], [ 79.0666078, 30.4777855 ], [ 79.0669108, 30.4776842 ], [ 79.0674366, 30.4776363 ], [ 79.0677458, 30.4774657 ], [ 79.067987, 30.4772471 ], [ 79.0681664, 30.4769007 ], [ 79.0684571, 30.4765009 ], [ 79.0690879, 30.4761757 ], [ 79.06996, 30.4758879 ], [ 79.0709063, 30.4756374 ], [ 79.0713763, 30.4753868 ], [ 79.0717783, 30.4753389 ], [ 79.072335, 30.4752163 ], [ 79.0728483, 30.4752163 ], [ 79.0735472, 30.4750457 ], [ 79.0741904, 30.4746299 ], [ 79.0750811, 30.4740969 ], [ 79.0754522, 30.473825 ], [ 79.0755202, 30.4735212 ], [ 79.0758789, 30.4731587 ], [ 79.0761944, 30.4729775 ], [ 79.076584, 30.4726736 ], [ 79.0768546, 30.4721743 ], [ 79.0770788, 30.471986 ], [ 79.0769636, 30.4718703 ], [ 79.0767848, 30.4715739 ], [ 79.0767378, 30.4714728 ] ] } },
{ "type": "Feature", "properties": { "alt_name": null, "area": null, "boat": null, "destination": null, "int_name": null, "intermittent": null, "layer": null, "name": "Padmakhal Gad", "name:en": null, "name:hi": null, "name:kn": null, "name:ml": null, "plant:source": null, "power": null, "seasonal": null, "waterway": "stream", "wikipedia": null, "osm_id": 1072003196, "source": "OPEN_DATA", "tunnel": null }, "geometry": { "type": "LineString", "coordinates": [ [ 79.008522, 30.5049293 ], [ 79.0102601, 30.5039864 ], [ 79.0114188, 30.5027107 ], [ 79.0126634, 30.5019342 ], [ 79.0134573, 30.5001779 ], [ 79.0138864, 30.498255 ], [ 79.0137791, 30.496628 ], [ 79.0132427, 30.4953984 ], [ 79.013114, 30.4945849 ], [ 79.0131569, 30.4937251 ], [ 79.0138864, 30.4920056 ], [ 79.0138113, 30.4914601 ], [ 79.0136504, 30.490323 ], [ 79.0157318, 30.4873275 ], [ 79.0157962, 30.4854969 ], [ 79.016397, 30.4841655 ], [ 79.0159035, 30.4827416 ], [ 79.0152597, 30.4816321 ], [ 79.01438, 30.4809109 ], [ 79.012766, 30.4801209 ] ] } },
{ "type": "Feature", "properties": { "alt_name": null, "area": null, "boat": null, "destination": null, "int_name": null, "intermittent": null, "layer": null, "name": "Rawan Ganga", "name:en": null, "name:hi": null, "name:kn": null, "name:ml": null, "plant:source": null, "power": null, "seasonal": null, "waterway": "stream", "wikipedia": null, "osm_id": 227255182, "source": "OPEN_DATA", "tunnel": null }, "geometry": { "type": "LineString", "coordinates": [ [ 79.008663, 30.5228254 ], [ 79.0095464, 30.5222226 ], [ 79.0103423, 30.5217931 ], [ 79.0113132, 30.5214541 ], [ 79.0123978, 30.5212431 ], [ 79.0136574, 30.5210396 ], [ 79.0142084, 30.5213034 ], [ 79.0149431, 30.5214691 ], [ 79.0153192, 30.5214767 ], [ 79.0154767, 30.5209115 ], [ 79.0158178, 30.5201656 ], [ 79.0161852, 30.5196608 ], [ 79.0165243, 30.5194311 ], [ 79.0170562, 30.5193138 ], [ 79.0174273, 30.5190687 ], [ 79.0175139, 30.5187544 ], [ 79.0177613, 30.5185306 ], [ 79.0178912, 30.5181417 ], [ 79.0181015, 30.5179392 ], [ 79.0184911, 30.5178433 ], [ 79.0192333, 30.5177154 ], [ 79.0199137, 30.517417 ], [ 79.0205693, 30.5172892 ], [ 79.0209032, 30.5171613 ], [ 79.0211816, 30.5168736 ], [ 79.0214166, 30.516394 ], [ 79.021497, 30.5158772 ], [ 79.0218062, 30.5154403 ], [ 79.0225175, 30.5149501 ], [ 79.0229752, 30.5146943 ], [ 79.02347, 30.5146783 ], [ 79.0237978, 30.5146038 ], [ 79.0238905, 30.51438 ], [ 79.0239153, 30.5140603 ], [ 79.0241565, 30.5137406 ], [ 79.0245894, 30.5133889 ], [ 79.0253254, 30.5131544 ], [ 79.0261233, 30.5127868 ], [ 79.026983, 30.5125364 ], [ 79.0278551, 30.512547 ], [ 79.0287086, 30.5127229 ], [ 79.0294137, 30.5130532 ], [ 79.0298219, 30.5134955 ], [ 79.0306506, 30.5138738 ], [ 79.0313433, 30.5140017 ], [ 79.032234, 30.5139164 ], [ 79.0331431, 30.5137619 ], [ 79.0340585, 30.5135114 ], [ 79.0346646, 30.5133356 ], [ 79.0354192, 30.5131704 ], [ 79.0362541, 30.5131278 ], [ 79.0371077, 30.5131651 ], [ 79.0378993, 30.5131278 ], [ 79.0385116, 30.5129307 ], [ 79.0390373, 30.5128987 ], [ 79.0395445, 30.5129307 ], [ 79.0401506, 30.5128614 ], [ 79.0407815, 30.5126429 ], [ 79.0415237, 30.5123179 ], [ 79.0419999, 30.512206 ], [ 79.0428596, 30.5121421 ], [ 79.0437007, 30.512174 ], [ 79.0447212, 30.5120888 ], [ 79.0460324, 30.5118277 ], [ 79.0472076, 30.5116625 ], [ 79.0478199, 30.5116145 ], [ 79.0484384, 30.5116891 ], [ 79.0491434, 30.5116572 ], [ 79.0498114, 30.5115559 ], [ 79.0501207, 30.5112149 ], [ 79.0505412, 30.51073 ], [ 79.0510546, 30.510325 ], [ 79.0514504, 30.5102185 ], [ 79.0523534, 30.5102771 ], [ 79.0528234, 30.5104849 ], [ 79.0533492, 30.5109112 ], [ 79.0538511, 30.5110667 ], [ 79.0542606, 30.5110716 ], [ 79.0544183, 30.511045 ], [ 79.0545636, 30.510961 ], [ 79.0547012, 30.5107466 ], [ 79.0547662, 30.5105228 ], [ 79.0548364, 30.5101923 ], [ 79.055066, 30.5099116 ], [ 79.0553656, 30.5095725 ], [ 79.0554836, 30.5092429 ], [ 79.0556323, 30.5090865 ], [ 79.0558335, 30.5090582 ], [ 79.0560828, 30.5091524 ], [ 79.0563474, 30.5091958 ], [ 79.0566076, 30.5091788 ], [ 79.0567629, 30.5092485 ], [ 79.0570602, 30.5095217 ], [ 79.0571674, 30.5096667 ], [ 79.0572745, 30.5097063 ], [ 79.0574254, 30.509678 ], [ 79.0576004, 30.5096064 ], [ 79.0580377, 30.5095575 ], [ 79.058493, 30.5095543 ], [ 79.0587806, 30.5096209 ], [ 79.0590561, 30.5095936 ], [ 79.0592967, 30.5094768 ], [ 79.0595416, 30.5092583 ], [ 79.0598652, 30.5092206 ], [ 79.0602326, 30.5093035 ], [ 79.0606262, 30.5095032 ], [ 79.060752, 30.5096592 ], [ 79.0609641, 30.5097929 ], [ 79.0613905, 30.5099418 ], [ 79.0616201, 30.5099945 ], [ 79.0618082, 30.5101245 ], [ 79.0619853, 30.5103204 ], [ 79.0621799, 30.5104222 ], [ 79.0624117, 30.5104674 ], [ 79.0626194, 30.510424 ], [ 79.0628425, 30.510473 ], [ 79.0630786, 30.5105879 ], [ 79.0633454, 30.5106972 ], [ 79.0635335, 30.510701 ], [ 79.0636516, 30.5106275 ], [ 79.0637959, 30.5106106 ], [ 79.0639162, 30.5106614 ], [ 79.0640517, 30.5107556 ], [ 79.0643447, 30.5108517 ], [ 79.0646574, 30.5109289 ], [ 79.0649089, 30.5110514 ], [ 79.065027, 30.5111964 ], [ 79.0651975, 30.5112888 ], [ 79.0653616, 30.5112398 ], [ 79.0656174, 30.5112398 ], [ 79.0658667, 30.5113566 ], [ 79.0660044, 30.5115506 ], [ 79.0663652, 30.5118878 ], [ 79.066702, 30.5121026 ], [ 79.0669175, 30.5121701 ], [ 79.0671799, 30.5121588 ], [ 79.0673833, 30.5120967 ], [ 79.0676129, 30.512091 ], [ 79.0678643, 30.5121701 ], [ 79.0681574, 30.5121796 ], [ 79.0683695, 30.51214 ], [ 79.0686734, 30.5121494 ], [ 79.069139, 30.5122403 ] ] } },
{ "type": "Feature", "properties": { "alt_name": null, "area": null, "boat": null, "destination": null, "int_name": null, "intermittent": null, "layer": null, "name": "Bhilori Gad", "name:en": null, "name:hi": null, "name:kn": null, "name:ml": null, "plant:source": null, "power": null, "seasonal": null, "waterway": "stream", "wikipedia": null, "osm_id": 227255194, "source": "OPEN_DATA", "tunnel": null }, "geometry": { "type": "LineString", "coordinates": [ [ 79.0281772, 30.5267053 ], [ 79.0307521, 30.5259659 ], [ 79.0317392, 30.5262617 ], [ 79.032855, 30.5255223 ], [ 79.0343785, 30.5255593 ], [ 79.0365887, 30.5239512 ], [ 79.0373504, 30.5228236 ], [ 79.0396893, 30.5227312 ], [ 79.0416956, 30.5217331 ], [ 79.0422749, 30.5217146 ], [ 79.0431762, 30.520587 ], [ 79.0456438, 30.5204392 ], [ 79.0474248, 30.5202913 ], [ 79.0495062, 30.520661 ], [ 79.0510511, 30.5204392 ], [ 79.0521455, 30.5200695 ], [ 79.0527248, 30.5195334 ], [ 79.0552139, 30.5189049 ], [ 79.0588188, 30.5176664 ], [ 79.0599131, 30.517574 ], [ 79.0613508, 30.5167237 ], [ 79.0621047, 30.5166256 ], [ 79.0630406, 30.5165691 ], [ 79.0637666, 30.5164561 ], [ 79.0642783, 30.516279 ], [ 79.0647637, 30.5159738 ], [ 79.0650698, 30.5156687 ], [ 79.0655815, 30.5154765 ], [ 79.0661107, 30.5151939 ], [ 79.0666836, 30.5151374 ], [ 79.0671997, 30.5150206 ], [ 79.0677463, 30.5147456 ], [ 79.0680656, 30.5144404 ], [ 79.068293, 30.5140599 ], [ 79.0684767, 30.5136906 ], [ 79.0685248, 30.5135098 ], [ 79.0683761, 30.513344 ], [ 79.0683717, 30.5131406 ], [ 79.0684986, 30.5129974 ], [ 79.0689359, 30.5128467 ], [ 79.0692202, 30.5128919 ], [ 79.0694038, 30.5128128 ], [ 79.0695963, 30.5125905 ], [ 79.0695832, 30.5124285 ], [ 79.0692901, 30.5123079 ], [ 79.069139, 30.5122403 ], [ 79.0691589, 30.5119989 ], [ 79.0693339, 30.5117088 ], [ 79.0696837, 30.511479 ], [ 79.0700292, 30.5112265 ], [ 79.0700948, 30.5109628 ], [ 79.0702217, 30.5108385 ], [ 79.070436, 30.510846 ], [ 79.0707115, 30.5106425 ], [ 79.0708864, 30.5104353 ], [ 79.0710482, 30.5103298 ], [ 79.0710876, 30.5100171 ], [ 79.0711882, 30.5098287 ], [ 79.0714462, 30.5096893 ], [ 79.0716255, 30.509369 ], [ 79.0718267, 30.5092861 ], [ 79.0718792, 30.5090789 ], [ 79.0721678, 30.5089131 ], [ 79.0724259, 30.5089055 ], [ 79.072802, 30.5090525 ], [ 79.0730031, 30.5092635 ], [ 79.073353, 30.5094481 ], [ 79.0735984, 30.5095817 ], [ 79.0738433, 30.5096194 ], [ 79.073992, 30.5095327 ], [ 79.0740838, 30.5092878 ], [ 79.0742281, 30.5091672 ], [ 79.0745211, 30.5091559 ], [ 79.0750066, 30.5093632 ], [ 79.0754177, 30.5095855 ], [ 79.0755533, 30.5097249 ], [ 79.0756932, 30.509755 ], [ 79.0758638, 30.5096834 ], [ 79.0760737, 30.5094724 ], [ 79.0763973, 30.5092351 ], [ 79.0768347, 30.5091296 ], [ 79.0773157, 30.5091559 ], [ 79.0779542, 30.5090655 ], [ 79.0783522, 30.5089525 ], [ 79.0789951, 30.5089412 ], [ 79.0796336, 30.5088997 ], [ 79.080189, 30.5090391 ], [ 79.0805914, 30.5092727 ], [ 79.0808538, 30.5093707 ], [ 79.0811599, 30.5093368 ], [ 79.0814923, 30.5091635 ], [ 79.0819296, 30.5090617 ], [ 79.0823539, 30.5088319 ], [ 79.0827343, 30.5087829 ], [ 79.0830973, 30.5088507 ], [ 79.0833247, 30.509058 ], [ 79.0837271, 30.5094009 ], [ 79.0842169, 30.5096345 ], [ 79.0844881, 30.5095892 ], [ 79.084869, 30.5092697 ] ] } },
{ "type": "Feature", "properties": { "alt_name": null, "area": null, "boat": null, "destination": null, "int_name": null, "intermittent": null, "layer": null, "name": "Byung Gad", "name:en": null, "name:hi": null, "name:kn": null, "name:ml": null, "plant:source": null, "power": null, "seasonal": null, "waterway": "stream", "wikipedia": null, "osm_id": 1072003197, "source": "OPEN_DATA", "tunnel": null }, "geometry": { "type": "LineString", "coordinates": [ [ 79.0157318, 30.5355769 ], [ 79.0174484, 30.536538 ], [ 79.0195083, 30.5372403 ], [ 79.0220403, 30.5386818 ], [ 79.0249157, 30.5405299 ], [ 79.0272331, 30.5416018 ], [ 79.0311813, 30.5430803 ], [ 79.0335846, 30.543302 ], [ 79.0350866, 30.545224 ], [ 79.0359449, 30.5471459 ], [ 79.0361273, 30.5474877 ], [ 79.0384555, 30.5486334 ], [ 79.0406441, 30.5491416 ], [ 79.0435838, 30.551008 ], [ 79.0477037, 30.5527265 ], [ 79.0510726, 30.553595 ], [ 79.0531111, 30.5541678 ], [ 79.0552568, 30.5566809 ], [ 79.0589475, 30.5588243 ], [ 79.0599775, 30.5593047 ], [ 79.0609646, 30.5587688 ], [ 79.0620804, 30.559434 ], [ 79.0625524, 30.5594155 ], [ 79.0642261, 30.5584732 ], [ 79.0654278, 30.5585933 ], [ 79.0665328, 30.5589074 ], [ 79.0675735, 30.5587318 ] ] } },
{ "type": "Feature", "properties": { "alt_name": null, "area": null, "boat": null, "destination": null, "int_name": null, "intermittent": null, "layer": null, "name": "Gabni Gad", "name:en": null, "name:hi": null, "name:kn": null, "name:ml": null, "plant:source": null, "power": null, "seasonal": null, "waterway": "stream", "wikipedia": null, "osm_id": 226836177, "source": "OPEN_DATA", "tunnel": null }, "geometry": { "type": "LineString", "coordinates": [ [ 78.9909696, 30.5526526 ], [ 78.9910125, 30.5546483 ], [ 78.9922142, 30.5561265 ], [ 78.9947032, 30.5569026 ], [ 78.9964199, 30.5585656 ], [ 78.997879, 30.5607828 ], [ 78.9987802, 30.5632587 ], [ 79.0000033, 30.5645521 ], [ 79.0016126, 30.5658823 ], [ 79.0018701, 30.5679516 ], [ 79.0037584, 30.5686352 ], [ 79.007256, 30.5689493 ], [ 79.00864, 30.5694758 ], [ 79.0104554, 30.5701991 ], [ 79.0113497, 30.5718297 ], [ 79.0149795, 30.5739131 ], [ 79.0197667, 30.5771288 ], [ 79.0220357, 30.5794076 ], [ 79.0228355, 30.5804084 ], [ 79.0228169, 30.5809608 ], [ 79.0229099, 30.5814812 ], [ 79.0232221, 30.5823406 ], [ 79.0238491, 30.5838509 ], [ 79.0246861, 30.5848116 ], [ 79.025616, 30.5850758 ], [ 79.026081, 30.58542 ], [ 79.0264623, 30.5861806 ], [ 79.0267954, 30.5869067 ], [ 79.0275393, 30.5875391 ], [ 79.0286181, 30.5881796 ], [ 79.0296224, 30.5883317 ], [ 79.0307011, 30.5883157 ], [ 79.0311708, 30.5882716 ], [ 79.0317909, 30.588318 ], [ 79.0325627, 30.5885662 ], [ 79.0334648, 30.5884621 ], [ 79.0339484, 30.5887263 ], [ 79.0339484, 30.5891026 ], [ 79.0343947, 30.5895028 ], [ 79.0345807, 30.5903114 ], [ 79.0343575, 30.5907757 ], [ 79.0343703, 30.5911014 ] ] } },
{ "type": "Feature", "properties": { "alt_name": null, "area": null, "boat": null, "destination": null, "int_name": null, "intermittent": null, "layer": null, "name": null, "name:en": null, "name:hi": null, "name:kn": null, "name:ml": null, "plant:source": null, "power": null, "seasonal": null, "waterway": "stream", "wikipedia": null, "osm_id": 226839291, "source": "OPEN_DATA", "tunnel": null }, "geometry": { "type": "LineString", "coordinates": [ [ 79.0486469, 30.5696566 ], [ 79.0493702, 30.5702454 ], [ 79.0503303, 30.5710834 ], [ 79.0510931, 30.5723063 ], [ 79.051869, 30.5728753 ], [ 79.0519512, 30.5732461 ], [ 79.0515961, 30.5738123 ], [ 79.0511983, 30.5741038 ], [ 79.0510536, 30.5743869 ], [ 79.0511851, 30.5747804 ], [ 79.0510602, 30.5752418 ], [ 79.0512706, 30.5756353 ], [ 79.0515271, 30.5758249 ], [ 79.0518098, 30.5765043 ], [ 79.0522044, 30.5768978 ], [ 79.0522997, 30.5773082 ], [ 79.0523326, 30.5775403 ], [ 79.0531579, 30.5783046 ], [ 79.0537365, 30.5789528 ], [ 79.0536807, 30.579225 ], [ 79.0528252, 30.5797694 ], [ 79.0527508, 30.5801217 ] ] } },
{ "type": "Feature", "properties": { "alt_name": null, "area": null, "boat": null, "destination": null, "int_name": null, "intermittent": null, "layer": null, "name": null, "name:en": null, "name:hi": null, "name:kn": null, "name:ml": null, "plant:source": null, "power": null, "seasonal": null, "waterway": "stream", "wikipedia": null, "osm_id": 226839290, "source": "OPEN_DATA", "tunnel": null }, "geometry": { "type": "LineString", "coordinates": [ [ 79.0463713, 30.5719631 ], [ 79.0464457, 30.5725396 ], [ 79.0467619, 30.5734524 ], [ 79.0468735, 30.5739568 ], [ 79.0468084, 30.5751898 ], [ 79.0470781, 30.5757983 ], [ 79.0471246, 30.5761986 ], [ 79.0474036, 30.5763267 ], [ 79.048008, 30.576607 ], [ 79.048845, 30.5776318 ], [ 79.0497656, 30.5785045 ], [ 79.0505561, 30.579225 ], [ 79.0511606, 30.5796574 ], [ 79.0515139, 30.5800817 ], [ 79.0518313, 30.5802337 ] ] } },
{ "type": "Feature", "properties": { "alt_name": null, "area": null, "boat": null, "destination": null, "int_name": null, "intermittent": null, "layer": null, "name": null, "name:en": null, "name:hi": null, "name:kn": null, "name:ml": null, "plant:source": null, "power": null, "seasonal": null, "waterway": "stream", "wikipedia": null, "osm_id": 686083261, "source": "OPEN_DATA", "tunnel": null }, "geometry": { "type": "LineString", "coordinates": [ [ 79.0312698, 30.5726512 ], [ 79.0321898, 30.573127 ], [ 79.032855, 30.5736581 ], [ 79.0333593, 30.5740322 ], [ 79.0340218, 30.5744571 ], [ 79.0343624, 30.5745541 ], [ 79.0346789, 30.5748289 ], [ 79.0347433, 30.5753185 ], [ 79.0355319, 30.5759789 ], [ 79.0358698, 30.5760852 ], [ 79.0359583, 30.5764662 ], [ 79.0362266, 30.5766071 ], [ 79.036358, 30.5767387 ], [ 79.0365645, 30.5769581 ], [ 79.0368193, 30.5772259 ], [ 79.0369213, 30.5773853 ], [ 79.0372217, 30.578302 ], [ 79.0372941, 30.5786553 ], [ 79.0376615, 30.5790202 ], [ 79.037793, 30.5792765 ], [ 79.0379915, 30.5794128 ], [ 79.0382516, 30.579519 ], [ 79.0386285, 30.5797303 ], [ 79.0389624, 30.5798122 ], [ 79.0390845, 30.5798451 ] ] } },
{ "type": "Feature", "properties": { "alt_name": null, "area": null, "boat": null, "destination": null, "int_name": null, "intermittent": null, "layer": null, "name": null, "name:en": null, "name:hi": null, "name:kn": null, "name:ml": null, "plant:source": null, "power": null, "seasonal": null, "waterway": "stream", "wikipedia": null, "osm_id": 226836938, "source": "OPEN_DATA", "tunnel": null }, "geometry": { "type": "LineString", "coordinates": [ [ 79.03748, 30.5731285 ], [ 79.038038, 30.5744416 ], [ 79.0382451, 30.5748209 ], [ 79.0386101, 30.5753361 ], [ 79.0387449, 30.5758654 ], [ 79.0390704, 30.5761343 ], [ 79.0395274, 30.5764599 ], [ 79.0399581, 30.5765787 ], [ 79.0403132, 30.5766722 ], [ 79.0403888, 30.5767231 ], [ 79.0405697, 30.5770939 ], [ 79.0411319, 30.5774987 ], [ 79.0417073, 30.5783649 ], [ 79.0416086, 30.5795821 ], [ 79.0420689, 30.5807369 ], [ 79.0426607, 30.581405 ], [ 79.0442912, 30.5817099 ] ] } },
{ "type": "Feature", "properties": { "alt_name": null, "area": null, "boat": null, "destination": null, "int_name": null, "intermittent": null, "layer": "-1", "name": null, "name:en": null, "name:hi": null, "name:kn": null, "name:ml": null, "plant:source": null, "power": null, "seasonal": null, "waterway": "stream", "wikipedia": null, "osm_id": 686083222, "source": "OPEN_DATA", "tunnel": "culvert" }, "geometry": { "type": "LineString", "coordinates": [ [ 79.0390845, 30.5798451 ], [ 79.0392065, 30.5798532 ] ] } },
{ "type": "Feature", "properties": { "alt_name": null, "area": null, "boat": null, "destination": null, "int_name": null, "intermittent": null, "layer": null, "name": null, "name:en": null, "name:hi": null, "name:kn": null, "name:ml": null, "plant:source": null, "power": null, "seasonal": null, "waterway": "stream", "wikipedia": null, "osm_id": 686083221, "source": "OPEN_DATA", "tunnel": null }, "geometry": { "type": "LineString", "coordinates": [ [ 79.0392065, 30.5798532 ], [ 79.0393621, 30.5799011 ], [ 79.0394962, 30.5801101 ], [ 79.03946, 30.5803907 ], [ 79.0394533, 30.5805881 ], [ 79.0396517, 30.5811562 ], [ 79.0397644, 30.5815303 ], [ 79.0397751, 30.5818351 ], [ 79.0397859, 30.5823246 ], [ 79.0398931, 30.5828003 ], [ 79.0401989, 30.5832113 ], [ 79.0403438, 30.5840472 ], [ 79.0400943, 30.5843774 ], [ 79.040038, 30.5844974 ], [ 79.040038, 30.5845783 ], [ 79.0400916, 30.5848738 ], [ 79.040858, 30.5851088 ] ] } },
{ "type": "Feature", "properties": { "alt_name": null, "area": null, "boat": null, "destination": null, "int_name": null, "intermittent": null, "layer": null, "name": "Barasu Gad", "name:en": null, "name:hi": null, "name:kn": null, "name:ml": null, "plant:source": null, "power": null, "seasonal": null, "waterway": "stream", "wikipedia": null, "osm_id": 226836936, "source": "OPEN_DATA", "tunnel": null }, "geometry": { "type": "LineString", "coordinates": [ [ 78.9932069, 30.5828749 ], [ 78.9996707, 30.5840241 ], [ 79.0044457, 30.5862791 ], [ 79.0090798, 30.5899368 ], [ 79.0118457, 30.59082 ], [ 79.0183623, 30.5940071 ], [ 79.0230492, 30.5950957 ], [ 79.0246859, 30.5952558 ], [ 79.025044, 30.5952353 ], [ 79.0263599, 30.5951598 ], [ 79.0289637, 30.595544 ], [ 79.0301549, 30.5954121 ] ] } },
{ "type": "Feature", "properties": { "alt_name": null, "area": null, "boat": null, "destination": null, "int_name": null, "intermittent": null, "layer": null, "name": null, "name:en": null, "name:hi": null, "name:kn": null, "name:ml": null, "plant:source": null, "power": null, "seasonal": null, "waterway": "stream", "wikipedia": null, "osm_id": 226836939, "source": "OPEN_DATA", "tunnel": null }, "geometry": { "type": "LineString", "coordinates": [ [ 79.027962, 30.5909087 ], [ 79.0288563, 30.5910785 ], [ 79.029481, 30.5911747 ], [ 79.029915, 30.5911351 ], [ 79.0303359, 30.5911634 ], [ 79.031171, 30.5913276 ], [ 79.032085, 30.5915087 ], [ 79.0325352, 30.5915359 ] ] } },
{ "type": "Feature", "properties": { "alt_name": null, "area": null, "boat": null, "destination": "Alaknanda", "int_name": null, "intermittent": null, "layer": null, "name": "Mandakini", "name:en": null, "name:hi": "मन्दाकिनी नदी, उत्तराखण्ड", "name:kn": null, "name:ml": null, "plant:source": null, "power": null, "seasonal": null, "waterway": "river", "wikipedia": "en:Mandakini River", "osm_id": 1110468763, "source": "OPEN_DATA", "tunnel": null }, "geometry": { "type": "LineString", "coordinates": [ [ 79.0004714, 30.6348282 ], [ 78.9999129, 30.6339911 ], [ 79.0002877, 30.6333178 ], [ 79.0002811, 30.63295 ], [ 78.9999326, 30.6324125 ], [ 78.9995315, 30.631428 ], [ 78.9989185, 30.6306829 ], [ 78.9989906, 30.6300376 ], [ 78.9999129, 30.6295324 ], [ 79.0009011, 30.6295128 ], [ 79.0014977, 30.6291137 ], [ 79.001768, 30.6287346 ], [ 79.001787, 30.6281801 ], [ 79.0010326, 30.6272167 ], [ 79.0007809, 30.6267146 ], [ 79.000919, 30.6262166 ], [ 79.0014109, 30.6259042 ], [ 79.0023393, 30.6255489 ], [ 79.0037645, 30.6254554 ], [ 79.0049676, 30.6258176 ], [ 79.0051257, 30.6265928 ], [ 79.0050354, 30.6268787 ], [ 79.0049236, 30.6271446 ], [ 79.0049021, 30.6280527 ], [ 79.0051669, 30.6282933 ], [ 79.0054957, 30.628352 ], [ 79.0061138, 30.6283216 ], [ 79.0066907, 30.628064 ], [ 79.0074255, 30.6271658 ], [ 79.0081011, 30.6268405 ], [ 79.0087687, 30.6264004 ], [ 79.0101363, 30.6261219 ], [ 79.0106456, 30.6258872 ], [ 79.0105573, 30.6255403 ], [ 79.0100838, 30.6249292 ], [ 79.0101306, 30.6242623 ], [ 79.0113201, 30.6236503 ], [ 79.0115586, 30.6231151 ], [ 79.0115831, 30.6218509 ], [ 79.0120189, 30.6211602 ], [ 79.0142117, 30.6197543 ], [ 79.0152804, 30.6185011 ], [ 79.0165888, 30.6174388 ], [ 79.0192659, 30.6160487 ], [ 79.0195202, 30.6155187 ], [ 79.020104, 30.6143016 ], [ 79.0209453, 30.6137737 ], [ 79.0209999, 30.6120988 ], [ 79.021781, 30.6108342 ], [ 79.0225622, 30.6104501 ], [ 79.0244934, 30.6075466 ], [ 79.0257581, 30.6046972 ], [ 79.0269534, 30.6029884 ], [ 79.0276924, 30.6016876 ], [ 79.0293478, 30.6009992 ], [ 79.0298802, 30.6006491 ], [ 79.0294593, 30.5995264 ], [ 79.0297, 30.5988513 ], [ 79.0303521, 30.5978935 ], [ 79.0303665, 30.5971213 ], [ 79.0298871, 30.5962125 ], [ 79.0301549, 30.5954121 ], [ 79.0325096, 30.5947396 ], [ 79.033189, 30.5942017 ], [ 79.0331791, 30.5936509 ], [ 79.0325332, 30.5928028 ], [ 79.0324466, 30.5917587 ], [ 79.0325352, 30.5915359 ], [ 79.0326045, 30.5913615 ], [ 79.0331503, 30.5909484 ], [ 79.0338833, 30.5909838 ], [ 79.0343703, 30.5911014 ], [ 79.0346458, 30.5911679 ], [ 79.0357081, 30.5912415 ], [ 79.0361695, 30.5909644 ], [ 79.0361541, 30.5905216 ], [ 79.0355855, 30.5897042 ], [ 79.0356814, 30.5892742 ], [ 79.0381114, 30.5882121 ], [ 79.0396564, 30.587621 ], [ 79.040858, 30.5851088 ], [ 79.0441196, 30.5842222 ], [ 79.0446598, 30.583409 ], [ 79.0439233, 30.5821862 ], [ 79.0442912, 30.5817099 ], [ 79.0452384, 30.5814502 ], [ 79.0487544, 30.5817099 ], [ 79.0499702, 30.581891 ], [ 79.0512914, 30.5813916 ], [ 79.0516069, 30.5805941 ], [ 79.0518313, 30.5802337 ], [ 79.0527508, 30.5801217 ], [ 79.0544192, 30.5805276 ], [ 79.0558847, 30.5808823 ], [ 79.0567403, 30.5817469 ], [ 79.0575091, 30.5821532 ], [ 79.0592258, 30.5820054 ], [ 79.0600137, 30.5812586 ], [ 79.0599858, 30.5802338 ], [ 79.0600841, 30.5799364 ], [ 79.0608878, 30.5794012 ], [ 79.0629151, 30.579233 ], [ 79.0638106, 30.5787485 ], [ 79.0638938, 30.578335 ], [ 79.0628736, 30.5778027 ], [ 79.0625846, 30.5775215 ], [ 79.0624452, 30.5769396 ], [ 79.0629509, 30.5765424 ], [ 79.0649424, 30.5762227 ], [ 79.0662317, 30.5750686 ], [ 79.066278, 30.5747347 ], [ 79.0659997, 30.5744717 ], [ 79.0649424, 30.5731001 ], [ 79.0647304, 30.5725612 ], [ 79.06505, 30.5720541 ], [ 79.0657887, 30.571811 ], [ 79.066562, 30.571272 ], [ 79.0672115, 30.5705699 ], [ 79.0671337, 30.5697437 ], [ 79.0673904, 30.5692675 ], [ 79.0679276, 30.5691063 ], [ 79.0685606, 30.5697622 ], [ 79.069612, 30.5695405 ], [ 79.0703515, 30.5689626 ], [ 79.0703837, 30.5685562 ], [ 79.0672938, 30.5651566 ], [ 79.0670693, 30.5643396 ], [ 79.0679812, 30.5635174 ], [ 79.0693967, 30.5632813 ], [ 79.0697837, 30.5627136 ], [ 79.0695155, 30.5621778 ], [ 79.0687966, 30.5615773 ], [ 79.0687108, 30.5611246 ], [ 79.0693538, 30.5604266 ], [ 79.0694404, 30.5597666 ], [ 79.0688074, 30.5592215 ], [ 79.0675735, 30.5587318 ], [ 79.0675514, 30.5582832 ], [ 79.0700404, 30.5570268 ], [ 79.0719294, 30.5565145 ], [ 79.0741603, 30.5567311 ], [ 79.0761452, 30.5575534 ] ] } },
{ "type": "Feature", "properties": { "alt_name": null, "area": null, "boat": null, "destination": null, "int_name": null, "intermittent": null, "layer": null, "name": null, "name:en": null, "name:hi": null, "name:kn": null, "name:ml": null, "plant:source": null, "power": null, "seasonal": null, "waterway": "stream", "wikipedia": null, "osm_id": 226839742, "source": "OPEN_DATA", "tunnel": null }, "geometry": { "type": "LineString", "coordinates": [ [ 79.0467208, 30.6440684 ], [ 79.0435003, 30.6439604 ], [ 79.0375612, 30.6437086 ], [ 79.0328351, 30.6429169 ], [ 79.0302838, 30.6429529 ], [ 79.0284435, 30.6446801 ], [ 79.0268542, 30.645004 ], [ 79.0264037, 30.6463095 ], [ 79.0265325, 30.6470186 ], [ 79.0262267, 30.6474616 ], [ 79.0263877, 30.647637 ], [ 79.0263931, 30.6478844 ], [ 79.0260443, 30.6479878 ], [ 79.0258405, 30.6477708 ], [ 79.0256098, 30.6477385 ], [ 79.0254221, 30.6474386 ], [ 79.0250841, 30.6474709 ], [ 79.024773, 30.647757 ], [ 79.0245155, 30.6476832 ], [ 79.0242355, 30.6476568 ] ] } },
{ "type": "Feature", "properties": { "alt_name": null, "area": null, "boat": null, "destination": null, "int_name": null, "intermittent": null, "layer": null, "name": null, "name:en": null, "name:hi": null, "name:kn": null, "name:ml": null, "plant:source": null, "power": null, "seasonal": null, "waterway": "stream", "wikipedia": null, "osm_id": 226840563, "source": "OPEN_DATA", "tunnel": null }, "geometry": { "type": "LineString", "coordinates": [ [ 79.0341702, 30.6488293 ], [ 79.0319669, 30.6496816 ], [ 79.0300742, 30.6506739 ], [ 79.0288025, 30.6511954 ], [ 79.0277526, 30.6511318 ], [ 79.0263922, 30.6506993 ], [ 79.0260368, 30.6507622 ] ] } },
{ "type": "Feature", "properties": { "alt_name": null, "area": null, "boat": null, "destination": null, "int_name": null, "intermittent": null, "layer": null, "name": null, "name:en": null, "name:hi": null, "name:kn": null, "name:ml": null, "plant:source": null, "power": null, "seasonal": null, "waterway": "stream", "wikipedia": null, "osm_id": 1455653389, "source": "OPEN_DATA", "tunnel": null }, "geometry": { "type": "LineString", "coordinates": [ [ 79.0246421, 30.6521764 ], [ 79.0248841, 30.6520088 ] ] } },
{ "type": "Feature", "properties": { "alt_name": null, "area": null, "boat": null, "destination": null, "int_name": null, "intermittent": null, "layer": "-1", "name": null, "name:en": null, "name:hi": null, "name:kn": null, "name:ml": null, "plant:source": null, "power": null, "seasonal": null, "waterway": "stream", "wikipedia": null, "osm_id": 1455653388, "source": "OPEN_DATA", "tunnel": "culvert" }, "geometry": { "type": "LineString", "coordinates": [ [ 79.0245621, 30.6522052 ], [ 79.0246018, 30.6522044 ], [ 79.0246421, 30.6521764 ] ] } },
{ "type": "Feature", "properties": { "alt_name": null, "area": null, "boat": null, "destination": null, "int_name": null, "intermittent": null, "layer": null, "name": null, "name:en": null, "name:hi": null, "name:kn": null, "name:ml": null, "plant:source": null, "power": null, "seasonal": null, "waterway": "stream", "wikipedia": null, "osm_id": 226839743, "source": "OPEN_DATA", "tunnel": null }, "geometry": { "type": "LineString", "coordinates": [ [ 79.0190091, 30.6537381 ], [ 79.0201625, 30.6533947 ], [ 79.0213307, 30.6533438 ], [ 79.023327, 30.6529113 ], [ 79.0237758, 30.652526 ], [ 79.0238804, 30.6523439 ], [ 79.0242829, 30.6522112 ], [ 79.0245621, 30.6522052 ] ] } },
{ "type": "Feature", "properties": { "alt_name": null, "area": null, "boat": null, "destination": null, "int_name": null, "intermittent": null, "layer": null, "name": null, "name:en": null, "name:hi": null, "name:kn": null, "name:ml": null, "plant:source": null, "power": null, "seasonal": null, "waterway": "stream", "wikipedia": null, "osm_id": 686103758, "source": "OPEN_DATA", "tunnel": null }, "geometry": { "type": "LineString", "coordinates": [ [ 79.0254682, 30.658283 ], [ 79.0260798, 30.6581446 ], [ 79.0263212, 30.6579969 ], [ 79.0263855, 30.6578308 ], [ 79.0265411, 30.6577431 ], [ 79.0267128, 30.6575724 ], [ 79.0268308, 30.6575032 ], [ 79.0269327, 30.6573601 ], [ 79.0271473, 30.6572493 ], [ 79.027276, 30.657134 ], [ 79.0273941, 30.6569032 ], [ 79.0277374, 30.656774 ], [ 79.028416, 30.6561926 ], [ 79.0285957, 30.656045 ] ] } },
{ "type": "Feature", "properties": { "alt_name": null, "area": null, "boat": null, "destination": null, "int_name": null, "intermittent": null, "layer": null, "name": null, "name:en": null, "name:hi": null, "name:kn": null, "name:ml": null, "plant:source": null, "power": null, "seasonal": null, "waterway": "stream", "wikipedia": null, "osm_id": 686103759, "source": "OPEN_DATA", "tunnel": null }, "geometry": { "type": "LineString", "coordinates": [ [ 79.0283382, 30.6656753 ], [ 79.028424, 30.6651862 ], [ 79.0287673, 30.6648171 ], [ 79.0290141, 30.6643833 ], [ 79.0290195, 30.6641757 ], [ 79.0295345, 30.6637189 ], [ 79.0299582, 30.6633497 ], [ 79.0298939, 30.6630775 ], [ 79.0301621, 30.6629344 ], [ 79.0303928, 30.6627176 ], [ 79.0308246, 30.6624868 ], [ 79.031058, 30.6623945 ], [ 79.0311679, 30.6620877 ], [ 79.0311626, 30.6619123 ], [ 79.0312859, 30.6617785 ], [ 79.0314817, 30.6616793 ], [ 79.0315783, 30.6616182 ], [ 79.0316842, 30.6616332 ], [ 79.0318479, 30.6616262 ], [ 79.0319203, 30.661467 ], [ 79.0319887, 30.6613678 ], [ 79.0321402, 30.6613355 ], [ 79.0322328, 30.6612848 ], [ 79.0323253, 30.6611948 ], [ 79.0324366, 30.661129 ], [ 79.0325922, 30.661001 ], [ 79.0327102, 30.6609214 ], [ 79.0328953, 30.6608614 ], [ 79.0329395, 30.6607887 ], [ 79.0329891, 30.6607068 ], [ 79.0331005, 30.6606814 ], [ 79.0332909, 30.6607022 ], [ 79.0334411, 30.6607022 ], [ 79.0336007, 30.6606007 ], [ 79.0337064, 30.6604867 ] ] } },
{ "type": "Feature", "properties": { "alt_name": null, "area": null, "boat": null, "destination": null, "int_name": null, "intermittent": null, "layer": null, "name": null, "name:en": null, "name:hi": null, "name:kn": null, "name:ml": null, "plant:source": null, "power": null, "seasonal": null, "waterway": "stream", "wikipedia": null, "osm_id": 686103752, "source": "OPEN_DATA", "tunnel": null }, "geometry": { "type": "LineString", "coordinates": [ [ 79.0300655, 30.6703264 ], [ 79.0305805, 30.6703633 ], [ 79.0309238, 30.6704187 ], [ 79.0312779, 30.6705063 ], [ 79.0318841, 30.6706863 ], [ 79.0323561, 30.6706863 ], [ 79.0325439, 30.6707278 ], [ 79.0335309, 30.6708155 ], [ 79.0341854, 30.6707693 ], [ 79.0353227, 30.6706217 ], [ 79.0359986, 30.6706955 ], [ 79.0363526, 30.6706863 ], [ 79.036653, 30.6706494 ], [ 79.0371251, 30.6707416 ], [ 79.037506, 30.6707601 ], [ 79.0377796, 30.6706817 ], [ 79.0380585, 30.6706447 ], [ 79.0381712, 30.6705294 ], [ 79.0383589, 30.6704233 ], [ 79.0386996, 30.6703817 ], [ 79.0389597, 30.670301 ], [ 79.0392145, 30.6702733 ], [ 79.0395954, 30.6702825 ], [ 79.0399679, 30.6701158 ] ] } },
{ "type": "Feature", "properties": { "alt_name": null, "area": null, "boat": null, "destination": null, "int_name": null, "intermittent": null, "layer": null, "name": "Singoli Bhatwari Dam", "name:en": null, "name:hi": null, "name:kn": null, "name:ml": null, "plant:source": null, "power": null, "seasonal": null, "waterway": "dam", "wikipedia": null, "osm_id": 232176580, "source": "OPEN_DATA", "tunnel": null }, "geometry": { "type": "LineString", "coordinates": [ [ 79.0875319, 30.505923 ], [ 79.0883446, 30.5063967 ] ] } },
{ "type": "Feature", "properties": { "alt_name": null, "area": null, "boat": null, "destination": null, "int_name": null, "intermittent": null, "layer": null, "name": null, "name:en": null, "name:hi": null, "name:kn": null, "name:ml": null, "plant:source": null, "power": null, "seasonal": null, "waterway": "stream", "wikipedia": null, "osm_id": 1280226527, "source": "OPEN_DATA", "tunnel": null }, "geometry": { "type": "LineString", "coordinates": [ [ 79.1049536, 30.5165018 ], [ 79.1039674, 30.5164703 ], [ 79.1037361, 30.5163969 ], [ 79.1033343, 30.5160508 ], [ 79.1028838, 30.5162501 ], [ 79.1023846, 30.5169214 ], [ 79.1017201, 30.5168051 ], [ 79.101094, 30.5170472 ], [ 79.1005633, 30.5171151 ], [ 79.1001012, 30.5173412 ], [ 79.0997604, 30.5175132 ], [ 79.0992865, 30.5178607 ], [ 79.0991221, 30.5182656 ], [ 79.0982448, 30.5183668 ], [ 79.0975908, 30.5182285 ], [ 79.0971247, 30.5181678 ], [ 79.0963845, 30.5186806 ], [ 79.0961972, 30.5189407 ], [ 79.0960604, 30.5191452 ], [ 79.0954166, 30.519389 ], [ 79.0950877, 30.5195297 ], [ 79.0946383, 30.5196091 ], [ 79.0937961, 30.5198924 ], [ 79.0933229, 30.5200534 ], [ 79.0929635, 30.520095 ], [ 79.0925374, 30.5200085 ], [ 79.0923608, 30.5198905 ], [ 79.0921459, 30.5198847 ] ] } },
{ "type": "Feature", "properties": { "alt_name": null, "area": null, "boat": null, "destination": null, "int_name": null, "intermittent": null, "layer": null, "name": null, "name:en": null, "name:hi": null, "name:kn": null, "name:ml": null, "plant:source": null, "power": null, "seasonal": null, "waterway": "stream", "wikipedia": null, "osm_id": 1280226522, "source": "OPEN_DATA", "tunnel": null }, "geometry": { "type": "LineString", "coordinates": [ [ 79.0983636, 30.5158744 ], [ 79.0981189, 30.5162011 ], [ 79.097866, 30.5164008 ], [ 79.0976002, 30.5166228 ], [ 79.0972874, 30.5167499 ], [ 79.0968676, 30.5168881 ], [ 79.0966017, 30.5169454 ], [ 79.0963229, 30.51718 ], [ 79.0962111, 30.5173922 ], [ 79.0953715, 30.5178363 ], [ 79.09495, 30.5180136 ], [ 79.0943325, 30.5182705 ], [ 79.0941169, 30.5185121 ], [ 79.0940148, 30.5185484 ], [ 79.0937976, 30.5187648 ], [ 79.0932173, 30.5191111 ], [ 79.0928234, 30.5193932 ], [ 79.0926289, 30.5196026 ], [ 79.0921459, 30.5198847 ], [ 79.0917715, 30.520069 ], [ 79.0917196, 30.5202394 ], [ 79.0916369, 30.5203175 ], [ 79.0915332, 30.5204558 ], [ 79.0915024, 30.5204949 ], [ 79.0910842, 30.5206066 ], [ 79.0909253, 30.5206415 ], [ 79.0906303, 30.5208007 ], [ 79.0902219, 30.5208775 ], [ 79.0894471, 30.5208272 ], [ 79.0887777, 30.5204893 ], [ 79.0883659, 30.5202603 ], [ 79.0876692, 30.5200684 ], [ 79.0871639, 30.5200286 ], [ 79.0868488, 30.5199084 ], [ 79.0866609, 30.5198749 ] ] } },
{ "type": "Feature", "properties": { "alt_name": null, "area": null, "boat": null, "destination": null, "int_name": null, "intermittent": null, "layer": null, "name": null, "name:en": null, "name:hi": null, "name:kn": null, "name:ml": null, "plant:source": null, "power": null, "seasonal": null, "waterway": "stream", "wikipedia": null, "osm_id": 1280226572, "source": "OPEN_DATA", "tunnel": null }, "geometry": { "type": "LineString", "coordinates": [ [ 79.077227, 30.5426365 ], [ 79.0774698, 30.5427258 ], [ 79.0775829, 30.5428375 ], [ 79.0777054, 30.5429836 ], [ 79.0780589, 30.543146 ], [ 79.0781956, 30.5431176 ], [ 79.0784336, 30.5431581 ], [ 79.0787659, 30.5432576 ], [ 79.0790511, 30.5433611 ], [ 79.0795153, 30.5436595 ], [ 79.0796355, 30.5438584 ], [ 79.0797628, 30.543968 ], [ 79.0800927, 30.5439375 ], [ 79.0805216, 30.5442602 ], [ 79.0807643, 30.5443637 ], [ 79.0809859, 30.5444023 ], [ 79.0813747, 30.5447372 ], [ 79.0814807, 30.5448671 ], [ 79.0817254, 30.5449966 ], [ 79.0821896, 30.5452822 ], [ 79.0829153, 30.545588 ], [ 79.0832118, 30.545598 ], [ 79.0836332, 30.545682 ], [ 79.0838555, 30.545719 ], [ 79.0841639, 30.5457027 ] ] } },
{ "type": "Feature", "properties": { "alt_name": null, "area": null, "boat": null, "destination": null, "int_name": null, "intermittent": null, "layer": null, "name": null, "name:en": null, "name:hi": null, "name:kn": null, "name:ml": null, "plant:source": null, "power": null, "seasonal": null, "waterway": "stream", "wikipedia": null, "osm_id": 1280226568, "source": "OPEN_DATA", "tunnel": null }, "geometry": { "type": "LineString", "coordinates": [ [ 79.0754077, 30.5453551 ], [ 79.0755692, 30.5453774 ], [ 79.0758211, 30.5454413 ], [ 79.0759341, 30.545344 ], [ 79.0761246, 30.545255 ], [ 79.0763636, 30.5452466 ], [ 79.0765412, 30.545433 ], [ 79.0767479, 30.5454719 ], [ 79.0770999, 30.5454024 ], [ 79.0773292, 30.5454274 ], [ 79.0775746, 30.5456249 ], [ 79.0779622, 30.5459308 ], [ 79.0780752, 30.5460282 ], [ 79.0783142, 30.5460949 ], [ 79.0784369, 30.5461339 ], [ 79.0785854, 30.546234 ], [ 79.0786565, 30.5464287 ], [ 79.0791914, 30.5470362 ], [ 79.079485, 30.5470684 ], [ 79.0799075, 30.5469376 ], [ 79.0801861, 30.546877 ], [ 79.080653, 30.5468922 ], [ 79.08116, 30.5471278 ], [ 79.0813005, 30.5472791 ], [ 79.0815515, 30.5474001 ], [ 79.0818025, 30.5474628 ], [ 79.0821489, 30.547519 ], [ 79.0825178, 30.5475947 ] ] } },
{ "type": "Feature", "properties": { "alt_name": null, "area": null, "boat": null, "destination": "Alaknanda", "int_name": null, "intermittent": null, "layer": null, "name": "Mandakini", "name:en": null, "name:hi": "मन्दाकिनी नदी, उत्तराखण्ड", "name:kn": null, "name:ml": null, "plant:source": null, "power": null, "seasonal": null, "waterway": "river", "wikipedia": "en:Mandakini River", "osm_id": 226850914, "source": "OPEN_DATA", "tunnel": null }, "geometry": { "type": "LineString", "coordinates": [ [ 79.0761452, 30.5575534 ], [ 79.0759957, 30.5558863 ], [ 79.0761566, 30.5548792 ], [ 79.0769452, 30.5543711 ], [ 79.0776096, 30.5544122 ], [ 79.079353, 30.5549942 ], [ 79.0793923, 30.5547809 ], [ 79.0794752, 30.554623 ], [ 79.0794396, 30.5541174 ], [ 79.0794074, 30.5537613 ], [ 79.0798044, 30.5528374 ], [ 79.0802658, 30.5526618 ], [ 79.0806359, 30.5526525 ], [ 79.0808612, 30.5526018 ], [ 79.0810168, 30.5524401 ], [ 79.0809517, 30.5520746 ], [ 79.079901, 30.5512667 ], [ 79.079681, 30.5508925 ], [ 79.0796535, 30.5505224 ], [ 79.0797239, 30.5501395 ], [ 79.0800297, 30.5499408 ], [ 79.080711, 30.5496683 ], [ 79.0824661, 30.5480219 ], [ 79.0825178, 30.5475947 ], [ 79.0832915, 30.5470333 ], [ 79.0835434, 30.5466469 ], [ 79.0839412, 30.545853 ], [ 79.0841639, 30.5457027 ], [ 79.0846646, 30.5454503 ], [ 79.0859199, 30.5453163 ], [ 79.0865743, 30.5449052 ], [ 79.0871101, 30.5447217 ], [ 79.0878771, 30.5447175 ], [ 79.089539, 30.5452981 ], [ 79.0898949, 30.5453302 ], [ 79.0901685, 30.5452378 ], [ 79.0903079, 30.5450576 ], [ 79.0902758, 30.5447065 ], [ 79.0899613, 30.5442329 ], [ 79.0893111, 30.5434051 ], [ 79.0892512, 30.543108 ], [ 79.0893423, 30.5427846 ], [ 79.0895772, 30.542497 ], [ 79.0904421, 30.5420592 ], [ 79.0911903, 30.5418211 ], [ 79.09159, 30.5417866 ], [ 79.0917671, 30.5416295 ], [ 79.0918851, 30.5412045 ], [ 79.0918414, 30.5394344 ], [ 79.092325, 30.5384785 ], [ 79.0929258, 30.5380997 ], [ 79.0932369, 30.5381274 ], [ 79.0934811, 30.5384474 ], [ 79.0935311, 30.5389825 ], [ 79.0939236, 30.5393009 ], [ 79.0944056, 30.539305 ], [ 79.094916, 30.5392178 ], [ 79.0954375, 30.5388002 ], [ 79.0958313, 30.538245 ], [ 79.0960586, 30.53773 ], [ 79.0960211, 30.5375221 ], [ 79.0954452, 30.537319 ], [ 79.0952593, 30.5368475 ], [ 79.0952907, 30.5359137 ] ] } },
{ "type": "Feature", "properties": { "alt_name": null, "area": null, "boat": null, "destination": null, "int_name": null, "intermittent": null, "layer": null, "name": null, "name:en": null, "name:hi": null, "name:kn": null, "name:ml": null, "plant:source": null, "power": null, "seasonal": null, "waterway": "weir", "wikipedia": null, "osm_id": 652940356, "source": "OPEN_DATA", "tunnel": null }, "geometry": { "type": "LineString", "coordinates": [ [ 79.0789118, 30.5929936 ], [ 79.078942, 30.5929521 ], [ 79.078981, 30.5928986 ] ] } },
{ "type": "Feature", "properties": { "alt_name": null, "area": null, "boat": null, "destination": null, "int_name": null, "intermittent": null, "layer": null, "name": null, "name:en": null, "name:hi": null, "name:kn": null, "name:ml": null, "plant:source": null, "power": null, "seasonal": null, "waterway": "stream", "wikipedia": null, "osm_id": 652940354, "source": "OPEN_DATA", "tunnel": null }, "geometry": { "type": "LineString", "coordinates": [ [ 79.0788576, 30.5934423 ], [ 79.0791862, 30.59305 ] ] } },
{ "type": "Feature", "properties": { "alt_name": null, "area": null, "boat": null, "destination": null, "int_name": null, "intermittent": null, "layer": null, "name": "Kali Ganga", "name:en": null, "name:hi": null, "name:kn": null, "name:ml": null, "plant:source": null, "power": null, "seasonal": null, "waterway": "river", "wikipedia": null, "osm_id": 226839303, "source": "OPEN_DATA", "tunnel": null }, "geometry": { "type": "LineString", "coordinates": [ [ 79.1075921, 30.7396467 ], [ 79.1062769, 30.736979 ], [ 79.1043305, 30.7349894 ], [ 79.1029627, 30.7329094 ], [ 79.1020158, 30.7285684 ], [ 79.1002798, 30.7221018 ], [ 79.0990699, 30.7173532 ], [ 79.0990699, 30.7141422 ], [ 79.0967026, 30.7094385 ], [ 79.0954927, 30.7038752 ], [ 79.0934411, 30.701297 ], [ 79.0919155, 30.6979497 ], [ 79.0918103, 30.6957332 ], [ 79.0898113, 30.6933357 ], [ 79.0893378, 30.6899881 ], [ 79.0874966, 30.6878619 ], [ 79.0783432, 30.6818449 ], [ 79.0719253, 30.6760086 ], [ 79.0689267, 30.6726152 ], [ 79.0687689, 30.6687239 ], [ 79.073556, 30.6629772 ], [ 79.0776593, 30.6584973 ], [ 79.0788692, 30.6531121 ], [ 79.0795005, 30.6432007 ], [ 79.0783958, 30.6380409 ], [ 79.078238, 30.6347367 ], [ 79.0781327, 30.6296218 ], [ 79.0758707, 30.623918 ], [ 79.0752613, 30.6192176 ], [ 79.076898, 30.6163045 ], [ 79.0773582, 30.615053 ], [ 79.0768969, 30.6144252 ], [ 79.0766394, 30.613391 ], [ 79.0776985, 30.6128347 ], [ 79.0781093, 30.6123292 ], [ 79.077605, 30.6108887 ], [ 79.0773368, 30.6105009 ], [ 79.0764356, 30.6107317 ], [ 79.0757471, 30.6093576 ], [ 79.0761244, 30.6076291 ], [ 79.0767252, 30.607306 ], [ 79.076339, 30.6054776 ], [ 79.0762873, 30.6033386 ], [ 79.0781913, 30.6020077 ], [ 79.0783346, 30.6015068 ], [ 79.0790319, 30.6012298 ], [ 79.0798902, 30.6001493 ], [ 79.0812227, 30.5997119 ], [ 79.0818644, 30.5994521 ], [ 79.0821448, 30.5976422 ], [ 79.0808936, 30.5955119 ], [ 79.0797211, 30.5948282 ], [ 79.0797132, 30.5941696 ], [ 79.0796841, 30.5932496 ], [ 79.0791862, 30.59305 ], [ 79.078942, 30.5929521 ], [ 79.0785491, 30.5927474 ], [ 79.078407, 30.5926227 ], [ 79.0782809, 30.5923133 ], [ 79.0787154, 30.5916991 ], [ 79.0800154, 30.5910656 ], [ 79.0805813, 30.5905956 ], [ 79.0808206, 30.5900267 ], [ 79.0808085, 30.589385 ], [ 79.0792601, 30.5878572 ], [ 79.0789625, 30.5867685 ], [ 79.0798366, 30.5840466 ], [ 79.0812316, 30.5827976 ], [ 79.0821801, 30.5812285 ], [ 79.0815292, 30.5799955 ], [ 79.0808782, 30.5794191 ], [ 79.0808968, 30.5787946 ], [ 79.0838102, 30.5784126 ], [ 79.0825113, 30.5772405 ], [ 79.0827567, 30.5752398 ], [ 79.0833333, 30.5735744 ], [ 79.084319, 30.5728218 ], [ 79.0845608, 30.5721012 ], [ 79.0842446, 30.5702916 ], [ 79.0839842, 30.5692507 ], [ 79.0830729, 30.5688984 ], [ 79.0823103, 30.5681938 ], [ 79.0823103, 30.5674732 ], [ 79.0825521, 30.5660319 ], [ 79.0836484, 30.5654183 ], [ 79.083668, 30.5654073 ], [ 79.0849763, 30.5646978 ], [ 79.0848982, 30.5644875 ], [ 79.0843429, 30.5642775 ], [ 79.0840101, 30.5640162 ], [ 79.0840745, 30.5632864 ], [ 79.0845734, 30.5626443 ], [ 79.0851785, 30.5623167 ], [ 79.0852547, 30.5621732 ], [ 79.0852439, 30.5618637 ], [ 79.0850455, 30.5617159 ], [ 79.0844864, 30.5615477 ], [ 79.0839136, 30.561448 ], [ 79.083758, 30.5613048 ], [ 79.0838472, 30.5608089 ], [ 79.0843934, 30.5600262 ], [ 79.0854163, 30.5596579 ], [ 79.0861505, 30.5594986 ], [ 79.0860915, 30.5592215 ], [ 79.0854267, 30.5589237 ], [ 79.0848952, 30.5588427 ], [ 79.0846968, 30.5586117 ], [ 79.0848459, 30.5577772 ], [ 79.084892, 30.5567793 ], [ 79.0840146, 30.5560032 ], [ 79.0835112, 30.5555029 ], [ 79.0835005, 30.5552211 ], [ 79.0839618, 30.5549023 ], [ 79.0839459, 30.5545977 ], [ 79.0834077, 30.5536839 ], [ 79.0840236, 30.5527197 ], [ 79.0855765, 30.5522091 ], [ 79.0856895, 30.551699 ], [ 79.0844492, 30.5507368 ], [ 79.0835649, 30.5503243 ], [ 79.0830171, 30.5496956 ], [ 79.0824661, 30.5480219 ] ] } },
{ "type": "Feature", "properties": { "alt_name": null, "area": null, "boat": null, "destination": null, "int_name": null, "intermittent": null, "layer": null, "name": null, "name:en": null, "name:hi": null, "name:kn": null, "name:ml": null, "plant:source": null, "power": null, "seasonal": null, "waterway": "stream", "wikipedia": null, "osm_id": 228881366, "source": "OPEN_DATA", "tunnel": null }, "geometry": { "type": "LineString", "coordinates": [ [ 79.0873808, 30.6741656 ], [ 79.0914984, 30.6732803 ], [ 79.0947704, 30.6733435 ], [ 79.0959468, 30.6735965 ], [ 79.0981894, 30.6729957 ], [ 79.0998806, 30.6723316 ], [ 79.1015941, 30.6717865 ] ] } },
{ "type": "Feature", "properties": { "alt_name": null, "area": null, "boat": null, "destination": null, "int_name": null, "intermittent": null, "layer": null, "name": null, "name:en": null, "name:hi": null, "name:kn": null, "name:ml": null, "plant:source": null, "power": null, "seasonal": null, "waterway": "stream", "wikipedia": null, "osm_id": 652940358, "source": "OPEN_DATA", "tunnel": null }, "geometry": { "type": "LineString", "coordinates": [ [ 79.1238636, 30.5509343 ], [ 79.1234493, 30.5513037 ], [ 79.1211643, 30.552431 ], [ 79.1194367, 30.5528651 ], [ 79.1178777, 30.5526052 ] ] } },
{ "type": "Feature", "properties": { "alt_name": null, "area": null, "boat": null, "destination": null, "int_name": null, "intermittent": null, "layer": null, "name": "Madhmaheshwar Ganga", "name:en": null, "name:hi": null, "name:kn": null, "name:ml": null, "plant:source": null, "power": null, "seasonal": null, "waterway": "river", "wikipedia": null, "osm_id": 297374736, "source": "OPEN_DATA", "tunnel": null }, "geometry": { "type": "LineString", "coordinates": [ [ 79.187687, 30.6065462 ], [ 79.1861594, 30.6059116 ], [ 79.1820717, 30.6025318 ], [ 79.1809773, 30.6012944 ], [ 79.1779364, 30.6009464 ], [ 79.1762352, 30.6013683 ], [ 79.1747761, 30.6008881 ], [ 79.1736817, 30.5996691 ], [ 79.173553, 30.598524 ], [ 79.172759, 30.5976374 ], [ 79.1716862, 30.5973604 ], [ 79.1687679, 30.5953471 ], [ 79.1675663, 30.5953286 ], [ 79.1660642, 30.5950701 ], [ 79.1652488, 30.5943497 ], [ 79.1655493, 30.5929644 ], [ 79.1653561, 30.592244 ], [ 79.1634464, 30.591653 ], [ 79.1629026, 30.5908312 ], [ 79.1630173, 30.5898705 ], [ 79.1615152, 30.5894733 ], [ 79.1609466, 30.5891963 ], [ 79.1590261, 30.5888453 ], [ 79.1586613, 30.5883281 ], [ 79.1594982, 30.5874969 ], [ 79.158833, 30.5871459 ], [ 79.1575455, 30.5872198 ], [ 79.1552067, 30.5860191 ], [ 79.1549921, 30.5853726 ], [ 79.1551208, 30.5845229 ], [ 79.1544771, 30.5840795 ], [ 79.1529536, 30.5844305 ], [ 79.1517949, 30.5840795 ], [ 79.1505289, 30.5831744 ], [ 79.1501856, 30.582066 ], [ 79.1457009, 30.5792211 ], [ 79.1434049, 30.5790548 ], [ 79.1417742, 30.5773922 ], [ 79.139699, 30.5762329 ], [ 79.1395211, 30.5754155 ], [ 79.1373432, 30.5749906 ], [ 79.1365728, 30.5742133 ], [ 79.1365554, 30.5739892 ], [ 79.1364956, 30.573217 ], [ 79.136163, 30.5729214 ], [ 79.1351867, 30.5725704 ], [ 79.1346609, 30.5721917 ], [ 79.1344678, 30.571388 ], [ 79.1346824, 30.5696791 ], [ 79.1342425, 30.5692264 ], [ 79.1334496, 30.5692548 ], [ 79.132204, 30.5692819 ], [ 79.1315067, 30.5686722 ], [ 79.1301304, 30.56842 ], [ 79.1296506, 30.5676468 ], [ 79.1299724, 30.5664736 ], [ 79.1304874, 30.5652726 ], [ 79.1308991, 30.5646473 ], [ 79.1306698, 30.5643303 ], [ 79.1300583, 30.5640255 ], [ 79.1293287, 30.5640901 ], [ 79.1284811, 30.5635081 ], [ 79.1268384, 30.5605947 ], [ 79.1246402, 30.5591568 ], [ 79.1231167, 30.5591383 ], [ 79.1223442, 30.5582145 ], [ 79.1198449, 30.556304 ], [ 79.1178777, 30.5526052 ], [ 79.1169476, 30.5521629 ], [ 79.116894, 30.5511558 ], [ 79.1152096, 30.5500933 ], [ 79.1155236, 30.5490108 ], [ 79.1130241, 30.5470839 ], [ 79.1108586, 30.5460861 ], [ 79.1109224, 30.544684 ], [ 79.1099586, 30.5441251 ], [ 79.1084461, 30.5430697 ], [ 79.1081822, 30.5424334 ], [ 79.1074204, 30.5423133 ], [ 79.1064081, 30.5428648 ], [ 79.1051234, 30.5429533 ], [ 79.1043596, 30.5426109 ], [ 79.104073, 30.5418051 ], [ 79.1035505, 30.5409418 ], [ 79.1033971, 30.540225 ], [ 79.1030914, 30.5399709 ], [ 79.1025227, 30.5400864 ], [ 79.1018951, 30.5401973 ], [ 79.1013157, 30.539957 ], [ 79.1012364, 30.5391065 ], [ 79.1014337, 30.5385478 ], [ 79.101069, 30.5381366 ], [ 79.1001409, 30.5380904 ], [ 79.098765, 30.5378497 ], [ 79.0983546, 30.5375452 ], [ 79.0982634, 30.5370739 ], [ 79.0986979, 30.5366442 ], [ 79.0987776, 30.5362437 ], [ 79.0984619, 30.535771 ], [ 79.0974963, 30.5357294 ], [ 79.0966219, 30.5357063 ], [ 79.0952907, 30.5359137 ] ] } },
{ "type": "Feature", "properties": { "alt_name": null, "area": null, "boat": null, "destination": null, "int_name": null, "intermittent": null, "layer": null, "name": null, "name:en": null, "name:hi": null, "name:kn": null, "name:ml": null, "plant:source": null, "power": null, "seasonal": null, "waterway": "stream", "wikipedia": null, "osm_id": 1098680983, "source": "OPEN_DATA", "tunnel": null }, "geometry": { "type": "LineString", "coordinates": [ [ 79.122575, 30.5868034 ], [ 79.1228178, 30.5864978 ], [ 79.1232381, 30.5861521 ], [ 79.1236024, 30.5854365 ], [ 79.1239946, 30.5849541 ], [ 79.1244568, 30.5848384 ], [ 79.1249447, 30.5848174 ], [ 79.1261155, 30.5839564 ], [ 79.1265465, 30.5837394 ], [ 79.1267951, 30.5832557 ], [ 79.12714, 30.5825845 ], [ 79.1277417, 30.5822345 ], [ 79.1293842, 30.5816745 ], [ 79.1300428, 30.5812685 ], [ 79.1309291, 30.5807295 ], [ 79.1312136, 30.5806315 ], [ 79.1315063, 30.5801905 ], [ 79.131856, 30.5797915 ], [ 79.132165, 30.5793155 ], [ 79.1325634, 30.5793155 ], [ 79.1327992, 30.5783074 ], [ 79.1332789, 30.5777964 ], [ 79.1331325, 30.5773344 ], [ 79.1339538, 30.5771944 ], [ 79.1354173, 30.5766974 ], [ 79.1353767, 30.5762494 ], [ 79.1355474, 30.5760603 ], [ 79.1362304, 30.5759973 ], [ 79.1364174, 30.5755843 ], [ 79.1361329, 30.5750033 ], [ 79.136206, 30.5746533 ], [ 79.1364093, 30.5744572 ], [ 79.136328, 30.5741912 ], [ 79.1365554, 30.5739892 ] ] } },
{ "type": "Feature", "properties": { "alt_name": null, "area": null, "boat": null, "destination": null, "int_name": null, "intermittent": null, "layer": null, "name": "Set Gad", "name:en": null, "name:hi": null, "name:kn": null, "name:ml": null, "plant:source": null, "power": null, "seasonal": null, "waterway": "stream", "wikipedia": null, "osm_id": 1072032142, "source": "OPEN_DATA", "tunnel": null }, "geometry": { "type": "LineString", "coordinates": [ [ 79.1830909, 30.5660394 ], [ 79.1821575, 30.5675267 ], [ 79.1815567, 30.5682749 ], [ 79.1809988, 30.5701133 ], [ 79.1808271, 30.5723118 ], [ 79.1803551, 30.5740853 ], [ 79.1794324, 30.5759512 ], [ 79.1793036, 30.5768195 ], [ 79.1787028, 30.5777247 ], [ 79.1788101, 30.5786115 ], [ 79.1783166, 30.5793135 ], [ 79.1783809, 30.580699 ], [ 79.1781663, 30.5826571 ], [ 79.1779518, 30.5855019 ], [ 79.177351, 30.5870905 ], [ 79.1778659, 30.5894918 ], [ 79.1767501, 30.5909326 ], [ 79.1769218, 30.5922995 ], [ 79.1757202, 30.5943313 ], [ 79.1752481, 30.5959382 ], [ 79.1745186, 30.5971018 ], [ 79.1737032, 30.5974897 ], [ 79.172759, 30.5976374 ] ] } },
{ "type": "Feature", "properties": { "alt_name": null, "area": null, "boat": null, "destination": null, "int_name": null, "intermittent": null, "layer": null, "name": "Markanda Ganga", "name:en": null, "name:hi": null, "name:kn": null, "name:ml": null, "plant:source": null, "power": null, "seasonal": null, "waterway": "river", "wikipedia": null, "osm_id": 297374734, "source": "OPEN_DATA", "tunnel": null }, "geometry": { "type": "LineString", "coordinates": [ [ 79.2185719, 30.6744131 ], [ 79.2180991, 30.6735746 ], [ 79.2169369, 30.6729483 ], [ 79.2160616, 30.6729424 ], [ 79.2157817, 30.6727256 ], [ 79.2156744, 30.6721812 ], [ 79.2148912, 30.6717936 ], [ 79.2128956, 30.6690714 ], [ 79.2120211, 30.6689055 ], [ 79.2112005, 30.6672349 ], [ 79.2099452, 30.6667643 ], [ 79.2096443, 30.6664979 ], [ 79.2097413, 30.6658599 ], [ 79.2084968, 30.6651401 ], [ 79.2079711, 30.6646787 ], [ 79.2081332, 30.6639827 ], [ 79.2061901, 30.6631005 ], [ 79.2049563, 30.661587 ], [ 79.2045486, 30.6602673 ], [ 79.2033684, 30.6599627 ], [ 79.2032232, 30.6594559 ], [ 79.2025101, 30.6583661 ], [ 79.2024028, 30.6575724 ], [ 79.2018127, 30.6555604 ], [ 79.2009355, 30.6547003 ], [ 79.2003214, 30.6545359 ], [ 79.2000788, 30.6541693 ], [ 79.1999459, 30.6520531 ], [ 79.199152, 30.6494687 ], [ 79.1991371, 30.6471675 ], [ 79.199736, 30.6449579 ], [ 79.2002034, 30.6441336 ], [ 79.1993451, 30.6432475 ], [ 79.1994032, 30.642776 ], [ 79.1984439, 30.6416229 ], [ 79.1962766, 30.6408475 ], [ 79.1958689, 30.6390198 ], [ 79.1935468, 30.6376071 ], [ 79.1933393, 30.6372901 ], [ 79.1925953, 30.6361538 ], [ 79.1925645, 30.6350134 ], [ 79.1920495, 30.6346811 ], [ 79.1920756, 30.6341132 ], [ 79.1924357, 30.6332594 ], [ 79.1912341, 30.6320593 ], [ 79.1907773, 30.6313165 ], [ 79.1906073, 30.628437 ], [ 79.1904682, 30.626758 ], [ 79.1920427, 30.6223234 ], [ 79.1924789, 30.6208354 ], [ 79.1922806, 30.617524 ], [ 79.1919422, 30.6140374 ], [ 79.1916711, 30.6134275 ], [ 79.1920778, 30.6121072 ], [ 79.1915292, 30.6112796 ], [ 79.1907728, 30.6101315 ], [ 79.1892887, 30.609458 ], [ 79.1883373, 30.6082017 ], [ 79.1878934, 30.6076804 ], [ 79.187687, 30.6065462 ] ] } },
{ "type": "Feature", "properties": { "alt_name": null, "area": null, "boat": null, "destination": null, "int_name": null, "intermittent": null, "layer": null, "name": "Tyogudu Gad", "name:en": null, "name:hi": null, "name:kn": null, "name:ml": null, "plant:source": null, "power": null, "seasonal": null, "waterway": "stream", "wikipedia": null, "osm_id": 1072032159, "source": "OPEN_DATA", "tunnel": null }, "geometry": { "type": "LineString", "coordinates": [ [ 79.1557216, 30.6514624 ], [ 79.1579103, 30.6503548 ], [ 79.1610002, 30.6500226 ], [ 79.1633176, 30.6496164 ], [ 79.1655492, 30.6481396 ], [ 79.1682529, 30.6462197 ], [ 79.1693473, 30.6453336 ], [ 79.1699374, 30.645149 ], [ 79.1712463, 30.6449459 ], [ 79.1722548, 30.6452874 ], [ 79.1732955, 30.6453336 ], [ 79.1751516, 30.6451674 ], [ 79.1764068, 30.6442352 ], [ 79.1773188, 30.6432936 ], [ 79.1784668, 30.641466 ], [ 79.1799474, 30.6403121 ], [ 79.1811704, 30.639869 ], [ 79.1823184, 30.6402383 ], [ 79.183615, 30.6408246 ], [ 79.1868996, 30.6409029 ], [ 79.1893458, 30.6396844 ], [ 79.1913628, 30.6390382 ], [ 79.1922104, 30.6388536 ], [ 79.1927791, 30.6384751 ], [ 79.1933393, 30.6372901 ] ] } },
{ "type": "Feature", "properties": { "alt_name": null, "area": null, "boat": null, "destination": null, "int_name": null, "intermittent": null, "layer": null, "name": "Mandani Ganga", "name:en": null, "name:hi": null, "name:kn": null, "name:ml": null, "plant:source": null, "power": null, "seasonal": null, "waterway": "river", "wikipedia": null, "osm_id": 226839286, "source": "OPEN_DATA", "tunnel": null }, "geometry": { "type": "LineString", "coordinates": [ [ 79.1690468, 30.7228765 ], [ 79.1681058, 30.7226298 ], [ 79.1675799, 30.7223997 ], [ 79.1669801, 30.7218841 ], [ 79.1664145, 30.7208676 ], [ 79.1647351, 30.7196301 ], [ 79.163604, 30.7185399 ], [ 79.1621302, 30.7174644 ], [ 79.161479, 30.7169782 ], [ 79.1610849, 30.7165215 ], [ 79.1610335, 30.7154607 ], [ 79.1611192, 30.7144883 ], [ 79.1610335, 30.7134717 ], [ 79.1598853, 30.7118805 ], [ 79.1594569, 30.7109228 ], [ 79.1592512, 30.7108344 ], [ 79.1567663, 30.7083002 ], [ 79.1565939, 30.7070614 ], [ 79.1557038, 30.7062079 ], [ 79.1554747, 30.7056444 ], [ 79.1550117, 30.7054255 ], [ 79.1544481, 30.7054279 ], [ 79.1540138, 30.7052286 ], [ 79.1534417, 30.7044693 ], [ 79.1531706, 30.7040969 ], [ 79.1525615, 30.7039812 ], [ 79.1521994, 30.7023357 ], [ 79.151341, 30.70154 ], [ 79.1497572, 30.7010726 ], [ 79.1485298, 30.7000596 ], [ 79.1481292, 30.6997246 ], [ 79.1475637, 30.6986931 ], [ 79.146625, 30.6983229 ], [ 79.1458938, 30.6976874 ], [ 79.1447547, 30.697156 ], [ 79.1442458, 30.6966767 ], [ 79.1436035, 30.6963016 ], [ 79.1431431, 30.6958952 ], [ 79.1426462, 30.6946552 ], [ 79.1425038, 30.6943916 ], [ 79.1422463, 30.6939154 ], [ 79.1418828, 30.6937278 ], [ 79.1415677, 30.6934777 ], [ 79.1412163, 30.6935194 ], [ 79.1411073, 30.6933527 ], [ 79.1411921, 30.6930714 ], [ 79.140877, 30.6925087 ], [ 79.1407437, 30.6920502 ], [ 79.1408528, 30.6916021 ], [ 79.1405741, 30.6911123 ], [ 79.1395925, 30.6902162 ], [ 79.1392775, 30.6897056 ], [ 79.1385603, 30.6888738 ], [ 79.138149, 30.6886748 ], [ 79.1373093, 30.6881701 ], [ 79.1351695, 30.687007 ], [ 79.1347757, 30.6866684 ], [ 79.1346727, 30.6849072 ], [ 79.1347575, 30.6837661 ], [ 79.1346727, 30.6833023 ], [ 79.1342183, 30.6829741 ], [ 79.133418, 30.6824621 ], [ 79.1332126, 30.682073 ], [ 79.1333034, 30.6816714 ], [ 79.1333949, 30.6812067 ], [ 79.1325152, 30.6804306 ], [ 79.1322034, 30.6795871 ], [ 79.1314039, 30.6789053 ], [ 79.1308631, 30.678721 ], [ 79.1303801, 30.6782714 ], [ 79.1299699, 30.6775165 ], [ 79.1287369, 30.6765454 ], [ 79.128543, 30.676191 ], [ 79.1277796, 30.6758471 ], [ 79.1269684, 30.6756139 ], [ 79.1261315, 30.6750603 ], [ 79.1255327, 30.6751288 ], [ 79.1252102, 30.6751921 ], [ 79.1245866, 30.6744881 ], [ 79.1237283, 30.674322 ], [ 79.1233254, 30.6745285 ], [ 79.1229451, 30.6745251 ], [ 79.1225803, 30.6743128 ], [ 79.1222477, 30.6742667 ], [ 79.1217005, 30.6745527 ], [ 79.1210404, 30.6744085 ], [ 79.1191363, 30.672901 ], [ 79.1187072, 30.6722273 ], [ 79.1182366, 30.672073 ], [ 79.1177845, 30.6722458 ], [ 79.1173594, 30.6721071 ], [ 79.1171408, 30.6718305 ], [ 79.1172362, 30.6704127 ], [ 79.1164005, 30.6693021 ], [ 79.1158667, 30.6688811 ], [ 79.1156001, 30.6681098 ], [ 79.1154547, 30.6671926 ], [ 79.1150427, 30.6662545 ], [ 79.1138067, 30.6658168 ], [ 79.1120618, 30.6658376 ], [ 79.1111408, 30.6650037 ], [ 79.1110681, 30.6637529 ], [ 79.111262, 30.6628148 ], [ 79.1105834, 30.6620018 ], [ 79.1096624, 30.6608343 ], [ 79.1089838, 30.6601464 ], [ 79.1081515, 30.6595305 ], [ 79.1078818, 30.6589106 ], [ 79.108076, 30.6580001 ], [ 79.1085791, 30.6568617 ], [ 79.1082573, 30.6561418 ], [ 79.1071474, 30.6557664 ], [ 79.1072631, 30.6548301 ], [ 79.1067542, 30.6542046 ], [ 79.1062937, 30.6529328 ], [ 79.1059291, 30.6526623 ], [ 79.1058499, 30.651957 ], [ 79.1061437, 30.6509548 ], [ 79.1059613, 30.650604 ], [ 79.1053179, 30.6505138 ], [ 79.1043791, 30.6507437 ], [ 79.104064, 30.6505769 ], [ 79.1037732, 30.6493259 ], [ 79.1033612, 30.6482 ], [ 79.1030219, 30.6475328 ], [ 79.1028522, 30.6461566 ], [ 79.1024402, 30.6449473 ], [ 79.1017859, 30.6426954 ], [ 79.1017859, 30.6409647 ], [ 79.1017859, 30.639234 ], [ 79.1025987, 30.6380559 ], [ 79.103086, 30.6379767 ], [ 79.1033864, 30.6375982 ], [ 79.1031606, 30.6365196 ], [ 79.1028392, 30.6358073 ], [ 79.1028247, 30.6351155 ], [ 79.103197, 30.6343457 ], [ 79.1033, 30.6340954 ], [ 79.1032515, 30.6336471 ], [ 79.1032879, 30.6331622 ], [ 79.1034939, 30.6324272 ], [ 79.1034272, 30.6315617 ], [ 79.1034333, 30.6310456 ], [ 79.1019731, 30.6291795 ], [ 79.1014884, 30.6279804 ], [ 79.101029, 30.6273537 ], [ 79.1011218, 30.6264645 ], [ 79.1012285, 30.6256391 ], [ 79.1018438, 30.6250108 ], [ 79.102487, 30.6245126 ], [ 79.1026665, 30.6235956 ], [ 79.1020241, 30.622053 ], [ 79.101371, 30.6209267 ], [ 79.101343, 30.6198572 ], [ 79.1010521, 30.6190021 ], [ 79.1009552, 30.6185537 ], [ 79.1013309, 30.6170729 ], [ 79.101755, 30.6161135 ], [ 79.101549, 30.615519 ], [ 79.1013309, 30.6151436 ], [ 79.1001797, 30.6143719 ], [ 79.0997251, 30.6140182 ], [ 79.0992558, 30.6133541 ], [ 79.099803, 30.6130955 ], [ 79.0999906, 30.6126169 ], [ 79.0998233, 30.6116658 ], [ 79.0988252, 30.6110425 ], [ 79.0970224, 30.6096979 ], [ 79.096335, 30.6099819 ], [ 79.0958679, 30.6098473 ], [ 79.0948462, 30.608571 ], [ 79.0939153, 30.6079931 ], [ 79.0927676, 30.6067272 ], [ 79.092164, 30.6067611 ], [ 79.0917456, 30.6065303 ], [ 79.09173, 30.6058102 ], [ 79.0910402, 30.6053065 ], [ 79.089735, 30.6041685 ], [ 79.0888274, 30.6040093 ], [ 79.0880143, 30.6033758 ], [ 79.088267, 30.6022592 ], [ 79.0879476, 30.6014883 ], [ 79.0868025, 30.6010812 ], [ 79.0865314, 30.600297 ], [ 79.0867567, 30.5996968 ], [ 79.0860662, 30.5984637 ], [ 79.0859132, 30.5981928 ], [ 79.085201, 30.5975081 ], [ 79.0848899, 30.5967601 ], [ 79.0856087, 30.5961044 ], [ 79.0853834, 30.5949408 ], [ 79.0842569, 30.5940911 ], [ 79.0825975, 30.5934153 ], [ 79.0813708, 30.5938048 ], [ 79.0796841, 30.5932496 ] ] } },
{ "type": "Feature", "properties": { "alt_name": null, "area": null, "boat": null, "destination": null, "int_name": null, "intermittent": null, "layer": null, "name": "Mayali Gad", "name:en": null, "name:hi": null, "name:kn": null, "name:ml": null, "plant:source": null, "power": null, "seasonal": null, "waterway": "stream", "wikipedia": null, "osm_id": 1072032160, "source": "OPEN_DATA", "tunnel": null }, "geometry": { "type": "LineString", "coordinates": [ [ 79.1733813, 30.6694405 ], [ 79.1747975, 30.6678348 ], [ 79.1759777, 30.667115 ], [ 79.1782737, 30.6661552 ], [ 79.180634, 30.66538 ], [ 79.1823935, 30.6649001 ], [ 79.1840672, 30.6644387 ], [ 79.1854834, 30.6634605 ], [ 79.1868353, 30.6627037 ], [ 79.1891527, 30.6613194 ], [ 79.1900539, 30.6609318 ], [ 79.1912126, 30.6604703 ], [ 79.193294, 30.6600643 ], [ 79.1943937, 30.6600181 ], [ 79.1958689, 30.6593998 ], [ 79.1973495, 30.6575355 ], [ 79.1994524, 30.6563172 ], [ 79.2009355, 30.6547003 ] ] } },
{ "type": "Feature", "properties": { "alt_name": null, "area": null, "boat": null, "destination": null, "int_name": null, "intermittent": null, "layer": null, "name": null, "name:en": null, "name:hi": null, "name:kn": null, "name:ml": null, "plant:source": null, "power": null, "seasonal": null, "waterway": "stream", "wikipedia": null, "osm_id": 228881370, "source": "OPEN_DATA", "tunnel": null }, "geometry": { "type": "LineString", "coordinates": [ [ 79.0999541, 30.6841254 ], [ 79.1026746, 30.6816909 ], [ 79.1047334, 30.6802997 ], [ 79.106829, 30.6800152 ], [ 79.1092186, 30.6791931 ], [ 79.1112774, 30.6772327 ], [ 79.1130788, 30.6755569 ], [ 79.1157349, 30.6733836 ] ] } },
{ "type": "Feature", "properties": { "alt_name": null, "area": null, "boat": null, "destination": null, "int_name": null, "intermittent": null, "layer": null, "name": null, "name:en": null, "name:hi": null, "name:kn": null, "name:ml": null, "plant:source": null, "power": null, "seasonal": null, "waterway": "stream", "wikipedia": null, "osm_id": 228881368, "source": "OPEN_DATA", "tunnel": null }, "geometry": { "type": "LineString", "coordinates": [ [ 79.1437984, 30.6804315 ], [ 79.1415167, 30.680366 ], [ 79.1393171, 30.6799585 ], [ 79.1371371, 30.67926 ], [ 79.1357338, 30.6790557 ], [ 79.1345429, 30.6792403 ], [ 79.1340555, 30.6790886 ], [ 79.1335837, 30.6794316 ], [ 79.1327809, 30.6796648 ], [ 79.1322034, 30.6795871 ] ] } },
{ "type": "Feature", "properties": { "alt_name": null, "area": null, "boat": null, "destination": null, "int_name": null, "intermittent": null, "layer": null, "name": null, "name:en": null, "name:hi": null, "name:kn": null, "name:ml": null, "plant:source": null, "power": null, "seasonal": null, "waterway": "stream", "wikipedia": null, "osm_id": 228881372, "source": "OPEN_DATA", "tunnel": null }, "geometry": { "type": "LineString", "coordinates": [ [ 79.0968628, 30.6832785 ], [ 79.0982666, 30.6776445 ], [ 79.0984225, 30.6750062 ], [ 79.1015941, 30.6717865 ], [ 79.1036737, 30.6706238 ], [ 79.1058574, 30.6693269 ], [ 79.1067933, 30.66803 ], [ 79.1080931, 30.665481 ], [ 79.1110681, 30.6637529 ] ] } },
{ "type": "Feature", "properties": { "alt_name": null, "area": null, "boat": null, "destination": null, "int_name": null, "intermittent": null, "layer": null, "name": null, "name:en": null, "name:hi": null, "name:kn": null, "name:ml": null, "plant:source": null, "power": null, "seasonal": null, "waterway": "stream", "wikipedia": null, "osm_id": 226839298, "source": "OPEN_DATA", "tunnel": null }, "geometry": { "type": "LineString", "coordinates": [ [ 79.068761, 30.6998242 ], [ 79.0661376, 30.701381 ], [ 79.0638098, 30.7015716 ], [ 79.0623688, 30.7007456 ], [ 79.0614081, 30.6995701 ], [ 79.0597824, 30.699157 ], [ 79.0592934, 30.6991293 ] ] } },
{ "type": "Feature", "properties": { "alt_name": null, "area": null, "boat": null, "destination": null, "int_name": null, "intermittent": null, "layer": null, "name": null, "name:en": null, "name:hi": null, "name:kn": null, "name:ml": null, "plant:source": null, "power": null, "seasonal": null, "waterway": "stream", "wikipedia": null, "osm_id": 686103735, "source": "OPEN_DATA", "tunnel": null }, "geometry": { "type": "LineString", "coordinates": [ [ 79.0668333, 30.7020288 ], [ 79.0663826, 30.7023908 ], [ 79.0662163, 30.7025684 ], [ 79.0660259, 30.7027667 ], [ 79.065932, 30.7029489 ], [ 79.0658596, 30.703032 ], [ 79.0656665, 30.7030666 ], [ 79.0653393, 30.7032488 ], [ 79.0651622, 30.7032833 ], [ 79.0648779, 30.7032072 ], [ 79.0643133, 30.7030147 ], [ 79.0640961, 30.7028602 ], [ 79.063852, 30.7028083 ], [ 79.0636857, 30.7027702 ], [ 79.0635315, 30.7026733 ], [ 79.0633236, 30.7025119 ], [ 79.0631466, 30.7024877 ], [ 79.062995, 30.7024519 ], [ 79.0625632, 30.7023401 ], [ 79.0622976, 30.7023263 ], [ 79.0621635, 30.7023655 ], [ 79.0618958, 30.7024869 ] ] } },
{ "type": "Feature", "properties": { "alt_name": null, "area": null, "boat": null, "destination": null, "int_name": null, "intermittent": null, "layer": null, "name": null, "name:en": null, "name:hi": null, "name:kn": null, "name:ml": null, "plant:source": null, "power": null, "seasonal": null, "waterway": "stream", "wikipedia": null, "osm_id": 226839300, "source": "OPEN_DATA", "tunnel": null }, "geometry": { "type": "LineString", "coordinates": [ [ 79.0765622, 30.7046156 ], [ 79.0737666, 30.7051772 ], [ 79.0710494, 30.706525 ], [ 79.0684628, 30.706862 ], [ 79.0657979, 30.7060533 ], [ 79.0647089, 30.7055573 ], [ 79.0639526, 30.705299 ], [ 79.0633158, 30.7047428 ], [ 79.0621303, 30.7044648 ] ] } },
{ "type": "Feature", "properties": { "alt_name": null, "area": null, "boat": null, "destination": null, "int_name": null, "intermittent": null, "layer": null, "name": null, "name:en": null, "name:hi": null, "name:kn": null, "name:ml": null, "plant:source": null, "power": null, "seasonal": null, "waterway": "stream", "wikipedia": null, "osm_id": 226839301, "source": "OPEN_DATA", "tunnel": null }, "geometry": { "type": "LineString", "coordinates": [ [ 79.0580735, 30.7096052 ], [ 79.0586646, 30.7082392 ], [ 79.0596438, 30.7076832 ], [ 79.0616206, 30.7068255 ], [ 79.0618818, 30.7067019 ], [ 79.0624044, 30.706438 ], [ 79.0628224, 30.7060954 ], [ 79.0628375, 30.7060084 ] ] } },
{ "type": "Feature", "properties": { "alt_name": null, "area": null, "boat": null, "destination": null, "int_name": null, "intermittent": null, "layer": null, "name": null, "name:en": null, "name:hi": null, "name:kn": null, "name:ml": null, "plant:source": null, "power": null, "seasonal": null, "waterway": "stream", "wikipedia": null, "osm_id": 226839295, "source": "OPEN_DATA", "tunnel": null }, "geometry": { "type": "LineString", "coordinates": [ [ 79.074263, 30.7094228 ], [ 79.0717287, 30.7089062 ], [ 79.0691289, 30.7086494 ], [ 79.0678619, 30.7085243 ], [ 79.0661636, 30.708704 ], [ 79.0645864, 30.7085813 ] ] } },
{ "type": "Feature", "properties": { "alt_name": null, "area": null, "boat": null, "destination": null, "int_name": null, "intermittent": null, "layer": null, "name": null, "name:en": null, "name:hi": null, "name:kn": null, "name:ml": null, "plant:source": null, "power": null, "seasonal": null, "waterway": "stream", "wikipedia": null, "osm_id": 226840570, "source": "OPEN_DATA", "tunnel": null }, "geometry": { "type": "LineString", "coordinates": [ [ 79.0635869, 30.7109241 ], [ 79.0641619, 30.7102948 ], [ 79.0647161, 30.7096206 ], [ 79.0647579, 30.7090632 ], [ 79.0647748, 30.7087331 ] ] } },
{ "type": "Feature", "properties": { "alt_name": null, "area": null, "boat": null, "destination": null, "int_name": null, "intermittent": null, "layer": null, "name": null, "name:en": null, "name:hi": null, "name:kn": null, "name:ml": null, "plant:source": null, "power": null, "seasonal": null, "waterway": "stream", "wikipedia": null, "osm_id": 226839294, "source": "OPEN_DATA", "tunnel": null }, "geometry": { "type": "LineString", "coordinates": [ [ 79.0795929, 30.7101641 ], [ 79.0773721, 30.7109952 ], [ 79.0725386, 30.7118937 ], [ 79.0694556, 30.712051 ], [ 79.0685215, 30.7119825 ] ] } },
{ "type": "Feature", "properties": { "alt_name": null, "area": null, "boat": null, "destination": null, "int_name": null, "intermittent": null, "layer": null, "name": null, "name:en": null, "name:hi": null, "name:kn": null, "name:ml": null, "plant:source": null, "power": null, "seasonal": null, "waterway": "stream", "wikipedia": null, "osm_id": 226840539, "source": "OPEN_DATA", "tunnel": null }, "geometry": { "type": "LineString", "coordinates": [ [ 79.0620812, 30.7146278 ], [ 79.0626563, 30.7144929 ], [ 79.0633777, 30.7138906 ], [ 79.0639633, 30.7128119 ], [ 79.0644861, 30.7121467 ], [ 79.0646638, 30.7113556 ], [ 79.0649148, 30.7108522 ], [ 79.0652807, 30.7104297 ], [ 79.0654794, 30.7099172 ], [ 79.0655399, 30.7093535 ] ] } },
{ "type": "Feature", "properties": { "alt_name": null, "area": null, "boat": null, "destination": null, "int_name": null, "intermittent": null, "layer": null, "name": null, "name:en": null, "name:hi": null, "name:kn": null, "name:ml": null, "plant:source": null, "power": null, "seasonal": null, "waterway": "stream", "wikipedia": null, "osm_id": 226840559, "source": "OPEN_DATA", "tunnel": null }, "geometry": { "type": "LineString", "coordinates": [ [ 79.0796752, 30.7129467 ], [ 79.078093, 30.713951 ], [ 79.0763185, 30.7142307 ], [ 79.0746476, 30.7143579 ], [ 79.0734055, 30.7142562 ], [ 79.0726707, 30.7144748 ] ] } },
{ "type": "Feature", "properties": { "alt_name": null, "area": null, "boat": null, "destination": null, "int_name": null, "intermittent": null, "layer": null, "name": "Nailchami Gad", "name:en": null, "name:hi": null, "name:kn": null, "name:ml": null, "plant:source": null, "power": null, "seasonal": null, "waterway": "river", "wikipedia": null, "osm_id": 862799444, "source": "OPEN_DATA", "tunnel": null }, "geometry": { "type": "LineString", "coordinates": [ [ 78.834566, 30.3896824 ], [ 78.834421122328635, 30.389636465486699 ] ] } },
{ "type": "Feature", "properties": { "alt_name": null, "area": null, "boat": null, "destination": null, "int_name": null, "intermittent": null, "layer": null, "name": "Hilaun Gad", "name:en": null, "name:hi": "हिलाऊँ गाद", "name:kn": null, "name:ml": null, "plant:source": null, "power": null, "seasonal": null, "waterway": "stream", "wikipedia": null, "osm_id": 1280241095, "source": "OPEN_DATA", "tunnel": null }, "geometry": { "type": "LineString", "coordinates": [ [ 78.822880925649997, 30.402823163998331 ], [ 78.8228914, 30.4028202 ], [ 78.8230369, 30.4028088 ], [ 78.8231228, 30.4028021 ], [ 78.8236978, 30.402923 ], [ 78.8241046, 30.4028746 ], [ 78.8245814, 30.4028746 ], [ 78.8247988, 30.4029472 ], [ 78.8251845, 30.4031891 ], [ 78.8255772, 30.4030984 ], [ 78.8258997, 30.4031529 ], [ 78.8263555, 30.4030137 ], [ 78.826629, 30.402923 ], [ 78.8270077, 30.4029714 ], [ 78.8276949, 30.4030077 ], [ 78.8281297, 30.4032436 ], [ 78.8283962, 30.4029896 ], [ 78.8287257, 30.4031529 ], [ 78.8292377, 30.4031166 ], [ 78.8294831, 30.4031226 ], [ 78.8296133, 30.4030928 ], [ 78.8298267, 30.403044 ], [ 78.8301633, 30.4030682 ], [ 78.8303892, 30.4032293 ], [ 78.8307927, 30.4032392 ], [ 78.830931, 30.4031895 ], [ 78.8310693, 30.4031398 ], [ 78.8313921, 30.40311 ], [ 78.8320146, 30.4029708 ], [ 78.8324411, 30.4028216 ], [ 78.8332711, 30.4028216 ], [ 78.8339974, 30.4027222 ], [ 78.834689, 30.402762 ], [ 78.8350925, 30.40311 ], [ 78.8356112, 30.403458 ], [ 78.8360147, 30.4035773 ], [ 78.8365219, 30.4038258 ], [ 78.8367044, 30.403958 ], [ 78.8370408, 30.4039469 ], [ 78.8373805, 30.4040583 ], [ 78.8376233, 30.4040904 ], [ 78.838069, 30.403945 ], [ 78.8382539, 30.4039512 ], [ 78.8386599, 30.4038337 ], [ 78.8389404, 30.4039273 ], [ 78.8397151, 30.4041639 ], [ 78.8399821, 30.4041318 ], [ 78.8411561, 30.4041738 ], [ 78.8420783, 30.4042533 ], [ 78.8435999, 30.4044522 ], [ 78.8440149, 30.4044025 ], [ 78.8443492, 30.404492 ], [ 78.8448795, 30.4045715 ], [ 78.845087, 30.4047604 ], [ 78.8453406, 30.4049195 ], [ 78.8455827, 30.4051183 ], [ 78.8456634, 30.4054166 ], [ 78.8458405, 30.4054833 ], [ 78.8463963, 30.4053942 ], [ 78.8467854, 30.4052573 ], [ 78.8473968, 30.4051546 ], [ 78.8478732, 30.4051135 ], [ 78.8479685, 30.405223 ], [ 78.8481908, 30.4054901 ], [ 78.8484449, 30.4057161 ], [ 78.8485323, 30.4059558 ], [ 78.848699, 30.4061202 ], [ 78.8491516, 30.4059969 ], [ 78.8494533, 30.4059763 ], [ 78.8504538, 30.4057709 ], [ 78.8507397, 30.4057161 ], [ 78.8511208, 30.4056271 ], [ 78.851621, 30.4055791 ], [ 78.8518592, 30.4055107 ], [ 78.8524627, 30.4056887 ], [ 78.8527486, 30.4056476 ], [ 78.8530423, 30.4056887 ], [ 78.8532409, 30.4056956 ], [ 78.8536855, 30.4056134 ], [ 78.8539237, 30.4056956 ], [ 78.8542175, 30.4056887 ], [ 78.8547654, 30.4055518 ], [ 78.8551862, 30.405497 ], [ 78.855353, 30.4055038 ], [ 78.8556944, 30.4054696 ], [ 78.8560041, 30.4055723 ], [ 78.8560279, 30.4057024 ], [ 78.8563932, 30.4058805 ], [ 78.8567505, 30.4059421 ], [ 78.8569887, 30.4059626 ], [ 78.8572189, 30.4058051 ], [ 78.8573857, 30.4055791 ], [ 78.8576636, 30.40536 ], [ 78.8578224, 30.405134 ], [ 78.8579971, 30.4048395 ], [ 78.8579574, 30.4047642 ], [ 78.8579812, 30.4045861 ], [ 78.8581321, 30.4044492 ], [ 78.858275, 30.4044081 ], [ 78.8584815, 30.4043122 ], [ 78.8590611, 30.4043944 ], [ 78.8595852, 30.4044423 ], [ 78.8598154, 30.4044423 ], [ 78.8600854, 30.4043875 ], [ 78.8604983, 30.4043328 ], [ 78.8608953, 30.4040794 ], [ 78.8614352, 30.4039835 ], [ 78.8616099, 30.403689 ], [ 78.8613082, 30.4034082 ], [ 78.8611891, 30.4032028 ], [ 78.861332, 30.4028946 ], [ 78.8614385, 30.4027648 ], [ 78.861627, 30.4025351 ], [ 78.8618456, 30.4024461 ], [ 78.8621846, 30.4023081 ], [ 78.8622055, 30.4018331 ], [ 78.8622839, 30.4016276 ], [ 78.8623689, 30.4013368 ], [ 78.8627533, 30.4011249 ], [ 78.8630218, 30.4009235 ], [ 78.8635689, 30.4007107 ], [ 78.8637348, 30.4007247 ] ] } },
{ "type": "Feature", "properties": { "alt_name": null, "area": null, "boat": null, "destination": null, "int_name": null, "intermittent": null, "layer": null, "name": null, "name:en": null, "name:hi": null, "name:kn": null, "name:ml": null, "plant:source": null, "power": null, "seasonal": null, "waterway": "stream", "wikipedia": null, "osm_id": 1072003176, "source": "OPEN_DATA", "tunnel": null }, "geometry": { "type": "LineString", "coordinates": [ [ 78.84377, 30.4178507 ], [ 78.8444566, 30.4167774 ], [ 78.8448, 30.4155561 ], [ 78.84493, 30.4137712 ], [ 78.8473385, 30.412506 ], [ 78.8484636, 30.412218 ], [ 78.8500246, 30.410887 ], [ 78.8503489, 30.4104729 ], [ 78.8508081, 30.4099861 ], [ 78.8509369, 30.4095558 ], [ 78.8508403, 30.4089682 ], [ 78.8508081, 30.4082928 ], [ 78.8516664, 30.4075063 ], [ 78.852911, 30.4067105 ], [ 78.8535547, 30.4061553 ], [ 78.8542175, 30.4056887 ] ] } },
{ "type": "Feature", "properties": { "alt_name": null, "area": null, "boat": null, "destination": null, "int_name": null, "intermittent": null, "layer": null, "name": null, "name:en": null, "name:hi": null, "name:kn": null, "name:ml": null, "plant:source": null, "power": null, "seasonal": null, "waterway": "stream", "wikipedia": null, "osm_id": 1280241086, "source": "OPEN_DATA", "tunnel": null }, "geometry": { "type": "LineString", "coordinates": [ [ 78.8509366, 30.41725 ], [ 78.8510914, 30.4169475 ], [ 78.8513184, 30.4166005 ], [ 78.8514697, 30.4164818 ], [ 78.8516211, 30.4162386 ], [ 78.8516004, 30.4159509 ], [ 78.8518584, 30.415509 ], [ 78.8519753, 30.4153043 ], [ 78.8518446, 30.4151145 ], [ 78.8518515, 30.4148179 ], [ 78.8519581, 30.414539 ], [ 78.8518962, 30.4143403 ], [ 78.8517862, 30.4139577 ], [ 78.8520407, 30.4135751 ], [ 78.8520957, 30.4133556 ], [ 78.8523777, 30.4128424 ], [ 78.8524225, 30.4128038 ], [ 78.8524569, 30.4127416 ], [ 78.8524912, 30.4124509 ], [ 78.852536, 30.4122492 ], [ 78.8525291, 30.4120178 ], [ 78.8522539, 30.4116114 ], [ 78.8520785, 30.4113949 ], [ 78.8519237, 30.4112674 ], [ 78.8517965, 30.4111457 ], [ 78.8515076, 30.4108936 ], [ 78.8512359, 30.4108076 ], [ 78.8510088, 30.4107275 ], [ 78.8508128, 30.4107067 ], [ 78.850548, 30.4106623 ], [ 78.8503489, 30.4104729 ] ] } },
{ "type": "Feature", "properties": { "alt_name": null, "area": null, "boat": null, "destination": null, "int_name": null, "intermittent": null, "layer": null, "name": "Helsun Gad", "name:en": null, "name:hi": null, "name:kn": null, "name:ml": null, "plant:source": null, "power": null, "seasonal": null, "waterway": "stream", "wikipedia": null, "osm_id": 484338360, "source": "OPEN_DATA", "tunnel": null }, "geometry": { "type": "LineString", "coordinates": [ [ 78.8482734, 30.4486092 ], [ 78.848424, 30.4484217 ], [ 78.8497796, 30.4473107 ], [ 78.850767, 30.4469789 ], [ 78.8530096, 30.4467769 ], [ 78.8541811, 30.447152 ], [ 78.8553359, 30.4475848 ], [ 78.8566246, 30.44695 ], [ 78.8571434, 30.4462142 ], [ 78.858114, 30.4464306 ], [ 78.860524, 30.446546 ], [ 78.8634975, 30.4450134 ], [ 78.8643185, 30.4440144 ], [ 78.8656627, 30.4433123 ], [ 78.8665491, 30.4430626 ], [ 78.8675591, 30.4431271 ], [ 78.8675048, 30.442657 ], [ 78.8673355, 30.4418136 ], [ 78.8670844, 30.4401831 ], [ 78.8669338, 30.4397647 ], [ 78.8666493, 30.4389855 ], [ 78.8664652, 30.4381197 ], [ 78.8664987, 30.4376292 ], [ 78.8673341, 30.4368416 ], [ 78.8682348, 30.4363689 ], [ 78.8688874, 30.435975 ], [ 78.8688352, 30.4355136 ], [ 78.8692137, 30.4349284 ], [ 78.869762, 30.4343994 ], [ 78.8699708, 30.4339155 ], [ 78.8689918, 30.4336679 ], [ 78.8689788, 30.4333978 ], [ 78.8694226, 30.4327788 ], [ 78.8694356, 30.432126 ], [ 78.8689005, 30.4309555 ], [ 78.8689918, 30.4303815 ], [ 78.8692398, 30.4299651 ], [ 78.869031, 30.4297738 ], [ 78.8686655, 30.4294699 ], [ 78.8678301, 30.4280742 ], [ 78.8672688, 30.4268587 ], [ 78.8672427, 30.4261158 ], [ 78.8679998, 30.4258907 ], [ 78.8688352, 30.4256431 ], [ 78.8688483, 30.4252829 ], [ 78.8686655, 30.4246301 ], [ 78.8689005, 30.4240336 ], [ 78.8687438, 30.4236059 ], [ 78.8687438, 30.4232344 ], [ 78.8693704, 30.4228855 ], [ 78.8699317, 30.4222327 ], [ 78.8699186, 30.4217036 ], [ 78.8701267, 30.4212678 ], [ 78.8702841, 30.4209382 ], [ 78.8698011, 30.4205105 ], [ 78.8698664, 30.4200265 ], [ 78.8697909, 30.4199271 ], [ 78.8696184, 30.4197001 ], [ 78.8698925, 30.419565 ], [ 78.8704538, 30.4193174 ], [ 78.8703647, 30.418328 ], [ 78.8706686, 30.4178695 ], [ 78.869762, 30.4172575 ], [ 78.8703755, 30.416402 ], [ 78.8709628, 30.4154902 ], [ 78.8715763, 30.4148035 ], [ 78.8718243, 30.4142632 ], [ 78.8720201, 30.4134527 ], [ 78.872477, 30.4130362 ], [ 78.8728164, 30.4125859 ], [ 78.8727642, 30.411798 ], [ 78.8731537, 30.4111102 ], [ 78.873629, 30.4107429 ], [ 78.8739476, 30.4104578 ], [ 78.87424, 30.4101756 ], [ 78.8745699, 30.4101941 ], [ 78.8749909, 30.4097498 ], [ 78.8752688, 30.4093595 ], [ 78.8754038, 30.4090856 ], [ 78.8759516, 30.4087569 ], [ 78.8758405, 30.4076475 ], [ 78.8763169, 30.4069421 ], [ 78.8764939, 30.4066256 ], [ 78.8762776, 30.4062684 ], [ 78.8761565, 30.4056913 ], [ 78.8755943, 30.4047644 ], [ 78.8751576, 30.4045863 ], [ 78.8748956, 30.4044357 ], [ 78.8748956, 30.4035385 ], [ 78.874967, 30.4032646 ], [ 78.8747924, 30.4030728 ], [ 78.8740142, 30.4029359 ], [ 78.8736331, 30.4026003 ], [ 78.8734504, 30.4023264 ], [ 78.8736569, 30.4017579 ], [ 78.8735457, 30.4011758 ], [ 78.8735219, 30.4008334 ], [ 78.8738078, 30.4006759 ], [ 78.874046, 30.4007786 ], [ 78.8743239, 30.4008745 ], [ 78.8745939, 30.4008265 ], [ 78.8748003, 30.4007444 ], [ 78.8747527, 30.4004636 ], [ 78.8749194, 30.4003334 ], [ 78.8748638, 30.4001074 ], [ 78.8747685, 30.3996897 ], [ 78.8746177, 30.3994157 ], [ 78.8742524, 30.3992719 ], [ 78.8737522, 30.3991897 ], [ 78.8737204, 30.3987788 ], [ 78.8738554, 30.3984775 ], [ 78.8737601, 30.3979707 ], [ 78.8737363, 30.3973885 ], [ 78.8733641, 30.3969523 ] ] } },
{ "type": "Feature", "properties": { "alt_name": null, "area": null, "boat": null, "destination": null, "int_name": null, "intermittent": null, "layer": null, "name": "Paunthi Gad", "name:en": null, "name:hi": null, "name:kn": null, "name:ml": null, "plant:source": null, "power": null, "seasonal": null, "waterway": "stream", "wikipedia": null, "osm_id": 922701477, "source": "OPEN_DATA", "tunnel": null }, "geometry": { "type": "LineString", "coordinates": [ [ 78.8820505, 30.444382 ], [ 78.8846469, 30.443087 ], [ 78.8870072, 30.4418106 ], [ 78.8885736, 30.4413851 ], [ 78.8889619, 30.4408855 ], [ 78.8894576, 30.4403786 ], [ 78.8899562, 30.4401449 ], [ 78.8902991, 30.4398916 ], [ 78.8916363, 30.4394046 ], [ 78.8925124, 30.4392357 ], [ 78.8929389, 30.4391661 ], [ 78.8935153, 30.4383611 ], [ 78.8942761, 30.4380828 ], [ 78.8951638, 30.4378144 ], [ 78.8960399, 30.4375361 ], [ 78.8965702, 30.4372877 ], [ 78.8970543, 30.4369994 ], [ 78.8978728, 30.4367907 ], [ 78.8982532, 30.4365224 ], [ 78.8988872, 30.4356676 ], [ 78.8993368, 30.4355682 ], [ 78.8995558, 30.4353992 ], [ 78.9008469, 30.4353197 ], [ 78.9013426, 30.4353197 ], [ 78.9021495, 30.4350017 ], [ 78.9028412, 30.4346936 ], [ 78.9032101, 30.4343556 ], [ 78.9037749, 30.434127 ], [ 78.9044666, 30.4340574 ], [ 78.9049969, 30.4339183 ], [ 78.9054349, 30.4336201 ], [ 78.9063687, 30.4334213 ], [ 78.9072909, 30.4337891 ], [ 78.9078673, 30.4336002 ], [ 78.9083975, 30.4338686 ], [ 78.9090546, 30.4337394 ], [ 78.9093659, 30.4337791 ], [ 78.9100114, 30.4336698 ], [ 78.9103803, 30.433809 ], [ 78.9116483, 30.4331927 ], [ 78.9121095, 30.4331728 ], [ 78.912755, 30.4326858 ], [ 78.9130778, 30.4325665 ], [ 78.9130432, 30.4320596 ], [ 78.9135389, 30.4314831 ], [ 78.9139308, 30.4309464 ], [ 78.9143228, 30.4305389 ], [ 78.9148358, 30.4301252 ], [ 78.9150391, 30.4298833 ], [ 78.9158315, 30.4295991 ], [ 78.9162523, 30.4296959 ], [ 78.9165328, 30.4296052 ], [ 78.9167782, 30.4293754 ], [ 78.9170077, 30.4294097 ], [ 78.9171848, 30.4293187 ], [ 78.9172563, 30.4291628 ], [ 78.9175351, 30.4290134 ], [ 78.9178403, 30.4287795 ], [ 78.9179376, 30.4288341 ] ] } },
{ "type": "Feature", "properties": { "alt_name": null, "area": null, "boat": null, "destination": null, "int_name": null, "intermittent": null, "layer": null, "name": "Chhikona Gad", "name:en": null, "name:hi": null, "name:kn": null, "name:ml": null, "plant:source": null, "power": null, "seasonal": null, "waterway": "stream", "wikipedia": null, "osm_id": 922701484, "source": "OPEN_DATA", "tunnel": null }, "geometry": { "type": "LineString", "coordinates": [ [ 78.8357019, 30.4780816 ], [ 78.8372469, 30.4781556 ], [ 78.839178, 30.4786733 ], [ 78.8414097, 30.4789692 ], [ 78.8438558, 30.479413 ], [ 78.8457656, 30.4800048 ], [ 78.8479757, 30.4801157 ], [ 78.8488126, 30.4791726 ], [ 78.8500142, 30.479413 ], [ 78.8514089, 30.4792651 ], [ 78.8529802, 30.4793877 ], [ 78.8532771, 30.4794924 ], [ 78.8544104, 30.4792366 ], [ 78.855112, 30.4790156 ], [ 78.8562048, 30.4785621 ], [ 78.8568525, 30.4783645 ], [ 78.8581207, 30.4779342 ], [ 78.8587548, 30.4776435 ], [ 78.8594294, 30.4772947 ], [ 78.8597802, 30.477318 ], [ 78.8605223, 30.4775273 ], [ 78.8611699, 30.4781435 ], [ 78.8621039, 30.4779385 ], [ 78.8628969, 30.4777715 ], [ 78.8640303, 30.4783412 ], [ 78.8653795, 30.4784924 ], [ 78.8665128, 30.4785621 ], [ 78.8674033, 30.4784226 ], [ 78.8677541, 30.4783877 ], [ 78.8682803, 30.4783063 ], [ 78.8684557, 30.4782017 ], [ 78.868658, 30.4782831 ], [ 78.8688874, 30.477911 ], [ 78.8693326, 30.4772482 ], [ 78.8698389, 30.4770995 ], [ 78.8699263, 30.4770738 ], [ 78.8708977, 30.4767017 ], [ 78.8713969, 30.4764924 ], [ 78.872085, 30.4759342 ], [ 78.8724898, 30.4757366 ], [ 78.8731239, 30.475097 ], [ 78.8733263, 30.4745621 ], [ 78.8733938, 30.4742947 ], [ 78.8740414, 30.4737598 ], [ 78.8745001, 30.4734574 ], [ 78.8746485, 30.4730504 ], [ 78.8752015, 30.4730458 ], [ 78.8755067, 30.472946 ], [ 78.8760012, 30.4729006 ], [ 78.8762969, 30.4726202 ], [ 78.8768274, 30.4725795 ], [ 78.8769547, 30.4721351 ], [ 78.876918, 30.4714129 ], [ 78.8770377, 30.4712192 ], [ 78.8776699, 30.4710224 ], [ 78.8780532, 30.4714586 ], [ 78.8785794, 30.4717488 ], [ 78.8794303, 30.4716345 ], [ 78.8798406, 30.4711959 ], [ 78.8801771, 30.4709484 ], [ 78.8805137, 30.470821 ], [ 78.8810635, 30.4708847 ], [ 78.881556, 30.4707998 ], [ 78.8820156, 30.4708776 ], [ 78.8828364, 30.4707149 ], [ 78.8836078, 30.4703612 ], [ 78.8840675, 30.4704532 ], [ 78.8848718, 30.4702622 ], [ 78.8855858, 30.4703046 ], [ 78.8863245, 30.4706017 ], [ 78.8867103, 30.4707078 ], [ 78.8872109, 30.4705593 ], [ 78.8875146, 30.4703117 ], [ 78.8880481, 30.4703824 ], [ 78.8884092, 30.4701985 ], [ 78.888598, 30.4699368 ], [ 78.8884831, 30.4696185 ], [ 78.8885487, 30.469095 ], [ 78.8886308, 30.4688757 ], [ 78.8890247, 30.4687059 ], [ 78.8895008, 30.4686422 ], [ 78.8900343, 30.468904 ], [ 78.890617, 30.4690384 ], [ 78.8910109, 30.4689111 ], [ 78.8915253, 30.4686448 ], [ 78.891963, 30.4686493 ], [ 78.8921615, 30.468689 ], [ 78.8923816, 30.4685008 ], [ 78.8927345, 30.4684512 ], [ 78.8933172, 30.4684795 ], [ 78.8937686, 30.468232 ], [ 78.8945648, 30.4681117 ], [ 78.8953773, 30.468048 ], [ 78.8963458, 30.4678429 ], [ 78.8969449, 30.4672699 ], [ 78.8969203, 30.4670223 ], [ 78.8974331, 30.4669616 ], [ 78.8980119, 30.466994 ], [ 78.8986931, 30.4669303 ], [ 78.8994317, 30.4669091 ], [ 78.8998011, 30.4668454 ], [ 78.9014097, 30.4670789 ], [ 78.90239, 30.4670598 ], [ 78.9029691, 30.4668242 ], [ 78.9036426, 30.4666981 ], [ 78.9042659, 30.4666261 ], [ 78.9044465, 30.4663149 ], [ 78.9050128, 30.4664846 ], [ 78.9053165, 30.4660673 ], [ 78.9060962, 30.4661522 ], [ 78.9069134, 30.465828 ], [ 78.9074176, 30.4657984 ], [ 78.9081316, 30.4654235 ], [ 78.9089441, 30.4652184 ], [ 78.9093956, 30.4651335 ], [ 78.909929, 30.4647798 ], [ 78.9115377, 30.4640299 ], [ 78.9121532, 30.4640369 ], [ 78.9127442, 30.4637964 ], [ 78.913015, 30.4638035 ], [ 78.9137455, 30.4641784 ], [ 78.9144595, 30.4641289 ], [ 78.9152556, 30.4638601 ], [ 78.9157727, 30.4634285 ], [ 78.91606, 30.462898 ], [ 78.9166509, 30.4625867 ], [ 78.9170941, 30.4625938 ], [ 78.9174717, 30.462707 ], [ 78.917921, 30.4624448 ] ] } },
{ "type": "Feature", "properties": { "alt_name": null, "area": null, "boat": null, "destination": null, "int_name": null, "intermittent": null, "layer": null, "name": null, "name:en": null, "name:hi": null, "name:kn": null, "name:ml": null, "plant:source": null, "power": null, "seasonal": null, "waterway": "canal", "wikipedia": null, "osm_id": 684802382, "source": "OPEN_DATA", "tunnel": null }, "geometry": { "type": "LineString", "coordinates": [ [ 78.8921615, 30.468689 ], [ 78.8923171, 30.4686848 ], [ 78.8928059, 30.4686429 ], [ 78.8929032, 30.4687289 ], [ 78.8931074, 30.4687603 ], [ 78.8932606, 30.4687184 ], [ 78.8935889, 30.4684585 ], [ 78.8938005, 30.4684019 ], [ 78.8939828, 30.4684543 ], [ 78.8945397, 30.4685423 ], [ 78.8947586, 30.4685926 ], [ 78.8949239, 30.468557 ], [ 78.895189, 30.4685905 ], [ 78.8955294, 30.468775 ], [ 78.8957045, 30.4687792 ], [ 78.8959866, 30.4688337 ], [ 78.8961349, 30.4688106 ], [ 78.8963951, 30.4686723 ], [ 78.8964365, 30.4685989 ], [ 78.8967331, 30.4684166 ], [ 78.8971246, 30.4683411 ], [ 78.8972559, 30.4682719 ], [ 78.8978687, 30.4680645 ], [ 78.8983356, 30.4681085 ], [ 78.898625, 30.4681399 ], [ 78.899211, 30.4683181 ], [ 78.8994664, 30.4684103 ], [ 78.8995612, 30.468578 ], [ 78.899926, 30.4687875 ], [ 78.9001229, 30.4688798 ], [ 78.9001983, 30.4689133 ], [ 78.9003175, 30.4689888 ], [ 78.9004366, 30.4689762 ], [ 78.9005363, 30.4688609 ], [ 78.9007576, 30.4688881 ], [ 78.9008914, 30.4688651 ], [ 78.9010543, 30.4688504 ], [ 78.9011422, 30.4688138 ], [ 78.9015874, 30.468511 ], [ 78.9018985, 30.4684185 ], [ 78.902435, 30.4687699 ], [ 78.9028856, 30.4687236 ], [ 78.9032611, 30.4689733 ], [ 78.9039906, 30.4688808 ], [ 78.9043232, 30.4689733 ], [ 78.9046558, 30.4688161 ], [ 78.9056322, 30.4686959 ], [ 78.9057743, 30.4685438 ], [ 78.9062544, 30.4683722 ], [ 78.9068231, 30.4682983 ], [ 78.9071449, 30.468326 ], [ 78.9079818, 30.4682983 ], [ 78.9084753, 30.4683445 ], [ 78.9090868, 30.4681411 ], [ 78.9099344, 30.4679284 ], [ 78.9101275, 30.4680763 ], [ 78.9107391, 30.4680393 ], [ 78.9112567, 30.4685068 ], [ 78.9110851, 30.468812 ], [ 78.911128, 30.4693853 ], [ 78.9113506, 30.4695466 ], [ 78.911769, 30.4710447 ], [ 78.9117798, 30.4713406 ], [ 78.9119863, 30.471882 ], [ 78.9118683, 30.4720484 ], [ 78.9121472, 30.4723443 ], [ 78.9123618, 30.4727974 ], [ 78.9128339, 30.4731396 ], [ 78.9139363, 30.4736061 ], [ 78.913896, 30.4738701 ], [ 78.9141723, 30.4741424 ], [ 78.9145907, 30.4741331 ], [ 78.9148268, 30.4744475 ], [ 78.9147329, 30.4745358 ], [ 78.9148187, 30.4749149 ], [ 78.9151164, 30.4753537 ], [ 78.915095, 30.4755016 ], [ 78.9150413, 30.4758623 ], [ 78.9155268, 30.4764499 ], [ 78.9162001, 30.4770643 ], [ 78.9164254, 30.4771198 ], [ 78.9165541, 30.4773879 ], [ 78.9167687, 30.4776098 ], [ 78.9169859, 30.4777999 ], [ 78.9171549, 30.4782571 ], [ 78.9172287, 30.4784385 ] ] } },
{ "type": "Feature", "properties": { "alt_name": null, "area": null, "boat": null, "destination": null, "int_name": null, "intermittent": null, "layer": "-1", "name": null, "name:en": null, "name:hi": null, "name:kn": null, "name:ml": null, "plant:source": null, "power": null, "seasonal": null, "waterway": "drain", "wikipedia": null, "osm_id": 684802381, "source": "OPEN_DATA", "tunnel": "culvert" }, "geometry": { "type": "LineString", "coordinates": [ [ 78.9172287, 30.4784385 ], [ 78.9171955, 30.4785439 ] ] } },
{ "type": "Feature", "properties": { "alt_name": null, "area": null, "boat": null, "destination": null, "int_name": null, "intermittent": null, "layer": null, "name": null, "name:en": null, "name:hi": null, "name:kn": null, "name:ml": null, "plant:source": null, "power": null, "seasonal": null, "waterway": "drain", "wikipedia": null, "osm_id": 684802379, "source": "OPEN_DATA", "tunnel": null }, "geometry": { "type": "LineString", "coordinates": [ [ 78.9171955, 30.4785439 ], [ 78.9172196, 30.4786479 ], [ 78.9172854, 30.4787461 ], [ 78.917343, 30.4789495 ] ] } },
{ "type": "Feature", "properties": { "alt_name": null, "area": null, "boat": null, "destination": null, "int_name": null, "intermittent": null, "layer": null, "name": null, "name:en": null, "name:hi": null, "name:kn": null, "name:ml": null, "plant:source": null, "power": null, "seasonal": null, "waterway": "stream", "wikipedia": null, "osm_id": 1072003192, "source": "OPEN_DATA", "tunnel": null }, "geometry": { "type": "LineString", "coordinates": [ [ 78.8644123, 30.4919871 ], [ 78.8644981, 30.4908037 ], [ 78.8659572, 30.4886958 ], [ 78.8663864, 30.4873645 ], [ 78.8668155, 30.4849976 ], [ 78.8670516, 30.4835737 ], [ 78.8672876, 30.4828433 ], [ 78.8680815, 30.4808924 ], [ 78.8692403, 30.4792651 ], [ 78.8699055, 30.4785069 ], [ 78.8699913, 30.4778597 ], [ 78.8698389, 30.4770995 ] ] } },
{ "type": "Feature", "properties": { "alt_name": null, "area": null, "boat": null, "destination": null, "int_name": null, "intermittent": null, "layer": null, "name": null, "name:en": null, "name:hi": null, "name:kn": null, "name:ml": null, "plant:source": null, "power": null, "seasonal": null, "waterway": "stream", "wikipedia": null, "osm_id": 1078493465, "source": "OPEN_DATA", "tunnel": null }, "geometry": { "type": "LineString", "coordinates": [ [ 78.9729037, 30.4213927 ], [ 78.9729028, 30.421549 ], [ 78.9728187, 30.4217665 ], [ 78.9728281, 30.4219396 ], [ 78.9723424, 30.4223182 ], [ 78.9721229, 30.4226041 ], [ 78.9721129, 30.4227214 ], [ 78.9720996, 30.4228779 ], [ 78.9721136, 30.4233129 ], [ 78.9723377, 30.4236229 ], [ 78.9721743, 30.4237598 ], [ 78.9718287, 30.4241062 ], [ 78.9714131, 30.4246176 ], [ 78.9710628, 30.4249317 ], [ 78.9706612, 30.4253263 ], [ 78.9705445, 30.4257008 ], [ 78.9697086, 30.4265455 ], [ 78.9690149, 30.4270338 ], [ 78.9687742, 30.4277174 ], [ 78.9680664, 30.4284987 ], [ 78.9679531, 30.4288404 ], [ 78.967132, 30.4294874 ], [ 78.967217, 30.4301099 ] ] } },
{ "type": "Feature", "properties": { "alt_name": null, "area": null, "boat": null, "destination": null, "int_name": null, "intermittent": null, "layer": null, "name": "Lan Gad", "name:en": null, "name:hi": null, "name:kn": null, "name:ml": null, "plant:source": null, "power": null, "seasonal": null, "waterway": "stream", "wikipedia": null, "osm_id": 1072003185, "source": "OPEN_DATA", "tunnel": null }, "geometry": { "type": "LineString", "coordinates": [ [ 78.9950414, 30.4386884 ], [ 78.9949688, 30.4382503 ], [ 78.9951926, 30.438026 ], [ 78.9957128, 30.4377913 ], [ 78.9963056, 30.4376974 ], [ 78.9968561, 30.4375618 ], [ 78.9973703, 30.4373689 ], [ 78.9978723, 30.4372176 ], [ 78.9984712, 30.4369777 ], [ 78.9991426, 30.4365918 ], [ 78.9995782, 30.4364927 ], [ 79.0000076, 30.4364145 ], [ 79.0004976, 30.4363206 ], [ 79.0010481, 30.4363414 ], [ 79.0017074, 30.4363832 ], [ 79.0021611, 30.4362893 ], [ 79.0025724, 30.4360598 ], [ 79.0031108, 30.4360702 ], [ 79.0035584, 30.4362684 ], [ 79.0039516, 30.4363988 ], [ 79.004496, 30.4365083 ], [ 79.0051191, 30.4365136 ], [ 79.0054276, 30.4364614 ], [ 79.0057361, 30.4364666 ], [ 79.0061353, 30.4364979 ], [ 79.0065164, 30.4363467 ], [ 79.0066132, 30.4361328 ], [ 79.0068552, 30.4360129 ], [ 79.0072121, 30.4360337 ], [ 79.0075024, 30.4363414 ], [ 79.0081981, 30.4363727 ], [ 79.0087062, 30.4363206 ], [ 79.0091962, 30.4361328 ] ] } },
{ "type": "Feature", "properties": { "alt_name": null, "area": null, "boat": null, "destination": null, "int_name": null, "intermittent": null, "layer": null, "name": "Chhara Gad", "name:en": null, "name:hi": null, "name:kn": null, "name:ml": null, "plant:source": null, "power": null, "seasonal": null, "waterway": "stream", "wikipedia": null, "osm_id": 1072003184, "source": "OPEN_DATA", "tunnel": null }, "geometry": { "type": "LineString", "coordinates": [ [ 78.9674949, 30.4465279 ], [ 78.9695549, 30.4457509 ], [ 78.9721298, 30.4460839 ], [ 78.9743614, 30.4462319 ], [ 78.9758205, 30.4466019 ], [ 78.976593, 30.4456399 ], [ 78.9781809, 30.4449555 ], [ 78.9798331, 30.4432905 ], [ 78.9797902, 30.4420696 ], [ 78.9808631, 30.4416256 ], [ 78.9812922, 30.4404416 ], [ 78.9824509, 30.4393686 ], [ 78.9841246, 30.4391651 ], [ 78.9868498, 30.4394056 ], [ 78.9883518, 30.4395166 ], [ 78.9907336, 30.4387211 ], [ 78.9926004, 30.4386841 ], [ 78.9936304, 30.4387766 ], [ 78.9950414, 30.4386884 ] ] } },
{ "type": "Feature", "properties": { "alt_name": null, "area": null, "boat": null, "destination": null, "int_name": null, "intermittent": null, "layer": null, "name": "Badhara Gad", "name:en": null, "name:hi": null, "name:kn": null, "name:ml": null, "plant:source": null, "power": null, "seasonal": null, "waterway": "stream", "wikipedia": null, "osm_id": 1072003183, "source": "OPEN_DATA", "tunnel": null }, "geometry": { "type": "LineString", "coordinates": [ [ 78.9821827, 30.4527062 ], [ 78.984704, 30.452734 ], [ 78.9861846, 30.4524473 ], [ 78.9884376, 30.4510784 ], [ 78.9886951, 30.4496541 ], [ 78.9895534, 30.4481742 ], [ 78.9896393, 30.4471013 ], [ 78.9894032, 30.4459359 ], [ 78.9891779, 30.444863 ], [ 78.9891919, 30.4440704 ], [ 78.9893008, 30.4439818 ], [ 78.9895912, 30.4437262 ], [ 78.9899662, 30.4432882 ], [ 78.9903412, 30.4427406 ], [ 78.9905893, 30.442339 ], [ 78.9909401, 30.4421826 ], [ 78.9914785, 30.4421356 ], [ 78.991787, 30.4418645 ], [ 78.9919321, 30.441442 ], [ 78.9920652, 30.4409466 ], [ 78.9924282, 30.4403208 ], [ 78.9927064, 30.4400496 ], [ 78.9931359, 30.4396584 ], [ 78.9936077, 30.4394654 ], [ 78.9940917, 30.4393611 ], [ 78.9945816, 30.4392881 ], [ 78.9948236, 30.4391734 ], [ 78.9949809, 30.4389648 ], [ 78.9950414, 30.4386884 ] ] } },
{ "type": "Feature", "properties": { "alt_name": null, "area": null, "boat": null, "destination": null, "int_name": null, "intermittent": null, "layer": null, "name": null, "name:en": null, "name:hi": null, "name:kn": null, "name:ml": null, "plant:source": null, "power": null, "seasonal": null, "waterway": "stream", "wikipedia": null, "osm_id": 1072003187, "source": "OPEN_DATA", "tunnel": null }, "geometry": { "type": "LineString", "coordinates": [ [ 78.968997, 30.4659496 ], [ 78.9677095, 30.4686498 ], [ 78.9672803, 30.4702034 ], [ 78.9673662, 30.4722007 ], [ 78.9677953, 30.4739021 ], [ 78.9690399, 30.4750857 ], [ 78.971014, 30.4760104 ], [ 78.9729452, 30.47712 ], [ 78.9732807, 30.4773369 ], [ 78.9752377, 30.4775944 ], [ 78.9761703, 30.4783636 ], [ 78.9778484, 30.4785684 ], [ 78.9788938, 30.4800565 ], [ 78.9800964, 30.4807437 ], [ 78.9810209, 30.4812982 ], [ 78.9823621, 30.4812661 ], [ 78.9836554, 30.4821884 ], [ 78.9839596, 30.4834794 ], [ 78.9845257, 30.4841909 ], [ 78.9851039, 30.4847924 ], [ 78.9854003, 30.485193 ], [ 78.9865922, 30.4855524 ] ] } },
{ "type": "Feature", "properties": { "alt_name": null, "area": null, "boat": null, "destination": null, "int_name": null, "intermittent": null, "layer": null, "name": null, "name:en": null, "name:hi": null, "name:kn": null, "name:ml": null, "plant:source": null, "power": null, "seasonal": null, "waterway": "stream", "wikipedia": null, "osm_id": 1072003186, "source": "OPEN_DATA", "tunnel": null }, "geometry": { "type": "LineString", "coordinates": [ [ 78.9868927, 30.4699814 ], [ 78.985691, 30.4735323 ], [ 78.9847469, 30.4761213 ], [ 78.9836883, 30.4793596 ], [ 78.9838556, 30.479983 ], [ 78.9842212, 30.4813455 ], [ 78.9855802, 30.4828207 ], [ 78.9853477, 30.4838326 ], [ 78.9854003, 30.485193 ] ] } },
{ "type": "Feature", "properties": { "alt_name": null, "area": null, "boat": null, "destination": null, "int_name": null, "intermittent": null, "layer": null, "name": null, "name:en": null, "name:hi": null, "name:kn": null, "name:ml": null, "plant:source": null, "power": null, "seasonal": null, "waterway": "stream", "wikipedia": null, "osm_id": 1072003178, "source": "OPEN_DATA", "tunnel": null }, "geometry": { "type": "LineString", "coordinates": [ [ 78.9337205, 30.4911366 ], [ 78.9320039, 30.490249 ], [ 78.9311027, 30.4895464 ], [ 78.9304161, 30.4879932 ], [ 78.9296007, 30.4864769 ], [ 78.9283561, 30.4854414 ], [ 78.9275837, 30.48411 ], [ 78.9268112, 30.4831115 ], [ 78.925867, 30.4827047 ], [ 78.9239281, 30.4823743 ], [ 78.9231601, 30.4822434 ] ] } },
{ "type": "Feature", "properties": { "alt_name": null, "area": null, "boat": null, "destination": null, "int_name": null, "intermittent": null, "layer": null, "name": null, "name:en": null, "name:hi": null, "name:kn": null, "name:ml": null, "plant:source": null, "power": null, "seasonal": null, "waterway": "stream", "wikipedia": null, "osm_id": 1072003188, "source": "OPEN_DATA", "tunnel": null }, "geometry": { "type": "LineString", "coordinates": [ [ 78.9625167, 30.4881411 ], [ 78.9663362, 30.4888807 ], [ 78.9685249, 30.4896573 ], [ 78.9711427, 30.4899902 ], [ 78.9738464, 30.4885479 ], [ 78.9750396, 30.4873954 ], [ 78.9757037, 30.487044 ], [ 78.9798545, 30.4864399 ], [ 78.9824724, 30.486329 ], [ 78.9844894, 30.4865139 ], [ 78.9860627, 30.4865048 ] ] } },
{ "type": "Feature", "properties": { "alt_name": null, "area": null, "boat": null, "destination": null, "int_name": null, "intermittent": null, "layer": null, "name": "Lastar Gad", "name:en": null, "name:hi": "लस्तर गाद", "name:kn": null, "name:ml": null, "plant:source": null, "power": null, "seasonal": null, "waterway": "river", "wikipedia": null, "osm_id": 862786420, "source": "OPEN_DATA", "tunnel": null }, "geometry": { "type": "LineString", "coordinates": [ [ 78.9125683, 30.6284077 ], [ 78.9122895, 30.6277999 ], [ 78.9124011, 30.6274081 ], [ 78.9124598, 30.6272463 ], [ 78.9125869, 30.6268963 ], [ 78.9126613, 30.6264884 ], [ 78.9128286, 30.6260966 ], [ 78.9130609, 30.6255048 ], [ 78.913126, 30.6250169 ], [ 78.9132903, 30.6244631 ], [ 78.9130702, 30.6235934 ], [ 78.9129215, 30.6231296 ], [ 78.9124011, 30.622042 ], [ 78.9119178, 30.6215301 ], [ 78.9121316, 30.6208423 ], [ 78.9117227, 30.6201705 ], [ 78.9114725, 30.6199226 ], [ 78.9113044, 30.6195019 ], [ 78.9114878, 30.6192784 ], [ 78.9117169, 30.6192127 ], [ 78.9122516, 30.6189497 ], [ 78.9124197, 30.6186342 ], [ 78.9126001, 30.6181696 ], [ 78.9129544, 30.6179505 ], [ 78.9129697, 30.6174378 ], [ 78.9128169, 30.6170039 ], [ 78.9120836, 30.6159653 ], [ 78.9114878, 30.6156629 ], [ 78.9112281, 30.6152684 ], [ 78.9112739, 30.6145058 ], [ 78.9109225, 30.6141114 ], [ 78.91132, 30.6136415 ], [ 78.9111408, 30.6133219 ], [ 78.9114025, 30.6124343 ], [ 78.9113253, 30.612135 ], [ 78.9115927, 30.6115902 ], [ 78.9114538, 30.6112864 ], [ 78.9104107, 30.6105967 ], [ 78.9105253, 30.6104168 ], [ 78.9105253, 30.6097988 ], [ 78.9104642, 30.6088652 ], [ 78.9103878, 30.6082473 ], [ 78.9104642, 30.6079448 ], [ 78.9104947, 30.6073663 ], [ 78.9099916, 30.6056217 ], [ 78.9098684, 30.6038949 ], [ 78.9101892, 30.6036319 ], [ 78.9087019, 30.6017034 ], [ 78.9088448, 30.6012782 ], [ 78.9085851, 30.6008048 ], [ 78.9085392, 30.6000027 ], [ 78.9083712, 30.5995161 ], [ 78.908417, 30.5990822 ], [ 78.9082236, 30.5982009 ], [ 78.908307, 30.5978111 ], [ 78.9080806, 30.5971855 ], [ 78.9080806, 30.5967342 ], [ 78.9083189, 30.5966111 ], [ 78.9089385, 30.5967034 ], [ 78.9095343, 30.5969188 ], [ 78.9098918, 30.5971855 ], [ 78.9100943, 30.597565 ], [ 78.9104637, 30.5977598 ], [ 78.9109046, 30.5977188 ], [ 78.9110118, 30.5970316 ], [ 78.9109403, 30.5961598 ], [ 78.9112621, 30.5955649 ], [ 78.9107497, 30.5946316 ], [ 78.9112859, 30.5940675 ], [ 78.9119599, 30.5931303 ], [ 78.911834, 30.5925392 ], [ 78.9122868, 30.5921084 ], [ 78.9127634, 30.591216 ], [ 78.9113693, 30.5895031 ], [ 78.9114408, 30.5891749 ], [ 78.911977, 30.5888877 ], [ 78.9119889, 30.5884466 ], [ 78.9118221, 30.5882312 ], [ 78.9123106, 30.5877183 ], [ 78.91268, 30.5874721 ], [ 78.9125966, 30.5867541 ], [ 78.9127396, 30.5863438 ], [ 78.9129541, 30.5860566 ], [ 78.9132509, 30.585437 ], [ 78.9137405, 30.5851026 ], [ 78.9155215, 30.584108 ], [ 78.9159521, 30.5837093 ], [ 78.9168358, 30.5835148 ], [ 78.9171855, 30.5826786 ], [ 78.9180667, 30.5829609 ], [ 78.9183877, 30.5826785 ], [ 78.9196484, 30.5836596 ], [ 78.920183, 30.5833788 ], [ 78.9203505, 30.5827736 ], [ 78.9189833, 30.5813893 ], [ 78.9189157, 30.5807288 ], [ 78.9188762, 30.580511 ], [ 78.9187807, 30.5802609 ], [ 78.9184089, 30.5796991 ], [ 78.918557, 30.5792366 ], [ 78.918876, 30.5787734 ], [ 78.9194242, 30.5780143 ], [ 78.9199127, 30.577645 ], [ 78.9203059, 30.5776245 ], [ 78.9207944, 30.5775321 ], [ 78.9207944, 30.5771526 ], [ 78.9207469, 30.576734 ], [ 78.9205324, 30.5766607 ], [ 78.9205184, 30.5765215 ], [ 78.9213187, 30.5761985 ], [ 78.9216762, 30.5758292 ], [ 78.9219502, 30.5754599 ], [ 78.9219497, 30.5751384 ], [ 78.9216936, 30.5744605 ], [ 78.9214376, 30.5737991 ], [ 78.9207078, 30.5726032 ], [ 78.9208103, 30.5724433 ], [ 78.9212392, 30.5722559 ], [ 78.9212456, 30.571815 ], [ 78.9209127, 30.571308 ], [ 78.9207975, 30.5707513 ], [ 78.9209511, 30.570382 ], [ 78.9208551, 30.5702001 ], [ 78.9210859, 30.5699822 ], [ 78.9213483, 30.5698003 ], [ 78.9215212, 30.5695688 ], [ 78.9215916, 30.5692491 ], [ 78.92179, 30.5690562 ], [ 78.9218156, 30.5685712 ], [ 78.9219308, 30.5681027 ], [ 78.9220781, 30.5676838 ], [ 78.9220845, 30.5674138 ], [ 78.9218028, 30.5668736 ], [ 78.9212971, 30.5660964 ], [ 78.9207082, 30.5651649 ], [ 78.9207338, 30.5648728 ], [ 78.9207466, 30.5643767 ], [ 78.9206186, 30.5637814 ], [ 78.9205802, 30.5633074 ], [ 78.9199912, 30.5627728 ], [ 78.9195432, 30.5627728 ], [ 78.9191463, 30.5624475 ], [ 78.9190951, 30.5621168 ], [ 78.9192615, 30.5616262 ], [ 78.9191463, 30.5608601 ], [ 78.9192743, 30.5605128 ], [ 78.9192295, 30.5602096 ], [ 78.9191655, 30.5595206 ], [ 78.9191417, 30.5592382 ], [ 78.9189447, 30.5587435 ], [ 78.9186328, 30.5580721 ], [ 78.9180501, 30.5576198 ], [ 78.9176972, 30.557019 ], [ 78.9171801, 30.5567928 ], [ 78.9163512, 30.5564819 ], [ 78.9161706, 30.5562628 ], [ 78.9164168, 30.5558458 ], [ 78.9169175, 30.5551673 ], [ 78.9175987, 30.5546584 ], [ 78.9179024, 30.5546372 ], [ 78.9179516, 30.5541919 ], [ 78.9175002, 30.5532166 ], [ 78.9168272, 30.5524603 ], [ 78.9165071, 30.5517747 ], [ 78.9163183, 30.5512375 ], [ 78.9155714, 30.5506509 ], [ 78.9149887, 30.5505237 ], [ 78.9147097, 30.5501349 ], [ 78.914447, 30.5493857 ], [ 78.9141105, 30.5488344 ], [ 78.9140777, 30.5483255 ], [ 78.9139464, 30.5478448 ], [ 78.9136002, 30.5471534 ], [ 78.9133801, 30.5467139 ], [ 78.9133801, 30.5460777 ], [ 78.9129122, 30.5451801 ], [ 78.9124161, 30.5447104 ], [ 78.9123684, 30.5439202 ], [ 78.9115343, 30.5434174 ], [ 78.9109386, 30.5430787 ], [ 78.9101164, 30.5430171 ], [ 78.9106764, 30.5419499 ], [ 78.9105334, 30.5415189 ], [ 78.9113318, 30.5405131 ], [ 78.9112007, 30.5398563 ], [ 78.9112722, 30.5394561 ], [ 78.9119156, 30.539179 ], [ 78.9124638, 30.5387172 ], [ 78.9123208, 30.5379885 ], [ 78.9121226, 30.5378292 ], [ 78.9117846, 30.5375575 ], [ 78.9122493, 30.5366852 ], [ 78.9117012, 30.5360386 ], [ 78.9113914, 30.5360797 ], [ 78.9112007, 30.5357102 ], [ 78.9109862, 30.5348378 ], [ 78.9103309, 30.5346942 ], [ 78.9099258, 30.5344273 ], [ 78.9098781, 30.5341194 ], [ 78.9098543, 30.5338526 ], [ 78.9095206, 30.5336679 ], [ 78.9093776, 30.5334626 ], [ 78.9097113, 30.533206 ], [ 78.9106645, 30.5327134 ], [ 78.9106645, 30.5323028 ], [ 78.9096636, 30.5316665 ], [ 78.9099377, 30.5312252 ], [ 78.909747, 30.530517 ], [ 78.9101879, 30.5296959 ], [ 78.9107837, 30.5283719 ], [ 78.9114271, 30.5276842 ], [ 78.9120825, 30.5271711 ], [ 78.9120825, 30.526781 ], [ 78.9126306, 30.5264628 ], [ 78.9129165, 30.5262062 ], [ 78.912988, 30.5258573 ], [ 78.9129285, 30.5253441 ], [ 78.9123089, 30.5249951 ], [ 78.9127378, 30.5242253 ], [ 78.9130357, 30.5233015 ], [ 78.9129523, 30.5225214 ], [ 78.9131429, 30.5218748 ], [ 78.9132621, 30.5209407 ], [ 78.9132502, 30.5200579 ], [ 78.9128808, 30.5192881 ], [ 78.9124876, 30.5184669 ], [ 78.9119871, 30.5182616 ], [ 78.9122612, 30.5174507 ], [ 78.9123446, 30.5169067 ], [ 78.9120705, 30.5166706 ], [ 78.9118441, 30.515952 ], [ 78.9121182, 30.5152643 ], [ 78.9120705, 30.5148023 ], [ 78.9118084, 30.514556 ], [ 78.9116654, 30.5141454 ], [ 78.9117369, 30.5137758 ], [ 78.912285, 30.5134165 ], [ 78.9135123, 30.5126569 ], [ 78.9135481, 30.5123695 ], [ 78.9126067, 30.5115174 ], [ 78.912011, 30.5116406 ], [ 78.9116178, 30.5115482 ], [ 78.9119276, 30.5107578 ], [ 78.9116416, 30.5092077 ], [ 78.9104024, 30.5075651 ], [ 78.910033, 30.5071956 ], [ 78.9101998, 30.5067849 ], [ 78.9108552, 30.5066104 ], [ 78.9112007, 30.5061998 ], [ 78.9113794, 30.5057788 ], [ 78.9122135, 30.5052861 ], [ 78.9130595, 30.5048036 ], [ 78.9133812, 30.5045572 ], [ 78.9133812, 30.5041568 ], [ 78.9126544, 30.5035716 ], [ 78.9123684, 30.5031918 ], [ 78.9126067, 30.5027503 ], [ 78.9119514, 30.5020008 ], [ 78.9121897, 30.5007073 ], [ 78.9126187, 30.4998243 ], [ 78.9123208, 30.4989824 ], [ 78.9121897, 30.4972987 ], [ 78.9126901, 30.4970728 ], [ 78.913691, 30.4964362 ], [ 78.9145355, 30.4962919 ], [ 78.9151734, 30.4956486 ], [ 78.9163549, 30.4950552 ], [ 78.916884, 30.4945618 ], [ 78.9171449, 30.4939997 ], [ 78.9170217, 30.4934188 ], [ 78.9171159, 30.4927568 ], [ 78.917356, 30.4924185 ], [ 78.9176948, 30.49215 ], [ 78.9183023, 30.4915628 ], [ 78.9190733, 30.4910494 ], [ 78.9193965, 30.4904287 ], [ 78.9197898, 30.4903213 ], [ 78.9201636, 30.4896603 ], [ 78.920113, 30.4893079 ], [ 78.9204673, 30.48861 ], [ 78.9205905, 30.4885424 ], [ 78.9210182, 30.4881176 ], [ 78.9210689, 30.4874368 ], [ 78.9211704, 30.4866997 ], [ 78.9214241, 30.4862063 ], [ 78.9218373, 30.4855192 ], [ 78.9231999, 30.4854005 ], [ 78.9236421, 30.4852319 ], [ 78.9234609, 30.4845385 ], [ 78.9229463, 30.4841388 ], [ 78.9231425, 30.4836241 ], [ 78.9232797, 30.4832643 ], [ 78.9231855, 30.4826896 ], [ 78.9231601, 30.4822434 ], [ 78.9231492, 30.4820524 ], [ 78.9225621, 30.4812279 ], [ 78.9217865, 30.4802847 ], [ 78.9213951, 30.4798599 ], [ 78.9203441, 30.4793227 ], [ 78.9202064, 30.478698 ], [ 78.9203876, 30.4781045 ], [ 78.9200469, 30.47718 ], [ 78.9191844, 30.476699 ], [ 78.9190322, 30.4762992 ], [ 78.918764, 30.4759681 ], [ 78.9189017, 30.4755433 ], [ 78.9195033, 30.4748249 ], [ 78.9192786, 30.4743002 ], [ 78.9191771, 30.4737629 ], [ 78.9193511, 30.4730883 ], [ 78.9190394, 30.472476 ], [ 78.9191046, 30.4720013 ], [ 78.918706, 30.4716202 ], [ 78.9186697, 30.4713266 ], [ 78.9190032, 30.4711954 ], [ 78.9191844, 30.4708768 ], [ 78.9190177, 30.4704769 ], [ 78.9191554, 30.469646 ], [ 78.9193873, 30.4695461 ], [ 78.9194163, 30.4693462 ], [ 78.919815, 30.4690463 ], [ 78.9197063, 30.468509 ], [ 78.9191264, 30.4680092 ], [ 78.9191191, 30.4674657 ], [ 78.9187422, 30.4671971 ], [ 78.9185828, 30.4666598 ], [ 78.9185538, 30.466185 ], [ 78.9190974, 30.4657914 ], [ 78.919496, 30.4654415 ], [ 78.9181634, 30.4642303 ], [ 78.91795, 30.464032 ], [ 78.9178893, 30.4635649 ], [ 78.9177997, 30.4632494 ], [ 78.917644, 30.463085 ], [ 78.9179115, 30.4629714 ], [ 78.9179236, 30.462563 ], [ 78.917921, 30.4624448 ], [ 78.9179176, 30.4622882 ], [ 78.918282, 30.4619086 ], [ 78.9185571, 30.461739 ], [ 78.9190094, 30.4616611 ], [ 78.9198348, 30.4615831 ], [ 78.920304, 30.4611689 ], [ 78.9203549, 30.4606085 ], [ 78.9206093, 30.4599799 ], [ 78.9210729, 30.4594146 ], [ 78.9218417, 30.4588883 ], [ 78.9220678, 30.4584497 ], [ 78.9219265, 30.457748 ], [ 78.9220961, 30.4572168 ], [ 78.9221753, 30.4567734 ], [ 78.9232607, 30.4565297 ], [ 78.9235999, 30.4559498 ], [ 78.9241087, 30.4556574 ], [ 78.9243518, 30.4548387 ], [ 78.9246062, 30.4543757 ], [ 78.9247814, 30.4537519 ], [ 78.9251206, 30.4532987 ], [ 78.9263248, 30.4527772 ], [ 78.9267827, 30.4522802 ], [ 78.9266131, 30.451208 ], [ 78.9260534, 30.450901 ], [ 78.9255559, 30.4499652 ], [ 78.9262004, 30.4489564 ], [ 78.9266583, 30.448703 ], [ 78.9271162, 30.4482205 ], [ 78.9270314, 30.4478355 ], [ 78.9260704, 30.4472799 ], [ 78.9256747, 30.4469436 ], [ 78.9249228, 30.4459689 ], [ 78.9240861, 30.4455985 ], [ 78.9241935, 30.4449844 ], [ 78.9246288, 30.4445993 ], [ 78.9261665, 30.444302 ], [ 78.9275515, 30.4439657 ], [ 78.9276759, 30.4436343 ], [ 78.9272406, 30.4428691 ], [ 78.9274498, 30.4423866 ], [ 78.9279699, 30.4421185 ], [ 78.9275176, 30.4413289 ], [ 78.9269919, 30.4407977 ], [ 78.9270314, 30.4405004 ], [ 78.9275515, 30.4399983 ], [ 78.9277664, 30.4389358 ], [ 78.927201, 30.438541 ], [ 78.9260704, 30.4380633 ], [ 78.9255051, 30.4376978 ], [ 78.9254485, 30.4373273 ], [ 78.925202, 30.4372754 ], [ 78.9232236, 30.4373092 ], [ 78.9218329, 30.4368363 ], [ 78.921304, 30.4365324 ], [ 78.9211669, 30.4347928 ], [ 78.9203442, 30.4342693 ], [ 78.9197762, 30.4341342 ], [ 78.9191298, 30.4331377 ], [ 78.9198998, 30.4320881 ], [ 78.9199208, 30.4309993 ], [ 78.9202365, 30.4302644 ], [ 78.9193947, 30.4297018 ], [ 78.9182056, 30.4295113 ], [ 78.9179376, 30.4288341 ], [ 78.9180688, 30.4283135 ], [ 78.9183319, 30.4276784 ], [ 78.918646, 30.4267606 ], [ 78.9183003, 30.4257671 ], [ 78.9184539, 30.4253365 ], [ 78.9180187, 30.4240394 ], [ 78.917513, 30.4234377 ], [ 78.9177818, 30.4230237 ], [ 78.9173977, 30.4213346 ], [ 78.9170264, 30.420628 ], [ 78.9168984, 30.4201533 ], [ 78.9174169, 30.419121 ], [ 78.9171225, 30.4181495 ], [ 78.9162775, 30.4162781 ], [ 78.9160534, 30.4155826 ], [ 78.9158294, 30.414357 ], [ 78.9166552, 30.4139596 ], [ 78.9168216, 30.4136339 ], [ 78.9164439, 30.4130266 ], [ 78.9152853, 30.4128223 ], [ 78.914133, 30.4125518 ], [ 78.9139474, 30.4124249 ], [ 78.9141587, 30.4118286 ], [ 78.9146964, 30.4111883 ], [ 78.9154453, 30.4107521 ], [ 78.9163415, 30.4098743 ], [ 78.9165015, 30.4086487 ], [ 78.9168088, 30.4082678 ], [ 78.9173401, 30.4078648 ], [ 78.9172377, 30.407517 ], [ 78.9153109, 30.4077047 ], [ 78.9144275, 30.4074121 ], [ 78.9142611, 30.4066171 ], [ 78.9143315, 30.405938 ], [ 78.9155285, 30.4049884 ], [ 78.915663, 30.4043811 ], [ 78.9156381, 30.4036291 ], [ 78.915692, 30.4026399 ], [ 78.9163936, 30.4020232 ], [ 78.9171357, 30.4022559 ], [ 78.918242, 30.4028261 ], [ 78.9197666, 30.4028727 ], [ 78.9206031, 30.4024305 ], [ 78.9217095, 30.4006035 ], [ 78.921723, 30.3995561 ], [ 78.9222897, 30.3987183 ], [ 78.9230587, 30.3981946 ], [ 78.9239897, 30.3973334 ], [ 78.9242865, 30.396158 ], [ 78.9246103, 30.3957274 ], [ 78.9248262, 30.3948895 ], [ 78.9259055, 30.3937723 ], [ 78.9265397, 30.392946 ], [ 78.9261619, 30.3920964 ], [ 78.9257571, 30.3915262 ], [ 78.9253658, 30.3910723 ], [ 78.9259055, 30.3903391 ], [ 78.9266071, 30.3901645 ], [ 78.9271603, 30.3896641 ], [ 78.9272682, 30.3881511 ], [ 78.9267286, 30.3871269 ], [ 78.9261079, 30.3864984 ], [ 78.9260539, 30.3858233 ], [ 78.9266206, 30.385125 ], [ 78.9269039, 30.3831929 ], [ 78.9274032, 30.382739 ], [ 78.9276936, 30.3827119 ], [ 78.9279024, 30.3826924 ], [ 78.9286849, 30.3831929 ], [ 78.9296968, 30.3832628 ], [ 78.9300071, 30.3828554 ], [ 78.9300206, 30.3823549 ], [ 78.9304928, 30.38161 ], [ 78.9298587, 30.3811561 ], [ 78.928523, 30.3815052 ], [ 78.9279024, 30.381866 ], [ 78.9271873, 30.3816333 ], [ 78.9268095, 30.3808883 ], [ 78.926877, 30.3791308 ], [ 78.9266153, 30.3782439 ], [ 78.927203, 30.3776018 ], [ 78.9283586, 30.3762161 ], [ 78.9287308, 30.3758443 ], [ 78.9283782, 30.3748304 ], [ 78.9281628, 30.3739685 ], [ 78.9272421, 30.3727687 ], [ 78.9269483, 30.371704 ], [ 78.9275555, 30.3708759 ], [ 78.9292793, 30.3702168 ], [ 78.9301999, 30.3698281 ], [ 78.9315093, 30.3697189 ], [ 78.9324749, 30.367736 ], [ 78.9330991, 30.3670145 ], [ 78.9333872, 30.3664788 ], [ 78.9336624, 30.3663297 ], [ 78.9339761, 30.3657332 ], [ 78.9349287, 30.3646639 ], [ 78.9361303, 30.3638678 ], [ 78.9371174, 30.363479 ], [ 78.9378469, 30.3629791 ], [ 78.938928, 30.3629215 ], [ 78.9396226, 30.362789 ], [ 78.9407439, 30.3624713 ], [ 78.9422167, 30.3619803 ], [ 78.9435723, 30.3618503 ], [ 78.9455136, 30.3614027 ], [ 78.9468525, 30.3607095 ], [ 78.9479236, 30.3605507 ], [ 78.9485428, 30.3613882 ], [ 78.9491453, 30.3620525 ], [ 78.9501996, 30.3632511 ], [ 78.9514381, 30.3633377 ], [ 78.9526263, 30.363381 ], [ 78.9533292, 30.3630489 ], [ 78.9529108, 30.3621536 ], [ 78.9530112, 30.361807 ], [ 78.9533949, 30.3616324 ], [ 78.9540333, 30.3617953 ], [ 78.9546536, 30.3616789 ], [ 78.9554179, 30.36126 ], [ 78.9559483, 30.3605618 ], [ 78.9558404, 30.3595765 ], [ 78.9555977, 30.3590878 ], [ 78.9560652, 30.3583973 ], [ 78.9566047, 30.3580327 ], [ 78.957288, 30.3581025 ], [ 78.9578814, 30.3586688 ], [ 78.958277, 30.3592042 ], [ 78.9588524, 30.359305 ], [ 78.9597335, 30.3599567 ], [ 78.9605157, 30.3599334 ], [ 78.961262, 30.359049 ], [ 78.9615047, 30.3577224 ], [ 78.961217, 30.35645 ], [ 78.961253, 30.3556819 ], [ 78.9615946, 30.3552707 ], [ 78.9624308, 30.3553871 ], [ 78.9630961, 30.3555345 ], [ 78.9635816, 30.3554414 ], [ 78.9639143, 30.3550147 ], [ 78.9634738, 30.354363 ], [ 78.9636536, 30.353913 ], [ 78.9638334, 30.3533001 ], [ 78.9644178, 30.3531217 ], [ 78.9651191, 30.352082 ], [ 78.965191, 30.3511975 ], [ 78.9656945, 30.3507708 ], [ 78.96618, 30.3507553 ], [ 78.9668364, 30.3514303 ], [ 78.9681041, 30.3517251 ], [ 78.9693269, 30.3517561 ], [ 78.9700012, 30.351663 ], [ 78.9711161, 30.3515544 ], [ 78.9724197, 30.3517639 ], [ 78.9734537, 30.3520044 ], [ 78.9743888, 30.352532 ], [ 78.9747933, 30.352726 ], [ 78.9751669, 30.3527075 ] ] } },
{ "type": "Feature", "properties": { "alt_name": null, "area": null, "boat": null, "destination": null, "int_name": null, "intermittent": null, "layer": null, "name": "Chandandawar Gad", "name:en": null, "name:hi": null, "name:kn": null, "name:ml": null, "plant:source": null, "power": null, "seasonal": null, "waterway": "river", "wikipedia": null, "osm_id": 1072003189, "source": "OPEN_DATA", "tunnel": null }, "geometry": { "type": "LineString", "coordinates": [ [ 78.9644908, 30.5785191 ], [ 78.9639329, 30.5777432 ], [ 78.9636325, 30.5758219 ], [ 78.9644908, 30.5738267 ], [ 78.9632034, 30.5725704 ], [ 78.9619159, 30.5690232 ], [ 78.9626026, 30.5674713 ], [ 78.9626455, 30.5664366 ], [ 78.9614868, 30.5658085 ], [ 78.9613151, 30.5648846 ], [ 78.9632892, 30.5644782 ], [ 78.9642334, 30.5636652 ], [ 78.9639329, 30.5620023 ], [ 78.9643621, 30.5602285 ], [ 78.9665937, 30.5585286 ], [ 78.9671087, 30.55657 ], [ 78.9668083, 30.5546852 ], [ 78.9677524, 30.5539831 ], [ 78.9690399, 30.5542418 ], [ 78.9697265, 30.5533918 ], [ 78.9695978, 30.5522831 ], [ 78.9695978, 30.549696 ], [ 78.9701557, 30.5484764 ], [ 78.9696407, 30.5474785 ], [ 78.9693403, 30.5457784 ], [ 78.9679241, 30.5438195 ], [ 78.9666366, 30.5410844 ], [ 78.9665876, 30.5407345 ], [ 78.9663362, 30.5389406 ], [ 78.966465, 30.537499 ], [ 78.9689111, 30.5360575 ], [ 78.9697265, 30.5340245 ], [ 78.9714002, 30.5312891 ], [ 78.9738035, 30.5291451 ], [ 78.9756059, 30.5244872 ], [ 78.9743614, 30.5206425 ], [ 78.9754343, 30.5182395 ], [ 78.976078, 30.515097 ], [ 78.9749193, 30.5130635 ], [ 78.9734172, 30.509699 ], [ 78.9723873, 30.5081831 ], [ 78.9731168, 30.5048923 ], [ 78.9741039, 30.5013426 ], [ 78.9765071, 30.4993829 ], [ 78.9789962, 30.4968314 ], [ 78.9798975, 30.4938916 ], [ 78.9813137, 30.4925788 ], [ 78.983953, 30.4918577 ], [ 78.9850473, 30.4900826 ], [ 78.9856052, 30.4873275 ], [ 78.9860627, 30.4865048 ], [ 78.9865922, 30.4855524 ], [ 78.9889097, 30.4857742 ], [ 78.9901113, 30.4854044 ], [ 78.9912271, 30.4856263 ], [ 78.9935445, 30.4848127 ], [ 78.9947748, 30.4851052 ], [ 78.9960336, 30.4854044 ], [ 78.9974498, 30.4849606 ], [ 78.9991665, 30.485127 ], [ 79.0014624, 30.4846647 ], [ 79.0059686, 30.4832779 ], [ 79.0086079, 30.482529 ], [ 79.0107725, 30.4816735 ], [ 79.0109445, 30.4816055 ], [ 79.0114722, 30.4814321 ], [ 79.0116377, 30.481247 ], [ 79.0116556, 30.4809849 ], [ 79.0119106, 30.4806727 ], [ 79.0122326, 30.4805224 ], [ 79.012501, 30.4804145 ], [ 79.012766, 30.4801209 ] ] } },
{ "type": "Feature", "properties": { "alt_name": null, "area": null, "boat": null, "destination": null, "int_name": null, "intermittent": null, "layer": null, "name": null, "name:en": null, "name:hi": null, "name:kn": null, "name:ml": null, "plant:source": null, "power": null, "seasonal": null, "waterway": "stream", "wikipedia": null, "osm_id": 1072003179, "source": "OPEN_DATA", "tunnel": null }, "geometry": { "type": "LineString", "coordinates": [ [ 78.8726091, 30.5009729 ], [ 78.8739395, 30.5003073 ], [ 78.8759136, 30.500714 ], [ 78.8781452, 30.5012687 ], [ 78.8798189, 30.5014166 ], [ 78.8819217, 30.5016385 ], [ 78.8829517, 30.5019343 ], [ 78.8850116, 30.5014906 ], [ 78.8857841, 30.5013796 ], [ 78.8873291, 30.5017124 ], [ 78.8890028, 30.5014906 ], [ 78.8901186, 30.5020082 ], [ 78.8921785, 30.5020082 ], [ 78.893423, 30.5029696 ], [ 78.8953971, 30.5032654 ], [ 78.8988304, 30.5025629 ], [ 78.9013195, 30.5017124 ], [ 78.9033365, 30.5012317 ], [ 78.9050531, 30.5014536 ], [ 78.9064693, 30.5017864 ], [ 78.9081859, 30.5029326 ], [ 78.909173, 30.5048184 ], [ 78.9095592, 30.5059276 ], [ 78.9101998, 30.5067849 ] ] } },
{ "type": "Feature", "properties": { "alt_name": null, "area": null, "boat": null, "destination": null, "int_name": null, "intermittent": null, "layer": null, "name": "Sakhiana Gad", "name:en": null, "name:hi": null, "name:kn": null, "name:ml": null, "plant:source": null, "power": null, "seasonal": null, "waterway": "stream", "wikipedia": null, "osm_id": 1072003193, "source": "OPEN_DATA", "tunnel": null }, "geometry": { "type": "LineString", "coordinates": [ [ 78.8671588, 30.532398 ], [ 78.8698196, 30.5309194 ], [ 78.8719225, 30.5316587 ], [ 78.8751411, 30.5318066 ], [ 78.8778448, 30.531326 ], [ 78.8801622, 30.5312151 ], [ 78.8815784, 30.5312151 ], [ 78.8844108, 30.531363 ], [ 78.8861703, 30.532398 ], [ 78.8881015, 30.5322871 ], [ 78.8899469, 30.5321393 ], [ 78.8924789, 30.5325459 ], [ 78.8946247, 30.533507 ], [ 78.8987875, 30.5340245 ], [ 78.9007616, 30.5343571 ], [ 78.9029932, 30.5354291 ], [ 78.9045381, 30.5366859 ], [ 78.9060401, 30.5373142 ], [ 78.9083576, 30.5374251 ], [ 78.9100313, 30.5381274 ], [ 78.9121226, 30.5378292 ] ] } },
{ "type": "Feature", "properties": { "alt_name": null, "area": null, "boat": null, "destination": null, "int_name": null, "intermittent": null, "layer": null, "name": null, "name:en": null, "name:hi": null, "name:kn": null, "name:ml": null, "plant:source": null, "power": null, "seasonal": null, "waterway": "stream", "wikipedia": null, "osm_id": 1072003180, "source": "OPEN_DATA", "tunnel": null }, "geometry": { "type": "LineString", "coordinates": [ [ 78.8690471, 30.5525048 ], [ 78.872137, 30.5535026 ], [ 78.8740682, 30.5535396 ], [ 78.8757419, 30.5533918 ], [ 78.8776731, 30.5540939 ], [ 78.8790035, 30.5541679 ], [ 78.8802909, 30.5539461 ], [ 78.8820934, 30.5545374 ], [ 78.8835954, 30.5550548 ], [ 78.8862133, 30.554907 ], [ 78.8884449, 30.5556461 ], [ 78.8897323, 30.5563113 ], [ 78.8902902, 30.5577156 ], [ 78.8912773, 30.5586764 ], [ 78.8929939, 30.559046 ] ] } },
{ "type": "Feature", "properties": { "alt_name": null, "area": null, "boat": null, "destination": null, "int_name": null, "intermittent": null, "layer": null, "name": "Baja Gad", "name:en": null, "name:hi": null, "name:kn": null, "name:ml": null, "plant:source": null, "power": null, "seasonal": null, "waterway": "stream", "wikipedia": null, "osm_id": 1072003181, "source": "OPEN_DATA", "tunnel": null }, "geometry": { "type": "LineString", "coordinates": [ [ 78.8818359, 30.5734203 ], [ 78.8840246, 30.5730138 ], [ 78.8866424, 30.572164 ], [ 78.8877153, 30.5708708 ], [ 78.8881015, 30.5700578 ], [ 78.8894319, 30.5687276 ], [ 78.8900756, 30.5673974 ], [ 78.8898611, 30.566141 ], [ 78.8894319, 30.5648846 ], [ 78.8901615, 30.5637391 ], [ 78.8917923, 30.5630001 ], [ 78.8925647, 30.5613002 ], [ 78.8929939, 30.559046 ], [ 78.8949251, 30.5587873 ], [ 78.8974142, 30.5571982 ], [ 78.8977146, 30.5559048 ], [ 78.8977146, 30.5543526 ], [ 78.8974571, 30.5528005 ], [ 78.8981008, 30.5525048 ], [ 78.8991737, 30.5528005 ], [ 78.8994741, 30.5538352 ], [ 78.8998603, 30.5545374 ], [ 78.9003324, 30.5542418 ], [ 78.9002895, 30.5529113 ], [ 78.9008903, 30.5516917 ], [ 78.9026069, 30.5509526 ], [ 78.9041519, 30.5508417 ], [ 78.9060792, 30.5510545 ], [ 78.9066624, 30.5511189 ], [ 78.9087867, 30.5499547 ], [ 78.9107608, 30.5493634 ], [ 78.9124761, 30.5491418 ], [ 78.9133358, 30.5490308 ], [ 78.9136002, 30.5471534 ] ] } },
{ "type": "Feature", "properties": { "alt_name": null, "area": null, "boat": null, "destination": null, "int_name": null, "intermittent": null, "layer": null, "name": "Sargas Gadna", "name:en": null, "name:hi": null, "name:kn": null, "name:ml": null, "plant:source": null, "power": null, "seasonal": null, "waterway": "stream", "wikipedia": null, "osm_id": 1072003195, "source": "OPEN_DATA", "tunnel": null }, "geometry": { "type": "LineString", "coordinates": [ [ 78.9483547, 30.5255963 ], [ 78.9501571, 30.5261508 ], [ 78.9511013, 30.5271119 ], [ 78.9534187, 30.527075 ], [ 78.9541912, 30.5277034 ], [ 78.9565944, 30.5286275 ], [ 78.958311, 30.5289972 ], [ 78.9594268, 30.5295517 ], [ 78.9611005, 30.5297735 ], [ 78.9626455, 30.5304758 ], [ 78.9657569, 30.5318805 ], [ 78.9676666, 30.5331743 ], [ 78.9697265, 30.5340245 ] ] } },
{ "type": "Feature", "properties": { "alt_name": null, "area": null, "boat": null, "destination": null, "int_name": null, "intermittent": null, "layer": null, "name": "Tala Gad", "name:en": null, "name:hi": null, "name:kn": null, "name:ml": null, "plant:source": null, "power": null, "seasonal": null, "waterway": "stream", "wikipedia": null, "osm_id": 1072003191, "source": "OPEN_DATA", "tunnel": null }, "geometry": { "type": "LineString", "coordinates": [ [ 78.9946174, 30.5435608 ], [ 78.9918708, 30.5422302 ], [ 78.9901113, 30.5413061 ], [ 78.9892959, 30.539532 ], [ 78.987751, 30.538534 ], [ 78.9865493, 30.537499 ], [ 78.985176, 30.536538 ], [ 78.9827299, 30.5359096 ], [ 78.9816999, 30.5346898 ], [ 78.9804983, 30.5340614 ], [ 78.9790391, 30.5323241 ], [ 78.9772367, 30.5309194 ], [ 78.9757776, 30.530254 ], [ 78.9738035, 30.5291451 ] ] } },
{ "type": "Feature", "properties": { "alt_name": null, "area": null, "boat": null, "destination": null, "int_name": null, "intermittent": null, "layer": null, "name": null, "name:en": null, "name:hi": null, "name:kn": null, "name:ml": null, "plant:source": null, "power": null, "seasonal": null, "waterway": "stream", "wikipedia": null, "osm_id": 1072003190, "source": "OPEN_DATA", "tunnel": null }, "geometry": { "type": "LineString", "coordinates": [ [ 78.9436769, 30.5406778 ], [ 78.9485693, 30.5415649 ], [ 78.9521312, 30.5429324 ], [ 78.9538908, 30.5430803 ], [ 78.9567232, 30.5425998 ], [ 78.9586973, 30.5418236 ], [ 78.9601993, 30.5413801 ], [ 78.962903, 30.5418975 ], [ 78.9646625, 30.541454 ], [ 78.9665876, 30.5407345 ] ] } },
{ "type": "Feature", "properties": { "alt_name": null, "area": null, "boat": null, "destination": null, "int_name": null, "intermittent": null, "layer": null, "name": null, "name:en": null, "name:hi": null, "name:kn": null, "name:ml": null, "plant:source": null, "power": null, "seasonal": null, "waterway": "stream", "wikipedia": null, "osm_id": 1072003194, "source": "OPEN_DATA", "tunnel": null }, "geometry": { "type": "LineString", "coordinates": [ [ 78.9326476, 30.5445218 ], [ 78.9280128, 30.5469611 ], [ 78.9240646, 30.5489569 ], [ 78.9204597, 30.5504352 ], [ 78.9165071, 30.5517747 ] ] } },
{ "type": "Feature", "properties": { "alt_name": null, "area": null, "boat": null, "destination": null, "int_name": null, "intermittent": null, "layer": null, "name": null, "name:en": null, "name:hi": null, "name:kn": null, "name:ml": null, "plant:source": null, "power": null, "seasonal": null, "waterway": "stream", "wikipedia": null, "osm_id": 1072003182, "source": "OPEN_DATA", "tunnel": null }, "geometry": { "type": "LineString", "coordinates": [ [ 78.9389133, 30.5787778 ], [ 78.9380121, 30.5781127 ], [ 78.9369392, 30.5780019 ], [ 78.9360809, 30.5776324 ], [ 78.9352226, 30.5766348 ], [ 78.9338493, 30.5767826 ], [ 78.9327764, 30.5764131 ], [ 78.9318323, 30.5766348 ], [ 78.9296436, 30.5759328 ], [ 78.9288711, 30.5762653 ], [ 78.9275837, 30.5764131 ], [ 78.926382, 30.5760067 ], [ 78.9249658, 30.5761545 ], [ 78.9231634, 30.5758219 ], [ 78.9219502, 30.5754599 ] ] } },
{ "type": "Feature", "properties": { "alt_name": null, "area": null, "boat": null, "destination": null, "int_name": null, "intermittent": null, "layer": null, "name": null, "name:en": null, "name:hi": null, "name:kn": null, "name:ml": null, "plant:source": null, "power": null, "seasonal": null, "waterway": "stream", "wikipedia": null, "osm_id": 1071328261, "source": "OPEN_DATA", "tunnel": null }, "geometry": { "type": "LineString", "coordinates": [ [ 78.9615726, 30.5900829 ], [ 78.9614868, 30.5927058 ], [ 78.9611864, 30.595144 ], [ 78.960371, 30.5979514 ], [ 78.9606285, 30.5987641 ], [ 78.9623451, 30.6006111 ], [ 78.9637613, 30.60364 ], [ 78.9637613, 30.606004 ] ] } },
{ "type": "Feature", "properties": { "alt_name": null, "area": null, "boat": null, "destination": null, "int_name": null, "intermittent": null, "layer": null, "name": "Kaldungi Nala", "name:en": null, "name:hi": null, "name:kn": null, "name:ml": null, "plant:source": null, "power": null, "seasonal": null, "waterway": "stream", "wikipedia": null, "osm_id": 226836937, "source": "OPEN_DATA", "tunnel": null }, "geometry": { "type": "LineString", "coordinates": [ [ 78.9792108, 30.5832483 ], [ 78.9805412, 30.5851694 ], [ 78.9814853, 30.5864255 ], [ 78.9815712, 30.5883466 ], [ 78.9825582, 30.5901199 ], [ 78.9834594, 30.5916715 ], [ 78.985846, 30.5925543 ], [ 78.9889312, 30.5941281 ], [ 78.9905405, 30.5957904 ], [ 78.9911281, 30.5972971 ], [ 78.9938933, 30.5985989 ], [ 78.9982223, 30.6013129 ], [ 79.0006685, 30.6043049 ], [ 79.0045377, 30.606235 ], [ 79.0100973, 30.6097605 ], [ 79.0116755, 30.6112546 ], [ 79.0148066, 30.6130377 ], [ 79.0159876, 30.613926 ], [ 79.0164991, 30.6147584 ], [ 79.0173732, 30.6156147 ], [ 79.0185729, 30.6156307 ], [ 79.0195202, 30.6155187 ] ] } },
{ "type": "Feature", "properties": { "alt_name": null, "area": null, "boat": null, "destination": null, "int_name": null, "intermittent": null, "layer": null, "name": null, "name:en": null, "name:hi": null, "name:kn": null, "name:ml": null, "plant:source": null, "power": null, "seasonal": null, "waterway": "stream", "wikipedia": null, "osm_id": 1071328263, "source": "OPEN_DATA", "tunnel": null }, "geometry": { "type": "LineString", "coordinates": [ [ 78.9454794, 30.6011651 ], [ 78.9459514, 30.60183 ], [ 78.947668, 30.6022733 ], [ 78.9487409, 30.60364 ], [ 78.9511442, 30.6041941 ], [ 78.951745, 30.6046373 ], [ 78.9526891, 30.6047481 ], [ 78.9544916, 30.6044341 ], [ 78.9560795, 30.6048958 ], [ 78.958075, 30.6042494 ], [ 78.959105, 30.6045819 ], [ 78.9609289, 30.6055792 ], [ 78.9637613, 30.606004 ], [ 78.9652633, 30.6071859 ], [ 78.966465, 30.6086634 ] ] } },
{ "type": "Feature", "properties": { "alt_name": null, "area": null, "boat": null, "destination": null, "int_name": null, "intermittent": null, "layer": null, "name": null, "name:en": null, "name:hi": null, "name:kn": null, "name:ml": null, "plant:source": null, "power": null, "seasonal": null, "waterway": "stream", "wikipedia": null, "osm_id": 1071328262, "source": "OPEN_DATA", "tunnel": null }, "geometry": { "type": "LineString", "coordinates": [ [ 78.9434302, 30.6148684 ], [ 78.9440203, 30.6144529 ], [ 78.9445996, 30.614259 ], [ 78.9457369, 30.6139727 ], [ 78.9468527, 30.6141574 ], [ 78.9480221, 30.6144529 ], [ 78.9495456, 30.6143605 ], [ 78.9513802, 30.6142774 ], [ 78.9539766, 30.6147391 ], [ 78.9580535, 30.6140558 ], [ 78.9610576, 30.6140928 ], [ 78.9641904, 30.6132433 ], [ 78.9662075, 30.6123938 ], [ 78.9670658, 30.6120983 ], [ 78.969469, 30.6121353 ], [ 78.9711449, 30.6129542 ] ] } },
{ "type": "Feature", "properties": { "alt_name": null, "area": null, "boat": null, "destination": null, "int_name": null, "intermittent": null, "layer": null, "name": "Pati Gad", "name:en": null, "name:hi": null, "name:kn": null, "name:ml": null, "plant:source": null, "power": null, "seasonal": null, "waterway": "stream", "wikipedia": null, "osm_id": 226836176, "source": "OPEN_DATA", "tunnel": null }, "geometry": { "type": "LineString", "coordinates": [ [ 78.9355016, 30.6060224 ], [ 78.9379048, 30.6056161 ], [ 78.940233, 30.6056161 ], [ 78.9435375, 30.6055884 ], [ 78.9441919, 30.6060039 ], [ 78.9472067, 30.606872 ], [ 78.9491486, 30.6076661 ], [ 78.9511013, 30.6089219 ], [ 78.9524746, 30.6102516 ], [ 78.9544701, 30.6108795 ], [ 78.9568734, 30.6109534 ], [ 78.9594483, 30.6112304 ], [ 78.9618087, 30.6098822 ], [ 78.9633107, 30.6096791 ], [ 78.9643836, 30.6096976 ], [ 78.966465, 30.6086634 ], [ 78.9686966, 30.6093282 ], [ 78.9698982, 30.6107687 ], [ 78.9711856, 30.6121353 ], [ 78.9711449, 30.6129542 ], [ 78.9711213, 30.613428 ], [ 78.971529, 30.6145729 ], [ 78.9725804, 30.6151638 ], [ 78.9745331, 30.615607 ], [ 78.9755201, 30.6163088 ], [ 78.9764428, 30.6170382 ], [ 78.9780736, 30.6170105 ], [ 78.9791894, 30.6173613 ], [ 78.9804554, 30.6172505 ], [ 78.9816141, 30.6166411 ], [ 78.9825153, 30.6159764 ], [ 78.9830089, 30.6157086 ], [ 78.9835989, 30.6158286 ], [ 78.984071, 30.6161426 ], [ 78.9847524, 30.6164131 ], [ 78.9854964, 30.6159169 ], [ 78.9864635, 30.6159649 ], [ 78.9878399, 30.6168293 ], [ 78.9885838, 30.6171814 ], [ 78.9893092, 30.6180297 ], [ 78.9903507, 30.6184299 ], [ 78.9916155, 30.6192622 ], [ 78.9929174, 30.6201745 ], [ 78.9932708, 30.6211188 ], [ 78.9942379, 30.6225753 ], [ 78.9952981, 30.6231035 ], [ 78.9958932, 30.6231035 ], [ 78.9975857, 30.6231195 ], [ 78.9988877, 30.6231355 ], [ 78.9996502, 30.6234396 ], [ 78.9998734, 30.6238557 ], [ 78.9997804, 30.6243519 ], [ 79.000108, 30.6246806 ], [ 79.0016017, 30.6245986 ], [ 79.0037645, 30.6254554 ] ] } },
{ "type": "Feature", "properties": { "alt_name": null, "area": null, "boat": null, "destination": null, "int_name": null, "intermittent": null, "layer": null, "name": null, "name:en": null, "name:hi": null, "name:kn": null, "name:ml": null, "plant:source": null, "power": null, "seasonal": null, "waterway": "stream", "wikipedia": null, "osm_id": 1071328264, "source": "OPEN_DATA", "tunnel": null }, "geometry": { "type": "LineString", "coordinates": [ [ 78.9351153, 30.6151454 ], [ 78.9356088, 30.6166412 ], [ 78.9356947, 30.6170105 ], [ 78.936553, 30.6183031 ], [ 78.9374971, 30.6200574 ], [ 78.9384413, 30.6212946 ], [ 78.939321, 30.6234181 ], [ 78.9397502, 30.623972 ], [ 78.9408016, 30.6249691 ], [ 78.942883, 30.626077 ], [ 78.9444709, 30.6279788 ], [ 78.9453935, 30.629419 ], [ 78.9479041, 30.6303791 ], [ 78.9499855, 30.6315239 ], [ 78.9511871, 30.6322624 ], [ 78.9525604, 30.6338872 ], [ 78.9549207, 30.634478 ], [ 78.9561224, 30.6355119 ], [ 78.9559078, 30.6367305 ], [ 78.9558649, 30.6379121 ], [ 78.9572382, 30.6391306 ], [ 78.9604997, 30.6412721 ], [ 78.9623666, 30.6426752 ], [ 78.9628601, 30.6448536 ], [ 78.9619159, 30.6472166 ], [ 78.9625482, 30.6491856 ] ] } },
{ "type": "Feature", "properties": { "alt_name": null, "area": null, "boat": null, "destination": null, "int_name": null, "intermittent": null, "layer": null, "name": "Vasuki Ganga", "name:en": null, "name:hi": null, "name:kn": null, "name:ml": null, "plant:source": null, "power": null, "seasonal": null, "waterway": "stream", "wikipedia": null, "osm_id": 1110468762, "source": "OPEN_DATA", "tunnel": null }, "geometry": { "type": "LineString", "coordinates": [ [ 78.987186, 30.6428442 ], [ 78.9870965, 30.6423429 ], [ 78.9871968, 30.641942 ], [ 78.9879548, 30.6417337 ], [ 78.9884376, 30.6413275 ], [ 78.9896393, 30.6412721 ], [ 78.9900362, 30.641189 ], [ 78.9899397, 30.6408106 ], [ 78.9893877, 30.6399993 ], [ 78.9892094, 30.6390151 ], [ 78.9897319, 30.638352 ], [ 78.990214, 30.6383094 ], [ 78.9909112, 30.6391087 ], [ 78.9924271, 30.6402289 ], [ 78.9938685, 30.641333 ], [ 78.9956075, 30.641213 ], [ 78.9966583, 30.6420131 ], [ 78.9979231, 30.6416531 ], [ 78.9988073, 30.641303 ], [ 78.999145, 30.6410321 ], [ 78.9992512, 30.6407441 ], [ 78.999079, 30.6402175 ], [ 78.9985894, 30.6399235 ], [ 78.9979756, 30.6396106 ], [ 78.9977894, 30.6392064 ], [ 78.9978932, 30.6386783 ], [ 78.9984155, 30.6379767 ], [ 78.9984146, 30.637543 ], [ 78.9977013, 30.6372666 ], [ 78.9974509, 30.6371053 ], [ 78.9974509, 30.6367532 ], [ 78.9976888, 30.6360792 ], [ 78.9979863, 30.6357519 ], [ 78.9991555, 30.6355355 ], [ 79.0000893, 30.6352639 ], [ 79.0003637, 30.6351329 ], [ 79.0004714, 30.6348282 ] ] } },
{ "type": "Feature", "properties": { "alt_name": null, "area": null, "boat": null, "destination": null, "int_name": null, "intermittent": null, "layer": null, "name": null, "name:en": null, "name:hi": null, "name:kn": null, "name:ml": null, "plant:source": null, "power": null, "seasonal": null, "waterway": "stream", "wikipedia": null, "osm_id": 226839285, "source": "OPEN_DATA", "tunnel": null }, "geometry": { "type": "LineString", "coordinates": [ [ 79.0049199, 30.6418238 ], [ 79.0049364, 30.641401 ], [ 79.0049364, 30.6405769 ], [ 79.0050759, 30.6394167 ], [ 79.0049736, 30.6383045 ], [ 79.0051038, 30.6376004 ], [ 79.00539, 30.6368149 ] ] } },
{ "type": "Feature", "properties": { "alt_name": null, "area": null, "boat": null, "destination": null, "int_name": null, "intermittent": null, "layer": null, "name": null, "name:en": null, "name:hi": null, "name:kn": null, "name:ml": null, "plant:source": null, "power": null, "seasonal": null, "waterway": "stream", "wikipedia": null, "osm_id": 1071328265, "source": "OPEN_DATA", "tunnel": null }, "geometry": { "type": "LineString", "coordinates": [ [ 78.9149236, 30.6496903 ], [ 78.9162111, 30.6500595 ], [ 78.9192152, 30.6499118 ], [ 78.922348, 30.6491734 ], [ 78.9261245, 30.6479919 ], [ 78.928914, 30.647032 ], [ 78.9307594, 30.6477335 ], [ 78.9326047, 30.6474751 ], [ 78.9340639, 30.6485088 ], [ 78.9354372, 30.6482135 ], [ 78.938055, 30.6472535 ], [ 78.939557, 30.648878 ], [ 78.9409303, 30.6505394 ], [ 78.9418315, 30.6511671 ], [ 78.9438486, 30.6510932 ], [ 78.9453935, 30.6531976 ], [ 78.9467668, 30.654859 ], [ 78.9473033, 30.6560957 ] ] } },
{ "type": "Feature", "properties": { "alt_name": null, "area": null, "boat": null, "destination": null, "int_name": null, "intermittent": null, "layer": null, "name": "Siha Gad", "name:en": null, "name:hi": null, "name:kn": null, "name:ml": null, "plant:source": null, "power": null, "seasonal": null, "waterway": "stream", "wikipedia": null, "osm_id": 686174810, "source": "OPEN_DATA", "tunnel": null }, "geometry": { "type": "LineString", "coordinates": [ [ 78.9253091, 30.6849425 ], [ 78.9262104, 30.683983 ], [ 78.9263391, 30.6825805 ], [ 78.9259529, 30.6797755 ], [ 78.9266181, 30.6778931 ], [ 78.9272725, 30.6766382 ], [ 78.9282059, 30.6746081 ], [ 78.9283561, 30.6737592 ], [ 78.9283561, 30.6716737 ], [ 78.9290428, 30.6706955 ], [ 78.9291072, 30.6699388 ], [ 78.9287209, 30.6683516 ], [ 78.92959, 30.6676594 ], [ 78.9309847, 30.6664044 ], [ 78.9320469, 30.6664967 ], [ 78.9331198, 30.6660537 ], [ 78.9342463, 30.6648632 ], [ 78.9362419, 30.6650939 ], [ 78.9370894, 30.6651955 ], [ 78.9381194, 30.6644203 ], [ 78.9385271, 30.6634605 ], [ 78.9383983, 30.6620577 ], [ 78.9397716, 30.6607657 ], [ 78.9402866, 30.6594736 ], [ 78.9414453, 30.6581446 ], [ 78.9433551, 30.6581261 ], [ 78.9449429, 30.6577385 ], [ 78.9459944, 30.6570555 ], [ 78.9473033, 30.6560957 ], [ 78.9478183, 30.656391 ], [ 78.9490628, 30.6564649 ], [ 78.9502215, 30.6551912 ], [ 78.95123, 30.6555235 ], [ 78.951981, 30.6562987 ], [ 78.9524531, 30.6564833 ], [ 78.953247, 30.6559111 ], [ 78.9542341, 30.6559296 ], [ 78.9546203, 30.6567048 ], [ 78.9551997, 30.6573324 ], [ 78.9556074, 30.6572586 ], [ 78.9562297, 30.6564095 ], [ 78.9568949, 30.6551912 ], [ 78.9570021, 30.6543605 ], [ 78.9564228, 30.653253 ], [ 78.9565515, 30.6528469 ], [ 78.9574098, 30.6529576 ], [ 78.9581394, 30.6532899 ], [ 78.9587617, 30.6538991 ], [ 78.9600277, 30.6544159 ], [ 78.9610576, 30.6548774 ], [ 78.9618516, 30.655745 ], [ 78.9623236, 30.6557265 ], [ 78.9628601, 30.6551358 ], [ 78.9626026, 30.6531976 ], [ 78.9622163, 30.6520531 ], [ 78.9614868, 30.650281 ], [ 78.9621734, 30.6492472 ], [ 78.9625482, 30.6491856 ], [ 78.9631283, 30.6490903 ], [ 78.9637238, 30.6491457 ], [ 78.9644587, 30.6491503 ], [ 78.9645445, 30.6493026 ], [ 78.9647108, 30.6495472 ], [ 78.9648986, 30.6496533 ], [ 78.9655209, 30.6495933 ], [ 78.9662933, 30.6495887 ], [ 78.9667386, 30.6497364 ], [ 78.9674145, 30.6501287 ], [ 78.9677364, 30.6504194 ], [ 78.9677042, 30.6506917 ], [ 78.9675808, 30.6511347 ], [ 78.9679348, 30.6517439 ], [ 78.9679241, 30.6520531 ], [ 78.9680207, 30.6521177 ], [ 78.9688522, 30.6519054 ], [ 78.9690453, 30.6518131 ], [ 78.9692438, 30.6514486 ], [ 78.9700055, 30.6509594 ], [ 78.9709067, 30.6507979 ], [ 78.9712501, 30.6505809 ], [ 78.9718348, 30.6506779 ], [ 78.9719528, 30.6508255 ], [ 78.9735728, 30.650604 ], [ 78.9738679, 30.6506732 ], [ 78.9741468, 30.6510609 ], [ 78.9744848, 30.6510932 ], [ 78.9748281, 30.6509825 ], [ 78.9762819, 30.650281 ], [ 78.9773977, 30.6503733 ], [ 78.9783311, 30.6499948 ], [ 78.9788943, 30.6501425 ], [ 78.9791357, 30.6503271 ], [ 78.979302, 30.6504702 ], [ 78.9793611, 30.651347 ], [ 78.9795649, 30.6514901 ], [ 78.9798438, 30.6516885 ], [ 78.9803588, 30.6517439 ], [ 78.9805841, 30.6517208 ], [ 78.9806378, 30.6516332 ], [ 78.9807558, 30.6510701 ], [ 78.980568, 30.6505763 ], [ 78.9805144, 30.6502856 ], [ 78.9806378, 30.6495195 ], [ 78.9810026, 30.6492703 ], [ 78.981201, 30.648938 ], [ 78.981244, 30.6486796 ], [ 78.9822257, 30.6483611 ], [ 78.982805, 30.6483427 ], [ 78.9829928, 30.6484488 ], [ 78.9837545, 30.6488642 ], [ 78.9839101, 30.6490303 ], [ 78.9850956, 30.6492334 ], [ 78.9856696, 30.6489888 ], [ 78.9856964, 30.6488226 ], [ 78.9856267, 30.648075 ], [ 78.9850795, 30.6476135 ], [ 78.9844787, 30.6473735 ], [ 78.9841783, 30.647152 ], [ 78.9840066, 30.6469027 ], [ 78.9841837, 30.6464782 ], [ 78.9845055, 30.645832 ], [ 78.9846879, 30.6454951 ], [ 78.9850849, 30.6455413 ], [ 78.9855945, 30.6457167 ], [ 78.9860773, 30.6457259 ], [ 78.9865869, 30.6451951 ], [ 78.9869571, 30.6449044 ], [ 78.9873701, 30.6448167 ], [ 78.9875364, 30.6449044 ], [ 78.9882499, 30.6452874 ], [ 78.9886576, 30.6456751 ], [ 78.9889687, 30.6458736 ], [ 78.9897791, 30.6460301 ] ] } },
{ "type": "Feature", "properties": { "alt_name": null, "area": null, "boat": null, "destination": null, "int_name": null, "intermittent": null, "layer": null, "name": "Sina Gad", "name:en": null, "name:hi": null, "name:kn": null, "name:ml": null, "plant:source": null, "power": null, "seasonal": null, "waterway": "stream", "wikipedia": null, "osm_id": 226848774, "source": "OPEN_DATA", "tunnel": null }, "geometry": { "type": "LineString", "coordinates": [ [ 78.9315212, 30.7000315 ], [ 78.9318645, 30.7000223 ], [ 78.932063, 30.7001514 ], [ 78.9323205, 30.7001561 ], [ 78.932476, 30.7002621 ], [ 78.9330018, 30.7003544 ], [ 78.9333558, 30.7006358 ], [ 78.9335221, 30.700931 ], [ 78.933683, 30.7010324 ], [ 78.9341819, 30.7010324 ], [ 78.9346862, 30.7011893 ], [ 78.9351851, 30.7012631 ], [ 78.9358878, 30.7015813 ], [ 78.9366227, 30.7018304 ], [ 78.9369714, 30.7018996 ], [ 78.9372611, 30.7023931 ], [ 78.9378083, 30.7024254 ], [ 78.9381623, 30.7026422 ], [ 78.9384627, 30.7025961 ], [ 78.9393264, 30.7028821 ], [ 78.9399379, 30.7031865 ], [ 78.9403188, 30.7032972 ], [ 78.9409679, 30.7031957 ], [ 78.9415365, 30.7031819 ], [ 78.9419925, 30.7026837 ], [ 78.9425075, 30.7027944 ], [ 78.9429045, 30.7026007 ], [ 78.9446372, 30.7020288 ], [ 78.9448303, 30.7018027 ], [ 78.9446962, 30.701466 ], [ 78.9448464, 30.7008848 ], [ 78.9453077, 30.7000361 ], [ 78.9464847, 30.6990728 ], [ 78.94755, 30.6964751 ], [ 78.9479899, 30.6950821 ], [ 78.9478934, 30.6947499 ], [ 78.9472389, 30.6942518 ], [ 78.9471762, 30.6939542 ], [ 78.9473891, 30.693689 ], [ 78.9486551, 30.6934399 ], [ 78.948859, 30.6931816 ], [ 78.9483118, 30.6920191 ], [ 78.9485585, 30.6916962 ], [ 78.9504146, 30.6915117 ], [ 78.9516035, 30.6902617 ], [ 78.9519489, 30.6896203 ], [ 78.9515197, 30.6888914 ], [ 78.9516163, 30.6884209 ], [ 78.954716, 30.6871348 ], [ 78.9552855, 30.6868985 ], [ 78.9577649, 30.6858195 ], [ 78.9581716, 30.6854407 ], [ 78.9582252, 30.6843335 ], [ 78.9598079, 30.6825302 ], [ 78.9607894, 30.6816393 ], [ 78.9615619, 30.6814594 ], [ 78.9620233, 30.6811964 ], [ 78.9622164, 30.6804629 ], [ 78.9624846, 30.6802322 ], [ 78.9637184, 30.6803152 ], [ 78.9651047, 30.679492 ], [ 78.9653599, 30.6789727 ], [ 78.9659071, 30.6787881 ], [ 78.9676988, 30.6790188 ], [ 78.9688039, 30.6784882 ], [ 78.9694315, 30.6782806 ], [ 78.9697695, 30.6779854 ], [ 78.9701596, 30.6779813 ], [ 78.9704668, 30.677524 ], [ 78.9707994, 30.6774502 ], [ 78.9716041, 30.6775978 ], [ 78.9724731, 30.6770534 ], [ 78.9727735, 30.6770719 ], [ 78.9736748, 30.677404 ], [ 78.9743185, 30.6773948 ], [ 78.9744965, 30.6771834 ], [ 78.9749021, 30.6767017 ], [ 78.9749408, 30.6761768 ], [ 78.9745974, 30.6753371 ], [ 78.9748657, 30.6742298 ], [ 78.9752626, 30.6733439 ], [ 78.9751983, 30.6724119 ], [ 78.9741039, 30.6717198 ], [ 78.9738679, 30.6710093 ], [ 78.974458, 30.6703356 ], [ 78.9753592, 30.669865 ], [ 78.9753914, 30.6696435 ], [ 78.975091, 30.6690437 ], [ 78.9752841, 30.6677333 ], [ 78.9748377, 30.6663111 ], [ 78.9753914, 30.6648401 ], [ 78.9752787, 30.6638204 ], [ 78.9753699, 30.6634605 ], [ 78.9756231, 30.6632032 ], [ 78.976464, 30.6633613 ], [ 78.9769093, 30.6632301 ], [ 78.9771402, 30.6628744 ], [ 78.9770942, 30.6623811 ], [ 78.9772006, 30.6619765 ], [ 78.9779234, 30.6612271 ], [ 78.9797433, 30.6605932 ], [ 78.9804554, 30.6608487 ], [ 78.9811635, 30.6618823 ], [ 78.9816034, 30.6619285 ], [ 78.9821184, 30.6618454 ], [ 78.9826548, 30.661587 ], [ 78.9827621, 30.6613932 ], [ 78.9825153, 30.6604426 ], [ 78.9826119, 30.660175 ], [ 78.9832342, 30.659972 ], [ 78.9836537, 30.6596035 ], [ 78.9835775, 30.6581538 ], [ 78.9838699, 30.6571751 ], [ 78.9847362, 30.6567048 ], [ 78.9859271, 30.6569263 ], [ 78.9871502, 30.6559296 ], [ 78.9883733, 30.6554589 ], [ 78.9883733, 30.6550436 ], [ 78.9881587, 30.654619 ] ] } },
{ "type": "Feature", "properties": { "alt_name": null, "area": null, "boat": null, "destination": null, "int_name": null, "intermittent": null, "layer": null, "name": null, "name:en": null, "name:hi": null, "name:kn": null, "name:ml": null, "plant:source": null, "power": null, "seasonal": null, "waterway": "stream", "wikipedia": null, "osm_id": 1071328266, "source": "OPEN_DATA", "tunnel": null }, "geometry": { "type": "LineString", "coordinates": [ [ 78.9857769, 30.6908474 ], [ 78.9844894, 30.6895558 ], [ 78.9843821, 30.688301 ], [ 78.9841676, 30.6868247 ], [ 78.9831376, 30.6858467 ], [ 78.9823222, 30.6852747 ], [ 78.9809918, 30.684758 ], [ 78.9796615, 30.6839276 ], [ 78.9779877, 30.6827281 ], [ 78.9768505, 30.6806243 ], [ 78.9760351, 30.6780592 ], [ 78.9754665, 30.6775424 ], [ 78.9744965, 30.6771834 ] ] } },
{ "type": "Feature", "properties": { "alt_name": null, "area": null, "boat": null, "destination": null, "int_name": null, "intermittent": null, "layer": null, "name": null, "name:en": null, "name:hi": null, "name:kn": null, "name:ml": null, "plant:source": null, "power": null, "seasonal": null, "waterway": "stream", "wikipedia": null, "osm_id": 1071328273, "source": "OPEN_DATA", "tunnel": null }, "geometry": { "type": "LineString", "coordinates": [ [ 78.9260816, 30.6919914 ], [ 78.9289569, 30.6919914 ], [ 78.9312744, 30.692176 ], [ 78.9335489, 30.6907367 ], [ 78.9354801, 30.6901462 ], [ 78.9383983, 30.6894819 ], [ 78.9406943, 30.68867 ], [ 78.9434409, 30.6890575 ], [ 78.9455867, 30.6897587 ], [ 78.9470297, 30.6912487 ] ] } },
{ "type": "Feature", "properties": { "alt_name": null, "area": null, "boat": null, "destination": null, "int_name": null, "intermittent": null, "layer": null, "name": null, "name:en": null, "name:hi": null, "name:kn": null, "name:ml": null, "plant:source": null, "power": null, "seasonal": null, "waterway": "stream", "wikipedia": null, "osm_id": 654639058, "source": "OPEN_DATA", "tunnel": null }, "geometry": { "type": "LineString", "coordinates": [ [ 78.9290482, 30.6950267 ], [ 78.9295793, 30.6948745 ], [ 78.9300674, 30.6947684 ], [ 78.9304805, 30.6946208 ], [ 78.9310062, 30.6944778 ], [ 78.9315748, 30.6944501 ], [ 78.9319664, 30.694344 ], [ 78.9322776, 30.6940857 ], [ 78.9325243, 30.6939381 ], [ 78.9331144, 30.6935644 ], [ 78.9334792, 30.693546 ], [ 78.9339888, 30.6933845 ], [ 78.9344019, 30.6933522 ], [ 78.9346647, 30.693343 ], [ 78.9352226, 30.6931677 ], [ 78.9356786, 30.6931539 ], [ 78.9358395, 30.6931216 ], [ 78.9359683, 30.6929555 ], [ 78.9361721, 30.6927848 ], [ 78.9364994, 30.6927479 ], [ 78.9368159, 30.6926603 ], [ 78.9374703, 30.6925911 ], [ 78.9377975, 30.6926188 ], [ 78.9381409, 30.692568 ], [ 78.9384091, 30.6923328 ], [ 78.939321, 30.6918392 ], [ 78.9400077, 30.6917146 ], [ 78.9407211, 30.69183 ], [ 78.941735, 30.6916593 ], [ 78.9431083, 30.6918622 ], [ 78.9435375, 30.6918438 ], [ 78.9437574, 30.6919038 ], [ 78.9441061, 30.6918945 ], [ 78.9452594, 30.6919222 ], [ 78.9456886, 30.6917423 ], [ 78.945989, 30.6917192 ], [ 78.9463377, 30.691627 ], [ 78.9464986, 30.6913871 ], [ 78.9467508, 30.6912718 ], [ 78.9470297, 30.6912487 ], [ 78.9475232, 30.6914194 ], [ 78.9481884, 30.6915901 ], [ 78.9485585, 30.6916962 ] ] } },
{ "type": "Feature", "properties": { "alt_name": null, "area": null, "boat": null, "destination": null, "int_name": null, "intermittent": null, "layer": null, "name": null, "name:en": null, "name:hi": null, "name:kn": null, "name:ml": null, "plant:source": null, "power": null, "seasonal": null, "waterway": "stream", "wikipedia": null, "osm_id": 1071328272, "source": "OPEN_DATA", "tunnel": null }, "geometry": { "type": "LineString", "coordinates": [ [ 78.9508009, 30.7154595 ], [ 78.9529466, 30.7126923 ], [ 78.9552211, 30.7113272 ], [ 78.9576673, 30.7101096 ], [ 78.9591264, 30.708523 ], [ 78.9611113, 30.7059124 ], [ 78.9615083, 30.7046117 ], [ 78.9621949, 30.7029882 ], [ 78.9620805, 30.7020045 ], [ 78.9620662, 30.7018812 ], [ 78.9616799, 30.7012723 ], [ 78.9608216, 30.699907 ], [ 78.9592981, 30.6979328 ], [ 78.9587188, 30.6970102 ], [ 78.9584183, 30.6959401 ], [ 78.9588904, 30.6933015 ], [ 78.9578604, 30.691401 ], [ 78.9568949, 30.6901278 ], [ 78.954716, 30.6871348 ] ] } },
{ "type": "Feature", "properties": { "alt_name": null, "area": null, "boat": null, "destination": null, "int_name": null, "intermittent": null, "layer": null, "name": null, "name:en": null, "name:hi": null, "name:kn": null, "name:ml": null, "plant:source": null, "power": null, "seasonal": null, "waterway": "stream", "wikipedia": null, "osm_id": 226839745, "source": "OPEN_DATA", "tunnel": null }, "geometry": { "type": "LineString", "coordinates": [ [ 79.0529107, 30.6685701 ], [ 79.0501503, 30.6690737 ], [ 79.0472645, 30.6706206 ], [ 79.0437512, 30.6730668 ], [ 79.0427304, 30.6735217 ] ] } },
{ "type": "Feature", "properties": { "alt_name": null, "area": null, "boat": null, "destination": null, "int_name": null, "intermittent": null, "layer": null, "name": null, "name:en": null, "name:hi": null, "name:kn": null, "name:ml": null, "plant:source": null, "power": null, "seasonal": null, "waterway": "stream", "wikipedia": null, "osm_id": 226839744, "source": "OPEN_DATA", "tunnel": null }, "geometry": { "type": "LineString", "coordinates": [ [ 79.0552947, 30.6749733 ], [ 79.0521579, 30.6758007 ], [ 79.0471808, 30.6777791 ], [ 79.0449148, 30.6784973 ] ] } },
{ "type": "Feature", "properties": { "alt_name": null, "area": null, "boat": null, "destination": null, "int_name": null, "intermittent": null, "layer": null, "name": null, "name:en": null, "name:hi": null, "name:kn": null, "name:ml": null, "plant:source": null, "power": null, "seasonal": null, "waterway": "stream", "wikipedia": null, "osm_id": 226839304, "source": "OPEN_DATA", "tunnel": null }, "geometry": { "type": "LineString", "coordinates": [ [ 79.0347514, 30.6787189 ], [ 79.0350223, 30.6785067 ], [ 79.035446, 30.6783914 ], [ 79.0359449, 30.6781699 ], [ 79.0363312, 30.6780869 ], [ 79.0370607, 30.6781145 ], [ 79.0373772, 30.6779992 ], [ 79.0383536, 30.6775655 ], [ 79.0386086, 30.6773927 ], [ 79.0389973, 30.6770903 ], [ 79.0392758, 30.6767313 ], [ 79.0402944, 30.6765649 ], [ 79.0410808, 30.6760381 ], [ 79.0417246, 30.6758055 ], [ 79.0419483, 30.6756641 ], [ 79.042463, 30.6756323 ], [ 79.0429724, 30.6756211 ], [ 79.043433, 30.6755478 ] ] } },
{ "type": "Feature", "properties": { "alt_name": null, "area": null, "boat": null, "destination": null, "int_name": null, "intermittent": null, "layer": null, "name": null, "name:en": null, "name:hi": null, "name:kn": null, "name:ml": null, "plant:source": null, "power": null, "seasonal": null, "waterway": "stream", "wikipedia": null, "osm_id": 226839746, "source": "OPEN_DATA", "tunnel": null }, "geometry": { "type": "LineString", "coordinates": [ [ 79.0408654, 30.6810164 ], [ 79.0424285, 30.6808936 ], [ 79.0429313, 30.6807219 ], [ 79.0433971, 30.6803245 ], [ 79.0436743, 30.6802228 ], [ 79.0442325, 30.6799557 ], [ 79.0449645, 30.679908 ], [ 79.0454366, 30.6798078 ] ] } },
{ "type": "Feature", "properties": { "alt_name": null, "area": null, "boat": null, "destination": null, "int_name": null, "intermittent": null, "layer": null, "name": null, "name:en": null, "name:hi": null, "name:kn": null, "name:ml": null, "plant:source": null, "power": null, "seasonal": null, "waterway": "stream", "wikipedia": null, "osm_id": 686103743, "source": "OPEN_DATA", "tunnel": null }, "geometry": { "type": "LineString", "coordinates": [ [ 79.0410143, 30.6837892 ], [ 79.0417707, 30.6838353 ], [ 79.0423876, 30.6837107 ], [ 79.0426665, 30.6837292 ], [ 79.0432942, 30.683886 ], [ 79.0435678, 30.683923 ], [ 79.0439165, 30.683923 ], [ 79.0444046, 30.6837892 ], [ 79.0447748, 30.6836784 ], [ 79.0453166, 30.6834201 ], [ 79.0461373, 30.6834063 ], [ 79.0465289, 30.6832955 ], [ 79.0470439, 30.683254 ], [ 79.0472317, 30.6832171 ], [ 79.0476216, 30.6830277 ] ] } },
{ "type": "Feature", "properties": { "alt_name": null, "area": null, "boat": null, "destination": null, "int_name": null, "intermittent": null, "layer": null, "name": null, "name:en": null, "name:hi": null, "name:kn": null, "name:ml": null, "plant:source": null, "power": null, "seasonal": null, "waterway": "stream", "wikipedia": null, "osm_id": 686103742, "source": "OPEN_DATA", "tunnel": null }, "geometry": { "type": "LineString", "coordinates": [ [ 79.044925, 30.685044 ], [ 79.0454775, 30.6848687 ], [ 79.0458959, 30.6847441 ], [ 79.0460408, 30.6846011 ], [ 79.0464914, 30.6844489 ], [ 79.0468454, 30.6844027 ], [ 79.0470546, 30.6841767 ], [ 79.0473068, 30.6840752 ], [ 79.0476984, 30.6839599 ], [ 79.0480832, 30.68367 ] ] } },
{ "type": "Feature", "properties": { "alt_name": null, "area": null, "boat": null, "destination": null, "int_name": null, "intermittent": null, "layer": null, "name": "Vasuki Ganga", "name:en": null, "name:hi": null, "name:kn": null, "name:ml": null, "plant:source": null, "power": null, "seasonal": null, "waterway": "stream", "wikipedia": null, "osm_id": 226850915, "source": "OPEN_DATA", "tunnel": null }, "geometry": { "type": "LineString", "coordinates": [ [ 79.0341155, 30.7259882 ], [ 79.0339013, 30.725828 ], [ 79.0333181, 30.7253918 ], [ 79.03261, 30.7242922 ], [ 79.0313655, 30.7232608 ], [ 79.0312782, 30.7230646 ], [ 79.0301959, 30.7206317 ], [ 79.0301707, 30.7201394 ], [ 79.0299746, 30.7163084 ], [ 79.0293145, 30.7124156 ], [ 79.0278003, 30.7100694 ], [ 79.0263104, 30.7047409 ], [ 79.0246817, 30.7037842 ], [ 79.0227914, 30.7015675 ], [ 79.0215683, 30.6994457 ], [ 79.0177274, 30.6981357 ], [ 79.0166545, 30.6972316 ], [ 79.015882, 30.6961615 ], [ 79.0148692, 30.6959763 ], [ 79.0136719, 30.6948514 ], [ 79.0129423, 30.6920099 ], [ 79.0125882, 30.6913635 ], [ 79.0116986, 30.6897398 ], [ 79.0116977, 30.6886516 ], [ 79.0113973, 30.687895 ], [ 79.0102601, 30.6865664 ], [ 79.0100455, 30.6845734 ], [ 79.0094232, 30.6837615 ], [ 79.0087795, 30.6820638 ], [ 79.0086078, 30.6814548 ], [ 79.0081787, 30.6809381 ], [ 79.0070843, 30.6806797 ], [ 79.0068054, 30.680366 ], [ 79.0068269, 30.6783729 ], [ 79.0038266, 30.6753628 ], [ 79.0029216, 30.673916 ], [ 79.002074, 30.6719505 ], [ 78.9999711, 30.6707416 ], [ 78.9980185, 30.6702802 ], [ 78.9973104, 30.6693851 ], [ 78.9967203, 30.6684623 ], [ 78.996377, 30.6678717 ], [ 78.9964306, 30.6676041 ], [ 78.9969563, 30.6672903 ], [ 78.9970314, 30.6668473 ], [ 78.9969609, 30.6662978 ], [ 78.9965486, 30.665906 ], [ 78.9952505, 30.6654169 ], [ 78.995111, 30.6649094 ], [ 78.9954758, 30.6638942 ], [ 78.9953148, 30.662916 ], [ 78.994832, 30.6607195 ], [ 78.9947247, 30.6600919 ], [ 78.9942312, 30.6598797 ], [ 78.9932871, 30.6603319 ], [ 78.9929974, 30.6604288 ], [ 78.9927077, 30.6602857 ], [ 78.9926755, 30.6599535 ], [ 78.9928472, 30.6595474 ], [ 78.9927399, 30.6592982 ], [ 78.992182, 30.6591137 ], [ 78.9917207, 30.6587445 ], [ 78.9916672, 30.6574325 ], [ 78.9908409, 30.6557819 ], [ 78.9903045, 30.6551728 ], [ 78.9881587, 30.654619 ], [ 78.9869557, 30.6534572 ], [ 78.9869141, 30.6527638 ], [ 78.9867532, 30.6520623 ], [ 78.9872657, 30.6512403 ], [ 78.9882123, 30.6493672 ], [ 78.9888132, 30.6490442 ], [ 78.9900362, 30.6467828 ], [ 78.9897568, 30.6462719 ], [ 78.9897791, 30.6460301 ], [ 78.9899641, 30.6440202 ], [ 78.9896607, 30.6434506 ], [ 78.9890706, 30.6432383 ], [ 78.9875471, 30.6431736 ], [ 78.987186, 30.6428442 ] ] } },
{ "type": "Feature", "properties": { "alt_name": null, "area": null, "boat": null, "destination": null, "int_name": null, "intermittent": null, "layer": null, "name": null, "name:en": null, "name:hi": null, "name:kn": null, "name:ml": null, "plant:source": null, "power": null, "seasonal": null, "waterway": "stream", "wikipedia": null, "osm_id": 445534626, "source": "OPEN_DATA", "tunnel": null }, "geometry": { "type": "LineString", "coordinates": [ [ 79.0449291, 30.6862018 ], [ 79.0451866, 30.6861649 ], [ 79.0455916, 30.6862733 ], [ 79.0456721, 30.686211 ], [ 79.0458303, 30.6862802 ], [ 79.045884, 30.6862387 ], [ 79.0459054, 30.6861764 ], [ 79.0460369, 30.6861303 ], [ 79.046179, 30.6860565 ], [ 79.0463185, 30.6859804 ], [ 79.0464472, 30.6859481 ], [ 79.046576, 30.6859181 ], [ 79.0467074, 30.6858697 ], [ 79.046753, 30.685812 ], [ 79.0467637, 30.6857197 ], [ 79.0468308, 30.6855075 ], [ 79.0468925, 30.685376 ], [ 79.0469649, 30.6852838 ], [ 79.0470722, 30.6852076 ], [ 79.0471848, 30.6851569 ], [ 79.0474155, 30.6850277 ], [ 79.0476086, 30.684947 ], [ 79.0477535, 30.6848732 ], [ 79.0479439, 30.6847924 ], [ 79.0482068, 30.6847209 ], [ 79.0483194, 30.6846794 ], [ 79.0485356, 30.6846107 ] ] } },
{ "type": "Feature", "properties": { "alt_name": null, "area": null, "boat": null, "destination": "Alaknanda", "int_name": null, "intermittent": null, "layer": null, "name": "Mandakini", "name:en": null, "name:hi": "मन्दाकिनी नदी, उत्तराखण्ड", "name:kn": null, "name:ml": null, "plant:source": null, "power": null, "seasonal": null, "waterway": "river", "wikipedia": "en:Mandakini River", "osm_id": 226839274, "source": "OPEN_DATA", "tunnel": null }, "geometry": { "type": "LineString", "coordinates": [ [ 79.0635211, 30.7436617 ], [ 79.0634639, 30.7423333 ], [ 79.0638646, 30.7412877 ], [ 79.0643655, 30.7403651 ], [ 79.0644823, 30.7399274 ], [ 79.0649764, 30.7387789 ], [ 79.0656546, 30.7379042 ], [ 79.0659848, 30.7374652 ], [ 79.0661404, 30.7368806 ], [ 79.0659534, 30.7366738 ], [ 79.065613, 30.7365288 ], [ 79.0653955, 30.7362155 ], [ 79.065324, 30.7359894 ], [ 79.065225, 30.7357737 ], [ 79.0652702, 30.7352147 ], [ 79.0653121, 30.7344559 ], [ 79.0653734, 30.7342069 ], [ 79.0655213, 30.7335546 ], [ 79.0657723, 30.7330699 ], [ 79.0658559, 30.7328594 ], [ 79.0659386, 30.7324897 ], [ 79.0660888, 30.7323082 ], [ 79.0662834, 30.7319064 ], [ 79.0664612, 30.7315676 ], [ 79.0666936, 30.7310327 ], [ 79.0668034, 30.7305344 ], [ 79.067007, 30.7299875 ], [ 79.0669106, 30.7296642 ], [ 79.0669414, 30.7295586 ], [ 79.0669903, 30.7293911 ], [ 79.0670552, 30.7288767 ], [ 79.0675754, 30.7285659 ], [ 79.0676049, 30.7278239 ], [ 79.0675663, 30.7271855 ], [ 79.0676628, 30.7265887 ], [ 79.0680775, 30.7262073 ], [ 79.068145, 30.726025 ], [ 79.0680968, 30.7257182 ], [ 79.0680912, 30.7255703 ], [ 79.0680775, 30.7252042 ], [ 79.0682028, 30.7243835 ], [ 79.0683089, 30.7238944 ], [ 79.06828, 30.7234799 ], [ 79.0683481, 30.7232287 ], [ 79.0681546, 30.7226923 ], [ 79.069119, 30.7208187 ], [ 79.0692829, 30.7200063 ], [ 79.0697265, 30.7190114 ], [ 79.0697773, 30.7181664 ], [ 79.0698326, 30.7170797 ], [ 79.0702666, 30.7164827 ], [ 79.0704788, 30.7158112 ], [ 79.0704119, 30.7149877 ], [ 79.0700159, 30.7139043 ], [ 79.0696204, 30.7132257 ], [ 79.0691383, 30.7127933 ], [ 79.0687335, 30.7124621 ], [ 79.0685215, 30.7119825 ], [ 79.0679025, 30.7114689 ], [ 79.0676724, 30.7109361 ], [ 79.066872, 30.7104712 ], [ 79.0666678, 30.7103363 ], [ 79.0655399, 30.7093535 ], [ 79.0654474, 30.7092729 ], [ 79.0650493, 30.7089544 ], [ 79.0647748, 30.7087331 ], [ 79.0645864, 30.7085813 ], [ 79.0643901, 30.7082506 ], [ 79.0637667, 30.7075863 ], [ 79.0630724, 30.7063592 ], [ 79.0628375, 30.7060084 ], [ 79.0627045, 30.7055877 ], [ 79.062542, 30.705273 ], [ 79.0621303, 30.7044648 ], [ 79.0617883, 30.7037067 ], [ 79.0618409, 30.7031557 ], [ 79.0618958, 30.7024869 ], [ 79.0613654, 30.7021884 ], [ 79.0612212, 30.7017128 ], [ 79.0608157, 30.7010524 ], [ 79.0605571, 30.7007495 ], [ 79.0602564, 30.7003973 ], [ 79.0601706, 30.7001376 ], [ 79.0598661, 30.6999885 ], [ 79.05964, 30.6995959 ], [ 79.0592934, 30.6991293 ], [ 79.0586945, 30.6983642 ], [ 79.0580673, 30.6980008 ], [ 79.0572379, 30.6971716 ], [ 79.0571064, 30.6963718 ], [ 79.0565266, 30.6953161 ], [ 79.0561771, 30.6950736 ], [ 79.0555592, 30.6946106 ], [ 79.0552256, 30.6943773 ], [ 79.0547229, 30.6943051 ], [ 79.0542061, 30.6937053 ], [ 79.0541652, 30.6936359 ], [ 79.0539184, 30.6936175 ], [ 79.0537662, 30.6935643 ], [ 79.0535432, 30.6934113 ], [ 79.0534929, 30.6933767 ], [ 79.0533901, 30.6932492 ], [ 79.053149, 30.6927268 ], [ 79.0529457, 30.6925842 ], [ 79.0525835, 30.6924755 ], [ 79.0523219, 30.6922937 ], [ 79.0520853, 30.6921691 ], [ 79.0515702, 30.6914893 ], [ 79.051333, 30.6913192 ], [ 79.0510664, 30.6906879 ], [ 79.0506273, 30.6902385 ], [ 79.0506318, 30.6896374 ], [ 79.050436, 30.6894866 ], [ 79.0503085, 30.6892093 ], [ 79.0503014, 30.6887745 ], [ 79.0500641, 30.6880657 ], [ 79.0487981, 30.6872399 ], [ 79.0485848, 30.6862649 ], [ 79.0484139, 30.6858435 ], [ 79.0486658, 30.6851801 ], [ 79.0486613, 30.6848234 ], [ 79.0485356, 30.6846107 ], [ 79.0484052, 30.6844165 ], [ 79.0483516, 30.6842042 ], [ 79.0482443, 30.6841028 ], [ 79.0481853, 30.6838121 ], [ 79.0480832, 30.68367 ], [ 79.0476216, 30.6830277 ], [ 79.0457309, 30.6803966 ], [ 79.0454366, 30.6798078 ], [ 79.0449148, 30.6784973 ], [ 79.043433, 30.6755478 ], [ 79.0427304, 30.6735217 ], [ 79.0408336, 30.671329 ], [ 79.0402472, 30.6706217 ], [ 79.0399679, 30.6701158 ], [ 79.0396598, 30.6690391 ], [ 79.0385104, 30.6672703 ], [ 79.0385306, 30.6663998 ], [ 79.0380452, 30.665332 ], [ 79.037447, 30.6647986 ], [ 79.0371049, 30.6639618 ], [ 79.0342498, 30.6611994 ], [ 79.0337241, 30.6605811 ], [ 79.0337064, 30.6604867 ], [ 79.03359, 30.6598658 ], [ 79.0324071, 30.6583938 ], [ 79.0316346, 30.6577293 ], [ 79.0313221, 30.6572293 ], [ 79.0309533, 30.6568225 ], [ 79.0305135, 30.6564395 ], [ 79.029851, 30.6562111 ], [ 79.0293467, 30.6562583 ], [ 79.0290825, 30.6562255 ], [ 79.0287566, 30.6561695 ], [ 79.0285957, 30.656045 ], [ 79.0283992, 30.6558474 ], [ 79.0284967, 30.6554015 ], [ 79.0284144, 30.6551933 ], [ 79.0276807, 30.6534121 ], [ 79.0273828, 30.6532627 ], [ 79.0266139, 30.6530459 ], [ 79.026165, 30.6528335 ], [ 79.0259451, 30.6526673 ], [ 79.0259049, 30.6523951 ], [ 79.0256956, 30.652312 ], [ 79.0250975, 30.6522474 ], [ 79.0248841, 30.6520088 ], [ 79.025111, 30.6515874 ], [ 79.0253442, 30.651239 ], [ 79.0256431, 30.6509551 ], [ 79.0260368, 30.6507622 ], [ 79.0255111, 30.6504471 ], [ 79.0252013, 30.6501178 ], [ 79.024832, 30.6494784 ], [ 79.0243384, 30.6488185 ], [ 79.0242526, 30.6483754 ], [ 79.0243068, 30.6480769 ], [ 79.0242355, 30.6476568 ], [ 79.0241131, 30.6474339 ], [ 79.0237657, 30.6472154 ], [ 79.0233138, 30.647314 ], [ 79.0224931, 30.6471847 ], [ 79.0222195, 30.6468432 ], [ 79.021561, 30.6465966 ], [ 79.020828, 30.6466166 ], [ 79.0201628, 30.6464874 ], [ 79.0199965, 30.6462566 ], [ 79.0198892, 30.6455874 ], [ 79.0196371, 30.6453428 ], [ 79.0183187, 30.6449305 ], [ 79.0172017, 30.6437229 ], [ 79.0161695, 30.6429444 ], [ 79.0154958, 30.6426106 ], [ 79.0152597, 30.642306 ], [ 79.0151739, 30.6416737 ], [ 79.013971, 30.6404813 ], [ 79.01254, 30.6391213 ], [ 79.0106047, 30.6380443 ], [ 79.0096807, 30.6372197 ], [ 79.0084862, 30.6366567 ], [ 79.0071002, 30.6367069 ], [ 79.0057406, 30.636849 ], [ 79.00539, 30.6368149 ], [ 79.0050313, 30.6367339 ], [ 79.0044107, 30.6365937 ], [ 79.0036149, 30.6359719 ], [ 79.0031398, 30.6356443 ], [ 79.0024013, 30.6353389 ], [ 79.0010439, 30.6351679 ], [ 79.0004714, 30.6348282 ] ] } },
{ "type": "Feature", "properties": { "alt_name": null, "area": null, "boat": null, "destination": null, "int_name": null, "intermittent": null, "layer": null, "name": null, "name:en": null, "name:hi": null, "name:kn": null, "name:ml": null, "plant:source": null, "power": null, "seasonal": null, "waterway": "stream", "wikipedia": null, "osm_id": 654639057, "source": "OPEN_DATA", "tunnel": null }, "geometry": { "type": "LineString", "coordinates": [ [ 79.025259, 30.6911334 ], [ 79.0233385, 30.6914194 ], [ 79.0223086, 30.691364 ], [ 79.021225, 30.6916039 ], [ 79.0204203, 30.6915301 ], [ 79.0182316, 30.6908751 ], [ 79.0168583, 30.6905614 ], [ 79.0153026, 30.6908289 ], [ 79.0141654, 30.6912626 ], [ 79.0133715, 30.6913733 ], [ 79.0125882, 30.6913635 ] ] } },
{ "type": "Feature", "properties": { "alt_name": null, "area": null, "boat": null, "destination": null, "int_name": null, "intermittent": null, "layer": null, "name": null, "name:en": null, "name:hi": null, "name:kn": null, "name:ml": null, "plant:source": null, "power": null, "seasonal": null, "waterway": "stream", "wikipedia": null, "osm_id": 228881361, "source": "OPEN_DATA", "tunnel": null }, "geometry": { "type": "LineString", "coordinates": [ [ 79.121845, 30.6874459 ], [ 79.1207053, 30.6827983 ], [ 79.1222681, 30.6786842 ], [ 79.1233523, 30.6769489 ], [ 79.1233254, 30.6745285 ] ] } },
{ "type": "Feature", "properties": { "alt_name": null, "area": null, "boat": null, "destination": null, "int_name": null, "intermittent": null, "layer": null, "name": null, "name:en": null, "name:hi": null, "name:kn": null, "name:ml": null, "plant:source": null, "power": null, "seasonal": null, "waterway": "stream", "wikipedia": null, "osm_id": 228881365, "source": "OPEN_DATA", "tunnel": null }, "geometry": { "type": "LineString", "coordinates": [ [ 79.1267162, 30.685296 ], [ 79.1246574, 30.6825137 ], [ 79.1232236, 30.6797472 ], [ 79.1227641, 30.6792413 ], [ 79.1230214, 30.6778343 ], [ 79.1233523, 30.6769489 ] ] } },
{ "type": "Feature", "properties": { "alt_name": null, "area": null, "boat": null, "destination": null, "int_name": null, "intermittent": null, "layer": null, "name": null, "name:en": null, "name:hi": null, "name:kn": null, "name:ml": null, "plant:source": null, "power": null, "seasonal": null, "waterway": "stream", "wikipedia": null, "osm_id": 228881360, "source": "OPEN_DATA", "tunnel": null }, "geometry": { "type": "LineString", "coordinates": [ [ 79.1159772, 30.6977271 ], [ 79.11462, 30.6948096 ], [ 79.1142323, 30.6923921 ], [ 79.1143777, 30.689391 ], [ 79.1141838, 30.6865148 ], [ 79.1123903, 30.6837637 ], [ 79.1125354, 30.6830462 ], [ 79.1127781, 30.6818461 ], [ 79.1129235, 30.680012 ], [ 79.1135537, 30.6785112 ], [ 79.1152501, 30.6765936 ], [ 79.1157349, 30.6733836 ], [ 79.1173594, 30.6721071 ] ] } },
{ "type": "Feature", "properties": { "alt_name": null, "area": null, "boat": null, "destination": null, "int_name": null, "intermittent": null, "layer": null, "name": null, "name:en": null, "name:hi": null, "name:kn": null, "name:ml": null, "plant:source": null, "power": null, "seasonal": null, "waterway": "stream", "wikipedia": null, "osm_id": 228881363, "source": "OPEN_DATA", "tunnel": null }, "geometry": { "type": "LineString", "coordinates": [ [ 79.1026011, 30.6885201 ], [ 79.106829, 30.6859908 ], [ 79.1098068, 30.6841887 ], [ 79.1109465, 30.6841254 ], [ 79.1125354, 30.6830462 ] ] } },
{ "type": "Feature", "properties": { "alt_name": null, "area": null, "boat": null, "destination": null, "int_name": null, "intermittent": null, "layer": null, "name": null, "name:en": null, "name:hi": null, "name:kn": null, "name:ml": null, "plant:source": null, "power": null, "seasonal": null, "waterway": "stream", "wikipedia": null, "osm_id": 228881364, "source": "OPEN_DATA", "tunnel": null }, "geometry": { "type": "LineString", "coordinates": [ [ 79.1306534, 30.6894508 ], [ 79.1317713, 30.6865222 ], [ 79.1323172, 30.6856279 ], [ 79.1328631, 30.6848455 ], [ 79.133331, 30.6838618 ], [ 79.1342183, 30.6829741 ] ] } },
{ "type": "Feature", "properties": { "alt_name": null, "area": null, "boat": null, "destination": null, "int_name": null, "intermittent": null, "layer": null, "name": null, "name:en": null, "name:hi": null, "name:kn": null, "name:ml": null, "plant:source": null, "power": null, "seasonal": null, "waterway": "stream", "wikipedia": null, "osm_id": 228881367, "source": "OPEN_DATA", "tunnel": null }, "geometry": { "type": "LineString", "coordinates": [ [ 79.1284625, 30.6949702 ], [ 79.1318816, 30.6925992 ], [ 79.1326536, 30.6919353 ], [ 79.1330213, 30.6899435 ], [ 79.1327271, 30.6886157 ], [ 79.1336462, 30.6882363 ], [ 79.1347757, 30.6866684 ] ] } },
{ "type": "Feature", "properties": { "alt_name": null, "area": null, "boat": null, "destination": null, "int_name": null, "intermittent": null, "layer": null, "name": null, "name:en": null, "name:hi": null, "name:kn": null, "name:ml": null, "plant:source": null, "power": null, "seasonal": null, "waterway": "stream", "wikipedia": null, "osm_id": 228881359, "source": "OPEN_DATA", "tunnel": null }, "geometry": { "type": "LineString", "coordinates": [ [ 79.1287037, 30.7002701 ], [ 79.1320052, 30.6972524 ], [ 79.133513, 30.69571 ], [ 79.1350468, 30.6950841 ], [ 79.1364766, 30.6945253 ], [ 79.1373864, 30.6929828 ], [ 79.1375424, 30.6924016 ], [ 79.1384003, 30.6920663 ], [ 79.1387122, 30.6911944 ], [ 79.1382703, 30.6898755 ], [ 79.1380103, 30.6891825 ], [ 79.138149, 30.6886748 ] ] } },
{ "type": "Feature", "properties": { "alt_name": null, "area": null, "boat": null, "destination": null, "int_name": null, "intermittent": null, "layer": null, "name": null, "name:en": null, "name:hi": null, "name:kn": null, "name:ml": null, "plant:source": null, "power": null, "seasonal": null, "waterway": "stream", "wikipedia": null, "osm_id": 228881371, "source": "OPEN_DATA", "tunnel": null }, "geometry": { "type": "LineString", "coordinates": [ [ 79.1549565, 30.6944663 ], [ 79.1523278, 30.6946876 ], [ 79.1513352, 30.694577 ], [ 79.1499014, 30.6953041 ], [ 79.1481367, 30.6950986 ], [ 79.1462985, 30.6953831 ], [ 79.1449934, 30.6950986 ], [ 79.1436515, 30.6945138 ], [ 79.1425038, 30.6943916 ] ] } },
{ "type": "Feature", "properties": { "alt_name": null, "area": null, "boat": null, "destination": null, "int_name": null, "intermittent": null, "layer": null, "name": null, "name:en": null, "name:hi": null, "name:kn": null, "name:ml": null, "plant:source": null, "power": null, "seasonal": null, "waterway": "stream", "wikipedia": null, "osm_id": 228881369, "source": "OPEN_DATA", "tunnel": null }, "geometry": { "type": "LineString", "coordinates": [ [ 79.1613094, 30.7004034 ], [ 79.1602956, 30.7009622 ], [ 79.1578, 30.7019904 ], [ 79.1558243, 30.7026386 ], [ 79.1542905, 30.7028622 ], [ 79.1535626, 30.7026386 ], [ 79.1521994, 30.7023357 ] ] } },
{ "type": "Feature", "properties": { "alt_name": null, "area": null, "boat": null, "destination": null, "int_name": null, "intermittent": null, "layer": null, "name": null, "name:en": null, "name:hi": null, "name:kn": null, "name:ml": null, "plant:source": null, "power": null, "seasonal": null, "waterway": "stream", "wikipedia": null, "osm_id": 226844385, "source": "OPEN_DATA", "tunnel": null }, "geometry": { "type": "LineString", "coordinates": [ [ 79.125182, 30.7343487 ], [ 79.1183208, 30.7278408 ], [ 79.1156, 30.7241291 ], [ 79.112051, 30.7226037 ], [ 79.1075456, 30.7226022 ], [ 79.1068764, 30.7222786 ], [ 79.1038651, 30.7190427 ], [ 79.1024012, 30.71631 ], [ 79.1023594, 30.7113838 ], [ 79.1007701, 30.7071406 ], [ 79.0985534, 30.7038682 ], [ 79.0959603, 30.7015307 ], [ 79.0942037, 30.6990133 ], [ 79.0919155, 30.6979497 ] ] } },
{ "type": "Feature", "properties": { "alt_name": null, "area": null, "boat": null, "destination": null, "int_name": null, "intermittent": null, "layer": null, "name": null, "name:en": null, "name:hi": null, "name:kn": null, "name:ml": null, "plant:source": null, "power": null, "seasonal": null, "waterway": "stream", "wikipedia": null, "osm_id": 686103739, "source": "OPEN_DATA", "tunnel": null }, "geometry": { "type": "LineString", "coordinates": [ [ 79.0448391, 30.7023978 ], [ 79.045161, 30.7022133 ], [ 79.0452576, 30.7016874 ], [ 79.0454936, 30.7006081 ], [ 79.0461266, 30.7000269 ], [ 79.046824, 30.6994549 ], [ 79.0472638, 30.6991228 ], [ 79.0481007, 30.6988737 ], [ 79.048562, 30.6986523 ], [ 79.0491092, 30.6981173 ], [ 79.0494096, 30.6976837 ], [ 79.0498066, 30.6973608 ], [ 79.0509224, 30.6958293 ], [ 79.0519524, 30.6951743 ], [ 79.0525317, 30.6948607 ], [ 79.0529287, 30.6945654 ], [ 79.0530682, 30.6943302 ], [ 79.0531647, 30.6942333 ], [ 79.0534812, 30.694058 ], [ 79.0536207, 30.6938366 ], [ 79.0535295, 30.6936797 ], [ 79.0534893, 30.6935391 ], [ 79.0535134, 30.6934399 ], [ 79.0535432, 30.6934113 ] ] } },
{ "type": "Feature", "properties": { "alt_name": null, "area": null, "boat": null, "destination": null, "int_name": null, "intermittent": null, "layer": null, "name": null, "name:en": null, "name:hi": null, "name:kn": null, "name:ml": null, "plant:source": null, "power": null, "seasonal": null, "waterway": "stream", "wikipedia": null, "osm_id": 686160486, "source": "OPEN_DATA", "tunnel": null }, "geometry": { "type": "LineString", "coordinates": [ [ 79.0075028, 30.7014337 ], [ 79.0079266, 30.7015098 ], [ 79.0083396, 30.7015491 ], [ 79.00864, 30.7014845 ], [ 79.0091014, 30.7010417 ], [ 79.0093321, 30.700585 ], [ 79.0093803, 30.7002252 ], [ 79.0095735, 30.6997317 ], [ 79.0097076, 30.699681 ], [ 79.0099651, 30.6989844 ], [ 79.0101206, 30.6987769 ], [ 79.0102869, 30.6985739 ], [ 79.0104639, 30.6985509 ], [ 79.0107644, 30.6985785 ], [ 79.011333, 30.698371 ], [ 79.0118641, 30.6980481 ], [ 79.0128189, 30.6970932 ], [ 79.0131354, 30.696632 ], [ 79.0132374, 30.6960231 ], [ 79.0135056, 30.6953819 ], [ 79.0135807, 30.6951282 ], [ 79.0136719, 30.6948514 ] ] } },
{ "type": "Feature", "properties": { "alt_name": null, "area": null, "boat": null, "destination": null, "int_name": null, "intermittent": null, "layer": null, "name": null, "name:en": null, "name:hi": null, "name:kn": null, "name:ml": null, "plant:source": null, "power": null, "seasonal": null, "waterway": "stream", "wikipedia": null, "osm_id": 226839289, "source": "OPEN_DATA", "tunnel": null }, "geometry": { "type": "LineString", "coordinates": [ [ 79.0516258, 30.7102247 ], [ 79.0528452, 30.7103358 ], [ 79.0542123, 30.7096846 ], [ 79.055524, 30.707715 ], [ 79.0572791, 30.7061266 ], [ 79.0588124, 30.7051259 ], [ 79.059496, 30.7047923 ], [ 79.0601334, 30.7043435 ], [ 79.0603458, 30.703732 ], [ 79.0604151, 30.7031403 ], [ 79.060623, 30.7024612 ], [ 79.0606507, 30.7017742 ], [ 79.0605814, 30.701385 ], [ 79.0605571, 30.7007495 ] ] } },
{ "type": "Feature", "properties": { "alt_name": null, "area": null, "boat": null, "destination": null, "int_name": null, "intermittent": null, "layer": null, "name": null, "name:en": null, "name:hi": null, "name:kn": null, "name:ml": null, "plant:source": null, "power": null, "seasonal": null, "waterway": "stream", "wikipedia": null, "osm_id": 226840549, "source": "OPEN_DATA", "tunnel": null }, "geometry": { "type": "LineString", "coordinates": [ [ 78.996428, 30.7207007 ], [ 78.9974069, 30.7202188 ], [ 78.9985656, 30.7189644 ], [ 78.9995956, 30.7164556 ], [ 79.0013631, 30.7146415 ], [ 79.0032559, 30.713955 ], [ 79.0055775, 30.712671 ], [ 79.0067161, 30.7119972 ], [ 79.0100875, 30.7121498 ], [ 79.0115958, 30.7110183 ], [ 79.0121282, 30.709302 ], [ 79.0127024, 30.7088086 ], [ 79.0129316, 30.707167 ], [ 79.0126616, 30.7065495 ], [ 79.0133036, 30.705167 ], [ 79.0132749, 30.7037723 ], [ 79.0137905, 30.7024581 ], [ 79.0142512, 30.7015122 ], [ 79.0143263, 30.7010324 ], [ 79.0137362, 30.7003313 ], [ 79.0138743, 30.6995179 ], [ 79.0142834, 30.6988553 ], [ 79.0142083, 30.6979328 ], [ 79.0144551, 30.6970194 ], [ 79.0148692, 30.6959763 ] ] } },
{ "type": "Feature", "properties": { "alt_name": null, "area": null, "boat": null, "destination": null, "int_name": null, "intermittent": null, "layer": null, "name": null, "name:en": null, "name:hi": null, "name:kn": null, "name:ml": null, "plant:source": null, "power": null, "seasonal": null, "waterway": "stream", "wikipedia": null, "osm_id": 1071350672, "source": "OPEN_DATA", "tunnel": null }, "geometry": { "type": "LineString", "coordinates": [ [ 79.0474462, 30.7202188 ], [ 79.0484762, 30.7197945 ], [ 79.0507936, 30.7187984 ], [ 79.0527892, 30.7171013 ], [ 79.0555572, 30.7158284 ], [ 79.0573167, 30.7145002 ], [ 79.0588617, 30.7132458 ], [ 79.0610289, 30.7121204 ], [ 79.0620374, 30.7117514 ], [ 79.0635869, 30.7109241 ] ] } },
{ "type": "Feature", "properties": { "alt_name": null, "area": null, "boat": null, "destination": null, "int_name": null, "intermittent": null, "layer": null, "name": null, "name:en": null, "name:hi": null, "name:kn": null, "name:ml": null, "plant:source": null, "power": null, "seasonal": null, "waterway": "stream", "wikipedia": null, "osm_id": 226840543, "source": "OPEN_DATA", "tunnel": null }, "geometry": { "type": "LineString", "coordinates": [ [ 79.0086975, 30.7245443 ], [ 79.0075442, 30.7222562 ], [ 79.0074998, 30.7215443 ], [ 79.0089489, 30.7194214 ], [ 79.010191, 30.7179976 ], [ 79.0112557, 30.7163069 ], [ 79.012483, 30.7148195 ], [ 79.0128379, 30.7137516 ], [ 79.0121429, 30.7116794 ], [ 79.0115958, 30.7110183 ] ] } },
{ "type": "Feature", "properties": { "alt_name": null, "area": null, "boat": null, "destination": null, "int_name": null, "intermittent": null, "layer": null, "name": null, "name:en": null, "name:hi": null, "name:kn": null, "name:ml": null, "plant:source": null, "power": null, "seasonal": null, "waterway": "stream", "wikipedia": null, "osm_id": 1071328269, "source": "OPEN_DATA", "tunnel": null }, "geometry": { "type": "LineString", "coordinates": [ [ 79.0069127, 30.7277631 ], [ 79.0094018, 30.7265826 ], [ 79.0101743, 30.7266011 ], [ 79.0124059, 30.7272467 ], [ 79.0146804, 30.7270991 ], [ 79.0156674, 30.7275418 ], [ 79.0163111, 30.7284456 ], [ 79.0172338, 30.7285009 ], [ 79.0182638, 30.7277262 ], [ 79.0196371, 30.7270991 ], [ 79.0213752, 30.7255128 ], [ 79.0226626, 30.7260846 ], [ 79.023714, 30.7260293 ], [ 79.0253448, 30.7258448 ], [ 79.0268898, 30.7257157 ], [ 79.0279197, 30.7249041 ], [ 79.0288639, 30.7231517 ], [ 79.0294862, 30.7214363 ], [ 79.0301707, 30.7201394 ] ] } },
{ "type": "Feature", "properties": { "alt_name": null, "area": null, "boat": null, "destination": null, "int_name": null, "intermittent": null, "layer": null, "name": null, "name:en": null, "name:hi": null, "name:kn": null, "name:ml": null, "plant:source": null, "power": null, "seasonal": null, "waterway": "stream", "wikipedia": null, "osm_id": 1071328270, "source": "OPEN_DATA", "tunnel": null }, "geometry": { "type": "LineString", "coordinates": [ [ 79.0136289, 30.7415222 ], [ 79.0156889, 30.7413378 ], [ 79.0175557, 30.7402497 ], [ 79.0194225, 30.7389218 ], [ 79.0202379, 30.7367086 ], [ 79.0207099, 30.7356389 ], [ 79.0234136, 30.7344216 ], [ 79.025731, 30.7320608 ], [ 79.0263319, 30.7299212 ], [ 79.0279626, 30.7288145 ], [ 79.0284776, 30.7275603 ], [ 79.0290088, 30.7263345 ], [ 79.029293, 30.7256788 ], [ 79.0299582, 30.7248857 ], [ 79.0309453, 30.7239818 ], [ 79.0312782, 30.7230646 ] ] } },
{ "type": "Feature", "properties": { "alt_name": null, "area": null, "boat": null, "destination": null, "int_name": null, "intermittent": null, "layer": null, "name": "Dudh Ganga", "name:en": null, "name:hi": null, "name:kn": null, "name:ml": null, "plant:source": null, "power": null, "seasonal": null, "waterway": "stream", "wikipedia": null, "osm_id": 226840548, "source": "OPEN_DATA", "tunnel": null }, "geometry": { "type": "LineString", "coordinates": [ [ 79.0276837, 30.7499685 ], [ 79.0286064, 30.7489727 ], [ 79.0298939, 30.7479584 ], [ 79.0317607, 30.747608 ], [ 79.0326834, 30.746981 ], [ 79.0332198, 30.7456164 ], [ 79.034391, 30.744864 ], [ 79.0358697, 30.7434914 ], [ 79.0373484, 30.74128 ], [ 79.0394482, 30.7402887 ], [ 79.0438252, 30.7392211 ], [ 79.0477882, 30.7378484 ], [ 79.0530228, 30.7340609 ], [ 79.0549155, 30.7329932 ], [ 79.056052, 30.7326208 ], [ 79.0574124, 30.7322776 ], [ 79.0590686, 30.7322522 ], [ 79.0601924, 30.7320234 ], [ 79.061819, 30.7324174 ], [ 79.063416, 30.7325954 ], [ 79.0644036, 30.7325318 ], [ 79.0646127, 30.7325633 ], [ 79.064963, 30.7328913 ], [ 79.0655694, 30.7330306 ], [ 79.0659615, 30.7329992 ], [ 79.0658559, 30.7328594 ] ] } },
{ "type": "Feature", "properties": { "alt_name": null, "area": null, "boat": null, "destination": null, "int_name": null, "intermittent": null, "layer": null, "name": null, "name:en": null, "name:hi": null, "name:kn": null, "name:ml": null, "plant:source": null, "power": null, "seasonal": null, "waterway": "stream", "wikipedia": null, "osm_id": 102901991, "source": "OPEN_DATA", "tunnel": null }, "geometry": { "type": "LineString", "coordinates": [ [ 79.0497778, 30.7469195 ], [ 79.0526961, 30.7460343 ], [ 79.0556143, 30.7420508 ], [ 79.0583609, 30.7404279 ], [ 79.0644823, 30.7399274 ] ] } },
{ "type": "Feature", "properties": { "alt_name": null, "area": null, "boat": null, "destination": null, "int_name": null, "intermittent": null, "layer": null, "name": null, "name:en": null, "name:hi": null, "name:kn": null, "name:ml": null, "plant:source": null, "power": null, "seasonal": null, "waterway": "stream", "wikipedia": null, "osm_id": 226840546, "source": "OPEN_DATA", "tunnel": null }, "geometry": { "type": "LineString", "coordinates": [ [ 79.0668941, 30.7177106 ], [ 79.0668867, 30.716986 ], [ 79.0666871, 30.7161533 ], [ 79.0663026, 30.7151553 ], [ 79.0663174, 30.7137442 ], [ 79.0664283, 30.7129878 ], [ 79.066517, 30.7124539 ], [ 79.0664135, 30.7120597 ], [ 79.0663766, 30.7112525 ], [ 79.0664949, 30.7107503 ], [ 79.066655, 30.7106154 ], [ 79.0666678, 30.7103363 ] ] } },
{ "type": "Feature", "properties": { "alt_name": null, "area": null, "boat": null, "destination": null, "int_name": null, "intermittent": null, "layer": null, "name": null, "name:en": null, "name:hi": null, "name:kn": null, "name:ml": null, "plant:source": null, "power": null, "seasonal": null, "waterway": "stream", "wikipedia": null, "osm_id": 226840572, "source": "OPEN_DATA", "tunnel": null }, "geometry": { "type": "LineString", "coordinates": [ [ 79.0813609, 30.7131883 ], [ 79.0807399, 30.7132264 ], [ 79.080104, 30.7139002 ], [ 79.078788, 30.7144087 ], [ 79.077605, 30.7151715 ], [ 79.0765847, 30.715591 ], [ 79.075106, 30.7156418 ], [ 79.0739969, 30.7159342 ], [ 79.0734087, 30.7156461 ] ] } },
{ "type": "Feature", "properties": { "alt_name": null, "area": null, "boat": null, "destination": null, "int_name": null, "intermittent": null, "layer": null, "name": null, "name:en": null, "name:hi": null, "name:kn": null, "name:ml": null, "plant:source": null, "power": null, "seasonal": null, "waterway": "stream", "wikipedia": null, "osm_id": 226840554, "source": "OPEN_DATA", "tunnel": null }, "geometry": { "type": "LineString", "coordinates": [ [ 79.057667, 30.7185877 ], [ 79.0585542, 30.7185115 ], [ 79.0599885, 30.7184288 ], [ 79.0617926, 30.7186449 ], [ 79.0633822, 30.7185941 ], [ 79.0658738, 30.7182572 ], [ 79.0667758, 30.7181174 ], [ 79.0668989, 30.7180511 ], [ 79.0672712, 30.7178504 ], [ 79.0673747, 30.7170686 ], [ 79.0676778, 30.7166809 ], [ 79.0676483, 30.7160643 ], [ 79.0675669, 30.7151109 ], [ 79.0675521, 30.7143799 ], [ 79.0675654, 30.7140639 ], [ 79.0672712, 30.7135535 ], [ 79.0670716, 30.7130387 ], [ 79.0670716, 30.7125492 ], [ 79.0673969, 30.7118436 ], [ 79.0674338, 30.7113351 ], [ 79.0669459, 30.7109601 ], [ 79.0666845, 30.7107196 ], [ 79.066655, 30.7106154 ] ] } },
{ "type": "Feature", "properties": { "alt_name": null, "area": null, "boat": null, "destination": null, "int_name": null, "intermittent": null, "layer": null, "name": null, "name:en": null, "name:hi": null, "name:kn": null, "name:ml": null, "plant:source": null, "power": null, "seasonal": null, "waterway": "stream", "wikipedia": null, "osm_id": 226839284, "source": "OPEN_DATA", "tunnel": null }, "geometry": { "type": "LineString", "coordinates": [ [ 79.0831984, 30.7171948 ], [ 79.0797758, 30.716476 ], [ 79.0783649, 30.7171498 ], [ 79.0764054, 30.717644 ], [ 79.0738972, 30.7171723 ], [ 79.0733747, 30.7162739 ], [ 79.0734087, 30.7156461 ], [ 79.0726707, 30.7144748 ], [ 79.0709188, 30.7132415 ], [ 79.0701088, 30.7131516 ], [ 79.0696204, 30.7132257 ] ] } },
{ "type": "Feature", "properties": { "alt_name": null, "area": null, "boat": null, "destination": null, "int_name": null, "intermittent": null, "layer": null, "name": null, "name:en": null, "name:hi": null, "name:kn": null, "name:ml": null, "plant:source": null, "power": null, "seasonal": null, "waterway": "stream", "wikipedia": null, "osm_id": 226839296, "source": "OPEN_DATA", "tunnel": null }, "geometry": { "type": "LineString", "coordinates": [ [ 79.081461, 30.7203955 ], [ 79.0794492, 30.7203281 ], [ 79.0786132, 30.7199462 ], [ 79.0755824, 30.7193623 ], [ 79.0739625, 30.7188232 ], [ 79.0733538, 30.7184861 ] ] } },
{ "type": "Feature", "properties": { "alt_name": null, "area": null, "boat": null, "destination": null, "int_name": null, "intermittent": null, "layer": null, "name": null, "name:en": null, "name:hi": null, "name:kn": null, "name:ml": null, "plant:source": null, "power": null, "seasonal": null, "waterway": "stream", "wikipedia": null, "osm_id": 226840547, "source": "OPEN_DATA", "tunnel": null }, "geometry": { "type": "LineString", "coordinates": [ [ 79.0618146, 30.7243178 ], [ 79.0626406, 30.724138 ], [ 79.063498, 30.7239852 ], [ 79.0642613, 30.7236256 ], [ 79.0647004, 30.7230459 ], [ 79.064988, 30.7226908 ], [ 79.0655944, 30.7215313 ], [ 79.0658817, 30.7206902 ], [ 79.065929, 30.7205515 ], [ 79.0662741, 30.7199313 ], [ 79.0666923, 30.7189695 ], [ 79.0668989, 30.7180511 ] ] } },
{ "type": "Feature", "properties": { "alt_name": null, "area": null, "boat": null, "destination": null, "int_name": null, "intermittent": null, "layer": null, "name": null, "name:en": null, "name:hi": null, "name:kn": null, "name:ml": null, "plant:source": null, "power": null, "seasonal": null, "waterway": "stream", "wikipedia": null, "osm_id": 226840565, "source": "OPEN_DATA", "tunnel": null }, "geometry": { "type": "LineString", "coordinates": [ [ 79.0592476, 30.7216302 ], [ 79.0602827, 30.7216392 ], [ 79.0617675, 30.7216392 ], [ 79.0627713, 30.7217201 ], [ 79.0641515, 30.7212976 ], [ 79.0648625, 30.720983 ], [ 79.065333, 30.7208482 ], [ 79.0658817, 30.7206902 ] ] } },
{ "type": "Feature", "properties": { "alt_name": null, "area": null, "boat": null, "destination": null, "int_name": null, "intermittent": null, "layer": null, "name": null, "name:en": null, "name:hi": null, "name:kn": null, "name:ml": null, "plant:source": null, "power": null, "seasonal": null, "waterway": "stream", "wikipedia": null, "osm_id": 226839297, "source": "OPEN_DATA", "tunnel": null }, "geometry": { "type": "LineString", "coordinates": [ [ 79.0845701, 30.7241463 ], [ 79.082088, 30.7237645 ], [ 79.079606, 30.7232704 ], [ 79.0771762, 30.7232254 ], [ 79.0738058, 30.7219003 ], [ 79.0728817, 30.7210316 ] ] } },
{ "type": "Feature", "properties": { "alt_name": null, "area": null, "boat": null, "destination": null, "int_name": null, "intermittent": null, "layer": null, "name": null, "name:en": null, "name:hi": null, "name:kn": null, "name:ml": null, "plant:source": null, "power": null, "seasonal": null, "waterway": "stream", "wikipedia": null, "osm_id": 226839288, "source": "OPEN_DATA", "tunnel": null }, "geometry": { "type": "LineString", "coordinates": [ [ 79.0896257, 30.7343537 ], [ 79.0882279, 30.7335677 ], [ 79.0872481, 30.7328827 ], [ 79.0839953, 30.7325122 ], [ 79.0828327, 30.7324673 ], [ 79.0818529, 30.731962 ], [ 79.080024, 30.7323887 ], [ 79.0778816, 30.7323887 ], [ 79.0760266, 30.7314005 ], [ 79.0741062, 30.7313219 ], [ 79.0726562, 30.7310075 ], [ 79.0721337, 30.7305471 ], [ 79.0718593, 30.7293344 ], [ 79.071585, 30.7287167 ], [ 79.0715066, 30.7267067 ], [ 79.0724602, 30.7228324 ], [ 79.0728817, 30.7210316 ], [ 79.0733486, 30.7190366 ], [ 79.0733538, 30.7184861 ], [ 79.0733747, 30.7162739 ] ] } },
{ "type": "Feature", "properties": { "alt_name": null, "area": null, "boat": null, "destination": null, "int_name": null, "intermittent": null, "layer": null, "name": null, "name:en": null, "name:hi": null, "name:kn": null, "name:ml": null, "plant:source": null, "power": null, "seasonal": null, "waterway": "stream", "wikipedia": null, "osm_id": 226840569, "source": "OPEN_DATA", "tunnel": null }, "geometry": { "type": "LineString", "coordinates": [ [ 79.0601575, 30.7271098 ], [ 79.0631445, 30.7266141 ], [ 79.0639804, 30.7265039 ], [ 79.0655548, 30.7262963 ], [ 79.0665382, 30.7262391 ], [ 79.067004, 30.7259023 ], [ 79.0676398, 30.7257752 ], [ 79.0680912, 30.7255703 ] ] } },
{ "type": "Feature", "properties": { "alt_name": null, "area": null, "boat": null, "destination": null, "int_name": null, "intermittent": null, "layer": null, "name": null, "name:en": null, "name:hi": null, "name:kn": null, "name:ml": null, "plant:source": null, "power": null, "seasonal": null, "waterway": "stream", "wikipedia": null, "osm_id": 226840564, "source": "OPEN_DATA", "tunnel": null }, "geometry": { "type": "LineString", "coordinates": [ [ 79.0604881, 30.7286805 ], [ 79.0613753, 30.7286296 ], [ 79.0624548, 30.7290491 ], [ 79.0629428, 30.7289474 ], [ 79.0630463, 30.7279941 ], [ 79.0634279, 30.7269874 ], [ 79.0639804, 30.7265039 ] ] } },
{ "type": "Feature", "properties": { "alt_name": null, "area": null, "boat": null, "destination": null, "int_name": null, "intermittent": null, "layer": null, "name": null, "name:en": null, "name:hi": null, "name:kn": null, "name:ml": null, "plant:source": null, "power": null, "seasonal": null, "waterway": "stream", "wikipedia": null, "osm_id": 226839287, "source": "OPEN_DATA", "tunnel": null }, "geometry": { "type": "LineString", "coordinates": [ [ 79.078992, 30.7356001 ], [ 79.0774766, 30.7342976 ], [ 79.0754446, 30.7335778 ], [ 79.0750991, 30.7334554 ], [ 79.0716084, 30.7318856 ], [ 79.0709577, 30.7313623 ], [ 79.0705502, 30.7311195 ], [ 79.0692589, 30.730751 ], [ 79.0689975, 30.7305847 ], [ 79.0688607, 30.7305438 ], [ 79.0681401, 30.7303286 ], [ 79.067518, 30.7299016 ], [ 79.0669414, 30.7295586 ] ] } },
{ "type": "Feature", "properties": { "alt_name": null, "area": null, "boat": null, "destination": null, "int_name": null, "intermittent": null, "layer": null, "name": null, "name:en": null, "name:hi": null, "name:kn": null, "name:ml": null, "plant:source": null, "power": null, "seasonal": null, "waterway": "stream", "wikipedia": null, "osm_id": 226840560, "source": "OPEN_DATA", "tunnel": null }, "geometry": { "type": "LineString", "coordinates": [ [ 79.0739071, 30.7360296 ], [ 79.0733044, 30.7361 ], [ 79.0723741, 30.7361064 ], [ 79.0716523, 30.7361 ], [ 79.0712951, 30.7359145 ], [ 79.0711239, 30.7356906 ], [ 79.0712058, 30.7352429 ], [ 79.0712058, 30.7343858 ], [ 79.0710889, 30.733952 ], [ 79.070923, 30.7333367 ], [ 79.0707221, 30.7328858 ], [ 79.0706551, 30.732566 ], [ 79.0706018, 30.732473 ], [ 79.0704271, 30.7323815 ], [ 79.0699917, 30.7322833 ], [ 79.0693558, 30.7323151 ], [ 79.0688974, 30.732385 ], [ 79.0684908, 30.7322928 ], [ 79.0681654, 30.7322865 ], [ 79.0677847, 30.732331 ] ] } },
{ "type": "Feature", "properties": { "alt_name": null, "area": null, "boat": null, "destination": null, "int_name": null, "intermittent": null, "layer": null, "name": null, "name:en": null, "name:hi": null, "name:kn": null, "name:ml": null, "plant:source": null, "power": null, "seasonal": null, "waterway": "stream", "wikipedia": null, "osm_id": 226858251, "source": "OPEN_DATA", "tunnel": null }, "geometry": { "type": "LineString", "coordinates": [ [ 79.0741199, 30.7348663 ], [ 79.0730149, 30.7345949 ], [ 79.0720256, 30.7342874 ], [ 79.0712995, 30.7340883 ], [ 79.0710889, 30.733952 ] ] } },
{ "type": "Feature", "properties": { "alt_name": null, "area": null, "boat": null, "destination": null, "int_name": null, "intermittent": null, "layer": null, "name": "Saraswati", "name:en": null, "name:hi": null, "name:kn": null, "name:ml": null, "plant:source": null, "power": null, "seasonal": null, "waterway": "stream", "wikipedia": null, "osm_id": 226840550, "source": "OPEN_DATA", "tunnel": null }, "geometry": { "type": "LineString", "coordinates": [ [ 79.0751467, 30.737944 ], [ 79.0743991, 30.7378406 ], [ 79.0736777, 30.737908 ], [ 79.0728516, 30.7380108 ], [ 79.0720309, 30.7380425 ], [ 79.0715873, 30.7382014 ], [ 79.0709219, 30.7381696 ], [ 79.0700716, 30.738462 ], [ 79.0694949, 30.7383158 ], [ 79.0690217, 30.7379853 ], [ 79.0687334, 30.7375087 ], [ 79.0687999, 30.7368565 ], [ 79.0687947, 30.736524 ], [ 79.0687498, 30.7361867 ], [ 79.0686685, 30.73607 ], [ 79.0686528, 30.7359464 ], [ 79.068572, 30.7358424 ], [ 79.0684688, 30.7357794 ], [ 79.0682843, 30.7356306 ], [ 79.0681841, 30.7352967 ], [ 79.0681833, 30.7352885 ], [ 79.068194, 30.7351913 ], [ 79.0681807, 30.735124 ], [ 79.0681974, 30.7350009 ], [ 79.0681457, 30.7349852 ], [ 79.0681115, 30.7345855 ], [ 79.0680375, 30.7345287 ], [ 79.0680076, 30.7344385 ], [ 79.0678977, 30.7343999 ], [ 79.0679052, 30.7343379 ], [ 79.0679425, 30.7342679 ], [ 79.0681624, 30.7340621 ], [ 79.0682905, 30.7338244 ], [ 79.0684554, 30.733763 ], [ 79.0684142, 30.7336576 ], [ 79.0684837, 30.7335326 ], [ 79.0683688, 30.7333287 ], [ 79.0683725, 30.7330237 ], [ 79.0682061, 30.7328807 ], [ 79.0680989, 30.7326964 ], [ 79.0677847, 30.732331 ], [ 79.0675571, 30.732188 ], [ 79.0672108, 30.7321473 ], [ 79.0670867, 30.7320229 ], [ 79.0667681, 30.7317781 ], [ 79.0664612, 30.7315676 ] ] } },
{ "type": "Feature", "properties": { "alt_name": null, "area": null, "boat": null, "destination": null, "int_name": null, "intermittent": null, "layer": null, "name": null, "name:en": null, "name:hi": null, "name:kn": null, "name:ml": null, "plant:source": null, "power": null, "seasonal": null, "waterway": "stream", "wikipedia": null, "osm_id": 226840540, "source": "OPEN_DATA", "tunnel": null }, "geometry": { "type": "LineString", "coordinates": [ [ 79.082756, 30.7379454 ], [ 79.0820868, 30.7379454 ], [ 79.0807693, 30.7379634 ], [ 79.0791591, 30.737505 ], [ 79.0778939, 30.7365614 ], [ 79.0769633, 30.7356896 ], [ 79.0759909, 30.7354649 ], [ 79.0755517, 30.7349976 ], [ 79.0754995, 30.7343594 ], [ 79.0754446, 30.7335778 ] ] } },
{ "type": "Feature", "properties": { "alt_name": null, "area": null, "boat": null, "destination": null, "int_name": null, "intermittent": null, "layer": null, "name": null, "name:en": null, "name:hi": null, "name:kn": null, "name:ml": null, "plant:source": null, "power": null, "seasonal": null, "waterway": "stream", "wikipedia": null, "osm_id": 226840555, "source": "OPEN_DATA", "tunnel": null }, "geometry": { "type": "LineString", "coordinates": [ [ 79.0690109, 30.7392819 ], [ 79.0687808, 30.7388909 ], [ 79.0686501, 30.738536 ], [ 79.0685822, 30.7379743 ], [ 79.0685803, 30.7376127 ], [ 79.0684685, 30.7374908 ], [ 79.0684871, 30.7373951 ], [ 79.0685487, 30.7373207 ], [ 79.0685503, 30.7372349 ], [ 79.0685299, 30.7371344 ], [ 79.0685537, 30.736983 ], [ 79.0686036, 30.7369086 ], [ 79.0685853, 30.7368356 ], [ 79.0685903, 30.7367583 ], [ 79.0686086, 30.7366181 ], [ 79.068582, 30.7365637 ], [ 79.0685836, 30.7364893 ], [ 79.0686253, 30.7364134 ], [ 79.0686911, 30.7363753 ], [ 79.0687498, 30.7361867 ] ] } },
{ "type": "Feature", "properties": { "alt_name": null, "area": null, "boat": null, "destination": null, "int_name": null, "intermittent": null, "layer": null, "name": null, "name:en": null, "name:hi": null, "name:kn": null, "name:ml": null, "plant:source": null, "power": null, "seasonal": null, "waterway": "stream", "wikipedia": null, "osm_id": 226840566, "source": "OPEN_DATA", "tunnel": null }, "geometry": { "type": "LineString", "coordinates": [ [ 79.0556466, 30.7386911 ], [ 79.0576133, 30.7392122 ], [ 79.0590181, 30.7392885 ], [ 79.0613545, 30.7384878 ], [ 79.0627593, 30.7377887 ], [ 79.0643267, 30.737382 ], [ 79.0657906, 30.736988 ], [ 79.0659534, 30.7366738 ] ] } },
{ "type": "Feature", "properties": { "alt_name": null, "area": null, "boat": null, "destination": null, "int_name": null, "intermittent": null, "layer": null, "name": null, "name:en": null, "name:hi": null, "name:kn": null, "name:ml": null, "plant:source": null, "power": null, "seasonal": null, "waterway": "stream", "wikipedia": null, "osm_id": 226858250, "source": "OPEN_DATA", "tunnel": null }, "geometry": { "type": "LineString", "coordinates": [ [ 79.0755307, 30.7386907 ], [ 79.075115, 30.738736 ], [ 79.0737574, 30.7385008 ], [ 79.0734259, 30.7385958 ], [ 79.0729418, 30.7388219 ], [ 79.0721735, 30.7390616 ], [ 79.0716368, 30.7389531 ], [ 79.0712158, 30.7387586 ], [ 79.0704371, 30.7387224 ], [ 79.069774, 30.7387631 ], [ 79.069259, 30.7386581 ], [ 79.0690605, 30.7384999 ], [ 79.0685822, 30.7379743 ] ] } },
{ "type": "Feature", "properties": { "alt_name": null, "area": null, "boat": null, "destination": null, "int_name": null, "intermittent": null, "layer": null, "name": null, "name:en": null, "name:hi": null, "name:kn": null, "name:ml": null, "plant:source": null, "power": null, "seasonal": null, "waterway": "stream", "wikipedia": null, "osm_id": 226840558, "source": "OPEN_DATA", "tunnel": null }, "geometry": { "type": "LineString", "coordinates": [ [ 79.0697402, 30.7396682 ], [ 79.0695886, 30.7391155 ], [ 79.0694213, 30.7387874 ], [ 79.069259, 30.7386581 ] ] } },
{ "type": "Feature", "properties": { "alt_name": null, "area": null, "boat": null, "destination": null, "int_name": null, "intermittent": null, "layer": null, "name": null, "name:en": null, "name:hi": null, "name:kn": null, "name:ml": null, "plant:source": null, "power": null, "seasonal": null, "waterway": "stream", "wikipedia": null, "osm_id": 226868099, "source": "OPEN_DATA", "tunnel": null }, "geometry": { "type": "LineString", "coordinates": [ [ 79.0702965, 30.74164 ], [ 79.070017, 30.7411129 ], [ 79.069868, 30.7410172 ], [ 79.0694599, 30.7408912 ], [ 79.0691947, 30.7405846 ], [ 79.0691406, 30.740059 ], [ 79.0690973, 30.7398122 ], [ 79.0688948, 30.7396017 ], [ 79.0684132, 30.7394018 ], [ 79.0681066, 30.7389426 ], [ 79.0678269, 30.7387394 ], [ 79.0675508, 30.7386044 ], [ 79.0673248, 30.7384004 ], [ 79.0670311, 30.7375523 ], [ 79.0666601, 30.7371543 ], [ 79.0661404, 30.7368806 ] ] } },
{ "type": "Feature", "properties": { "alt_name": null, "area": null, "boat": null, "destination": null, "int_name": null, "intermittent": null, "layer": null, "name": null, "name:en": null, "name:hi": null, "name:kn": null, "name:ml": null, "plant:source": null, "power": null, "seasonal": null, "waterway": "stream", "wikipedia": null, "osm_id": 226840568, "source": "OPEN_DATA", "tunnel": null }, "geometry": { "type": "LineString", "coordinates": [ [ 79.0765426, 30.7404109 ], [ 79.0751206, 30.7404154 ], [ 79.0741534, 30.7404783 ], [ 79.0721302, 30.7405637 ], [ 79.0711368, 30.7406715 ], [ 79.0706768, 30.7408827 ], [ 79.0701383, 30.741031 ], [ 79.069868, 30.7410172 ] ] } },
{ "type": "Feature", "properties": { "alt_name": null, "area": null, "boat": null, "destination": null, "int_name": null, "intermittent": null, "layer": null, "name": null, "name:en": null, "name:hi": null, "name:kn": null, "name:ml": null, "plant:source": null, "power": null, "seasonal": null, "waterway": "stream", "wikipedia": null, "osm_id": 226840571, "source": "OPEN_DATA", "tunnel": null }, "geometry": { "type": "LineString", "coordinates": [ [ 79.0648471, 30.7446095 ], [ 79.0651725, 30.7442663 ], [ 79.0663406, 30.7438342 ], [ 79.0677158, 30.7430336 ], [ 79.0685291, 30.7415466 ], [ 79.0685463, 30.7408564 ], [ 79.0683391, 30.7406419 ], [ 79.0683227, 30.7403552 ], [ 79.0680244, 30.7396928 ], [ 79.0677881, 30.7394479 ], [ 79.0675822, 30.7393854 ], [ 79.067402, 30.7391322 ], [ 79.0674107, 30.7389283 ], [ 79.0675508, 30.7386044 ] ] } },
{ "type": "Feature", "properties": { "alt_name": null, "area": null, "boat": null, "destination": null, "int_name": null, "intermittent": null, "layer": null, "name": null, "name:en": null, "name:hi": null, "name:kn": null, "name:ml": null, "plant:source": null, "power": null, "seasonal": null, "waterway": "stream", "wikipedia": null, "osm_id": 226840551, "source": "OPEN_DATA", "tunnel": null }, "geometry": { "type": "LineString", "coordinates": [ [ 79.0861563, 30.7394582 ], [ 79.0845356, 30.7401592 ], [ 79.08349, 30.7403928 ], [ 79.0817438, 30.7408332 ], [ 79.0804055, 30.7414353 ], [ 79.0778019, 30.7430979 ], [ 79.0760139, 30.7442032 ], [ 79.0749056, 30.7444818 ], [ 79.073724, 30.7444099 ], [ 79.0733581, 30.7441763 ], [ 79.0731489, 30.7436011 ], [ 79.0727516, 30.7430439 ], [ 79.0724693, 30.7424328 ], [ 79.0716851, 30.7419745 ], [ 79.0706708, 30.7418936 ] ] } },
{ "type": "Feature", "properties": { "alt_name": null, "area": null, "boat": null, "destination": null, "int_name": null, "intermittent": null, "layer": null, "name": null, "name:en": null, "name:hi": null, "name:kn": null, "name:ml": null, "plant:source": null, "power": null, "seasonal": null, "waterway": "stream", "wikipedia": null, "osm_id": 226840562, "source": "OPEN_DATA", "tunnel": null }, "geometry": { "type": "LineString", "coordinates": [ [ 79.0772143, 30.7419715 ], [ 79.0762941, 30.7425018 ], [ 79.0756563, 30.7430679 ], [ 79.0745584, 30.7438677 ], [ 79.0739938, 30.7439127 ], [ 79.0735233, 30.7438408 ], [ 79.0731489, 30.7436011 ] ] } },
{ "type": "Feature", "properties": { "alt_name": null, "area": null, "boat": null, "destination": null, "int_name": null, "intermittent": null, "layer": null, "name": null, "name:en": null, "name:hi": null, "name:kn": null, "name:ml": null, "plant:source": null, "power": null, "seasonal": null, "waterway": "stream", "wikipedia": null, "osm_id": 226840567, "source": "OPEN_DATA", "tunnel": null }, "geometry": { "type": "LineString", "coordinates": [ [ 79.0808123, 30.7427596 ], [ 79.0797181, 30.7435094 ], [ 79.0785425, 30.7442783 ], [ 79.0777736, 30.7444117 ], [ 79.0767459, 30.7444117 ], [ 79.0757182, 30.7447231 ], [ 79.0746017, 30.7449582 ], [ 79.0742313, 30.7452208 ], [ 79.0738846, 30.7454666 ] ] } },
{ "type": "Feature", "properties": { "alt_name": null, "area": null, "boat": null, "destination": null, "int_name": null, "intermittent": null, "layer": null, "name": null, "name:en": null, "name:hi": null, "name:kn": null, "name:ml": null, "plant:source": null, "power": null, "seasonal": null, "waterway": "stream", "wikipedia": null, "osm_id": 226840544, "source": "OPEN_DATA", "tunnel": null }, "geometry": { "type": "LineString", "coordinates": [ [ 79.0865954, 30.7431428 ], [ 79.0847552, 30.7434843 ], [ 79.0825803, 30.7447604 ], [ 79.0806355, 30.7458208 ], [ 79.0792553, 30.7459466 ], [ 79.0777705, 30.7459286 ], [ 79.0769504, 30.7459532 ], [ 79.0758069, 30.7459876 ], [ 79.074343, 30.7455936 ], [ 79.0738846, 30.7454666 ], [ 79.0729462, 30.7454813 ] ] } },
{ "type": "Feature", "properties": { "alt_name": null, "area": null, "boat": null, "destination": null, "int_name": null, "intermittent": null, "layer": null, "name": null, "name:en": null, "name:hi": null, "name:kn": null, "name:ml": null, "plant:source": null, "power": null, "seasonal": null, "waterway": "stream", "wikipedia": null, "osm_id": 226840541, "source": "OPEN_DATA", "tunnel": null }, "geometry": { "type": "LineString", "coordinates": [ [ 79.088373, 30.7461802 ], [ 79.0866791, 30.7465397 ], [ 79.0848179, 30.7468452 ], [ 79.082183, 30.746342 ], [ 79.0811794, 30.7463315 ], [ 79.0804682, 30.746324 ], [ 79.0777496, 30.7463959 ], [ 79.0774889, 30.7464216 ], [ 79.075742, 30.7465936 ], [ 79.0741109, 30.7467913 ], [ 79.0735754, 30.746631 ] ] } },
{ "type": "Feature", "properties": { "alt_name": null, "area": null, "boat": null, "destination": null, "int_name": null, "intermittent": null, "layer": null, "name": null, "name:en": null, "name:hi": null, "name:kn": null, "name:ml": null, "plant:source": null, "power": null, "seasonal": null, "waterway": "stream", "wikipedia": null, "osm_id": 226840561, "source": "OPEN_DATA", "tunnel": null }, "geometry": { "type": "LineString", "coordinates": [ [ 79.0892304, 30.7506553 ], [ 79.0877456, 30.7493614 ], [ 79.0869389, 30.7487968 ], [ 79.0857251, 30.7479472 ], [ 79.0857171, 30.7479416 ], [ 79.083835, 30.7474024 ], [ 79.081932, 30.7467194 ], [ 79.0811794, 30.7463315 ] ] } },
{ "type": "Feature", "properties": { "alt_name": null, "area": null, "boat": null, "destination": null, "int_name": null, "intermittent": null, "layer": null, "name": null, "name:en": null, "name:hi": null, "name:kn": null, "name:ml": null, "plant:source": null, "power": null, "seasonal": null, "waterway": "stream", "wikipedia": null, "osm_id": 226840553, "source": "OPEN_DATA", "tunnel": null }, "geometry": { "type": "LineString", "coordinates": [ [ 79.0819022, 30.757726 ], [ 79.0817936, 30.7572972 ], [ 79.0816059, 30.7567921 ], [ 79.0815021, 30.7566435 ], [ 79.0814379, 30.7564058 ], [ 79.0811613, 30.756011 ], [ 79.0809933, 30.7558285 ], [ 79.0808501, 30.7556375 ], [ 79.0806179, 30.7553149 ], [ 79.0800153, 30.7548437 ], [ 79.0796349, 30.7547078 ], [ 79.0793682, 30.754589 ], [ 79.0788544, 30.7546272 ], [ 79.0784, 30.7547163 ], [ 79.0779949, 30.7547758 ], [ 79.0777233, 30.7544319 ], [ 79.0774673, 30.7542047 ], [ 79.0768818, 30.7531444 ], [ 79.0761603, 30.7523806 ], [ 79.0759703, 30.7522621 ], [ 79.075397, 30.7519044 ], [ 79.0752594, 30.7514961 ], [ 79.0744978, 30.7510957 ], [ 79.0740586, 30.7508171 ], [ 79.0737868, 30.7503678 ], [ 79.0727725, 30.7500623 ], [ 79.0723438, 30.7495411 ], [ 79.0724902, 30.7486245 ], [ 79.0730757, 30.747681 ], [ 79.0735881, 30.7468452 ], [ 79.0735754, 30.746631 ], [ 79.0735567, 30.746315 ], [ 79.0729462, 30.7454813 ], [ 79.0727934, 30.7452726 ], [ 79.0723125, 30.7442841 ], [ 79.0715805, 30.7430979 ], [ 79.0710786, 30.7421632 ], [ 79.0706708, 30.7418936 ], [ 79.0702965, 30.74164 ] ] } },
{ "type": "Feature", "properties": { "alt_name": null, "area": null, "boat": null, "destination": null, "int_name": null, "intermittent": null, "layer": null, "name": null, "name:en": null, "name:hi": null, "name:kn": null, "name:ml": null, "plant:source": null, "power": null, "seasonal": null, "waterway": "stream", "wikipedia": null, "osm_id": 226869801, "source": "OPEN_DATA", "tunnel": null }, "geometry": { "type": "LineString", "coordinates": [ [ 79.0444969, 30.7601351 ], [ 79.04547, 30.7600196 ], [ 79.0464906, 30.7602371 ], [ 79.0472739, 30.7602371 ], [ 79.0479384, 30.7598496 ], [ 79.048959, 30.7592989 ], [ 79.0500508, 30.7593465 ], [ 79.0518219, 30.7584245 ], [ 79.053366, 30.7574822 ], [ 79.0544624, 30.7563188 ], [ 79.0561072, 30.7541073 ], [ 79.0572932, 30.7526746 ], [ 79.058703, 30.7515977 ], [ 79.060247, 30.7494823 ], [ 79.0613659, 30.7483284 ], [ 79.0614106, 30.747963 ], [ 79.0612193, 30.7476342 ], [ 79.0612361, 30.7471101 ], [ 79.0614935, 30.7465283 ], [ 79.0616613, 30.7464322 ] ] } },
{ "type": "Feature", "properties": { "alt_name": null, "area": null, "boat": null, "destination": null, "int_name": null, "intermittent": null, "layer": null, "name": null, "name:en": null, "name:hi": null, "name:kn": null, "name:ml": null, "plant:source": null, "power": null, "seasonal": null, "waterway": "stream", "wikipedia": null, "osm_id": 226841937, "source": "OPEN_DATA", "tunnel": null }, "geometry": { "type": "LineString", "coordinates": [ [ 79.0799487, 30.7640095 ], [ 79.0792796, 30.7633806 ], [ 79.0768474, 30.7625756 ], [ 79.0748044, 30.7615118 ], [ 79.072023, 30.7599124 ], [ 79.0704337, 30.7594811 ], [ 79.0695345, 30.7585647 ], [ 79.0688653, 30.7566777 ], [ 79.068928, 30.7550064 ], [ 79.0696809, 30.7533351 ], [ 79.0714793, 30.7508011 ], [ 79.0723438, 30.7495411 ] ] } },
{ "type": "Feature", "properties": { "alt_name": null, "area": null, "boat": null, "destination": null, "int_name": null, "intermittent": null, "layer": null, "name": null, "name:en": null, "name:hi": null, "name:kn": null, "name:ml": null, "plant:source": null, "power": null, "seasonal": null, "waterway": "stream", "wikipedia": null, "osm_id": 686160488, "source": "OPEN_DATA", "tunnel": null }, "geometry": { "type": "LineString", "coordinates": [ [ 79.0002715, 30.7043258 ], [ 79.0007007, 30.7042058 ], [ 79.0012693, 30.7040398 ], [ 79.0015805, 30.7036477 ], [ 79.0020204, 30.7035232 ], [ 79.0020955, 30.7032234 ], [ 79.0022886, 30.7030619 ], [ 79.0025729, 30.7029743 ], [ 79.0027446, 30.7028267 ], [ 79.0028787, 30.7023931 ], [ 79.0030503, 30.7018996 ], [ 79.0033346, 30.7017843 ], [ 79.003619, 30.7017428 ], [ 79.0040964, 30.7018166 ], [ 79.0043431, 30.7018212 ], [ 79.0048689, 30.7016044 ], [ 79.0051907, 30.7010278 ], [ 79.0055931, 30.7007972 ], [ 79.0060437, 30.7008387 ], [ 79.0064728, 30.7009771 ], [ 79.0068483, 30.7012262 ], [ 79.0071487, 30.7013323 ], [ 79.0075028, 30.7014337 ] ] } },
{ "type": "Feature", "properties": { "alt_name": null, "area": null, "boat": null, "destination": null, "int_name": null, "intermittent": null, "layer": null, "name": "Sina Gad", "name:en": null, "name:hi": null, "name:kn": null, "name:ml": null, "plant:source": null, "power": null, "seasonal": null, "waterway": "stream", "wikipedia": null, "osm_id": 1071328274, "source": "OPEN_DATA", "tunnel": null }, "geometry": { "type": "LineString", "coordinates": [ [ 78.9842749, 30.7275971 ], [ 78.984586, 30.7269515 ], [ 78.9851117, 30.726555 ], [ 78.9851975, 30.7259186 ], [ 78.9854121, 30.7255312 ], [ 78.9852941, 30.7251254 ], [ 78.9852512, 30.7248856 ], [ 78.9853048, 30.7242124 ], [ 78.9849186, 30.7232071 ], [ 78.9845538, 30.722543 ], [ 78.9845645, 30.7222202 ], [ 78.9847791, 30.7216668 ], [ 78.9850366, 30.7215285 ], [ 78.9851117, 30.7212518 ], [ 78.9846182, 30.7205139 ], [ 78.9843821, 30.7200066 ], [ 78.9841568, 30.7194809 ], [ 78.984307, 30.7189829 ], [ 78.9841032, 30.7186508 ], [ 78.9840817, 30.7182726 ], [ 78.984189, 30.7174979 ], [ 78.984557, 30.716859 ], [ 78.9846611, 30.7158837 ], [ 78.9845538, 30.714989 ], [ 78.9841676, 30.7146754 ], [ 78.9839713, 30.7134675 ], [ 78.9837599, 30.7128583 ], [ 78.9838135, 30.7121665 ], [ 78.9836633, 30.7114563 ], [ 78.9832663, 30.7108475 ], [ 78.9826012, 30.7089749 ], [ 78.9821505, 30.7083569 ], [ 78.981818, 30.7080894 ], [ 78.9817536, 30.7074621 ], [ 78.9810167, 30.7064607 ], [ 78.980155, 30.7050268 ], [ 78.9790606, 30.7030804 ], [ 78.9771402, 30.7009402 ], [ 78.9762497, 30.7002575 ], [ 78.9742982, 30.6988523 ], [ 78.9741683, 30.6985509 ], [ 78.9742648, 30.6979604 ], [ 78.973664, 30.6975268 ], [ 78.973428, 30.6973608 ], [ 78.973428, 30.6968442 ], [ 78.972677, 30.6962168 ], [ 78.9723337, 30.6953957 ], [ 78.9713144, 30.6942518 ], [ 78.970778, 30.693403 ], [ 78.9703381, 30.6930985 ], [ 78.9702737, 30.6925265 ], [ 78.9689228, 30.6912539 ], [ 78.968128, 30.6892051 ], [ 78.9683425, 30.6880611 ], [ 78.9691294, 30.6873585 ], [ 78.9715612, 30.6853116 ], [ 78.9717543, 30.6848226 ], [ 78.9709175, 30.6837246 ], [ 78.9708853, 30.6833278 ], [ 78.9716744, 30.6819747 ], [ 78.9718079, 30.6812979 ], [ 78.9716363, 30.6809104 ], [ 78.9711642, 30.6800984 ], [ 78.970263, 30.6788896 ], [ 78.9701596, 30.6779813 ] ] } },
{ "type": "Feature", "properties": { "alt_name": null, "area": null, "boat": null, "destination": null, "int_name": null, "intermittent": null, "layer": null, "name": null, "name:en": null, "name:hi": null, "name:kn": null, "name:ml": null, "plant:source": null, "power": null, "seasonal": null, "waterway": "stream", "wikipedia": null, "osm_id": 686160487, "source": "OPEN_DATA", "tunnel": null }, "geometry": { "type": "LineString", "coordinates": [ [ 78.9999819, 30.7093624 ], [ 79.0003091, 30.7087259 ], [ 79.0004861, 30.7085368 ], [ 79.0015483, 30.7078542 ], [ 79.0017092, 30.7076835 ], [ 79.0028733, 30.7070609 ], [ 79.0033722, 30.7070194 ], [ 79.0035331, 30.7068164 ], [ 79.0037584, 30.7067288 ], [ 79.0038979, 30.7066227 ], [ 79.0039676, 30.7064382 ], [ 79.004091, 30.7061615 ], [ 79.0044665, 30.7058893 ], [ 79.0046221, 30.7056956 ], [ 79.0049654, 30.7055157 ], [ 79.0052336, 30.7052805 ], [ 79.0053248, 30.7050776 ], [ 79.0055501, 30.7048331 ], [ 79.0056467, 30.7046947 ], [ 79.0058452, 30.7041136 ], [ 79.0059364, 30.7039014 ], [ 79.0059525, 30.7036477 ], [ 79.006505, 30.7029236 ], [ 79.0068752, 30.7026514 ], [ 79.0070844, 30.7025223 ], [ 79.007256, 30.7023609 ], [ 79.0072721, 30.7021256 ], [ 79.0073419, 30.7019181 ], [ 79.0074491, 30.7018304 ], [ 79.0074652, 30.7017336 ], [ 79.0074599, 30.7015537 ], [ 79.0075028, 30.7014337 ] ] } },
{ "type": "Feature", "properties": { "alt_name": null, "area": null, "boat": null, "destination": null, "int_name": null, "intermittent": null, "layer": null, "name": null, "name:en": null, "name:hi": null, "name:kn": null, "name:ml": null, "plant:source": null, "power": null, "seasonal": null, "waterway": "stream", "wikipedia": null, "osm_id": 654639059, "source": "OPEN_DATA", "tunnel": null }, "geometry": { "type": "LineString", "coordinates": [ [ 78.92539268543932, 30.709560452963931 ], [ 78.9254218, 30.7095515 ], [ 78.9256847, 30.7093255 ], [ 78.9259207, 30.7089012 ], [ 78.9262962, 30.7084307 ], [ 78.9264357, 30.7082185 ], [ 78.926425, 30.7077758 ], [ 78.9266932, 30.7070101 ], [ 78.9269078, 30.7068072 ], [ 78.928206, 30.7060369 ], [ 78.9282703, 30.7058847 ], [ 78.9285064, 30.7056357 ], [ 78.9293164, 30.7055619 ], [ 78.9295256, 30.7055434 ], [ 78.9298582, 30.7055895 ], [ 78.9300728, 30.7054235 ], [ 78.9305878, 30.7052667 ], [ 78.9310384, 30.7047962 ], [ 78.9314514, 30.7044318 ], [ 78.9315534, 30.7042243 ], [ 78.9314514, 30.7039568 ], [ 78.9315158, 30.7038968 ], [ 78.9316714, 30.7038968 ], [ 78.9318913, 30.7039937 ], [ 78.9320576, 30.7040213 ], [ 78.9325726, 30.7039106 ], [ 78.9332646, 30.703823 ], [ 78.9340961, 30.7039706 ], [ 78.9353996, 30.7039798 ], [ 78.9360648, 30.7039614 ], [ 78.9365154, 30.7038138 ], [ 78.9366871, 30.7035094 ], [ 78.9368695, 30.7029743 ], [ 78.9369714, 30.7027114 ], [ 78.937068, 30.7024531 ], [ 78.9372611, 30.7023931 ] ] } },
{ "type": "Feature", "properties": { "alt_name": null, "area": null, "boat": null, "destination": null, "int_name": null, "intermittent": null, "layer": null, "name": null, "name:en": null, "name:hi": null, "name:kn": null, "name:ml": null, "plant:source": null, "power": null, "seasonal": null, "waterway": "stream", "wikipedia": null, "osm_id": 1071328267, "source": "OPEN_DATA", "tunnel": null }, "geometry": { "type": "LineString", "coordinates": [ [ 78.9687824, 30.7137254 ], [ 78.9674091, 30.7111796 ], [ 78.9665079, 30.7097775 ], [ 78.965435, 30.7081171 ], [ 78.964405, 30.7069364 ], [ 78.9632141, 30.704787 ], [ 78.9624739, 30.702407 ], [ 78.9620805, 30.7020045 ] ] } },
{ "type": "Feature", "properties": { "alt_name": null, "area": null, "boat": null, "destination": null, "int_name": null, "intermittent": null, "layer": null, "name": null, "name:en": null, "name:hi": null, "name:kn": null, "name:ml": null, "plant:source": null, "power": null, "seasonal": null, "waterway": "stream", "wikipedia": null, "osm_id": 654639060, "source": "OPEN_DATA", "tunnel": null }, "geometry": { "type": "LineString", "coordinates": [ [ 78.929535652178984, 30.713971148714865 ], [ 78.9297724, 30.7137899 ], [ 78.9307701, 30.7135317 ], [ 78.9308989, 30.7133564 ], [ 78.9309525, 30.713052 ], [ 78.9310706, 30.7128214 ], [ 78.9317357, 30.7128583 ], [ 78.9326262, 30.7125355 ], [ 78.9334202, 30.7121388 ], [ 78.9336884, 30.7120189 ], [ 78.9343107, 30.7119359 ], [ 78.9347505, 30.7116315 ], [ 78.9350939, 30.7115024 ], [ 78.9358663, 30.7115024 ], [ 78.9362204, 30.7113456 ], [ 78.937186, 30.7115762 ], [ 78.93754, 30.7115116 ], [ 78.9376259, 30.7108844 ], [ 78.9377975, 30.7104047 ], [ 78.9381205, 30.7102225 ], [ 78.9394283, 30.7092886 ], [ 78.9396751, 30.7085967 ], [ 78.9400268, 30.7082169 ], [ 78.9406943, 30.7066319 ], [ 78.9409947, 30.7048885 ], [ 78.941381, 30.7042704 ], [ 78.941468, 30.7038878 ], [ 78.9413488, 30.7034955 ], [ 78.9415365, 30.7031819 ] ] } },
{ "type": "Feature", "properties": { "alt_name": null, "area": null, "boat": null, "destination": null, "int_name": null, "intermittent": null, "layer": null, "name": null, "name:en": null, "name:hi": null, "name:kn": null, "name:ml": null, "plant:source": null, "power": null, "seasonal": null, "waterway": "stream", "wikipedia": null, "osm_id": 1071328271, "source": "OPEN_DATA", "tunnel": null }, "geometry": { "type": "LineString", "coordinates": [ [ 78.993287, 30.7149798 ], [ 78.9930296, 30.7127661 ], [ 78.994317, 30.7111427 ], [ 78.9960336, 30.7091133 ], [ 78.9967203, 30.7074529 ], [ 78.9982652, 30.7063091 ], [ 79.0002715, 30.7043258 ] ] } },
{ "type": "Feature", "properties": { "alt_name": null, "area": null, "boat": null, "destination": null, "int_name": null, "intermittent": null, "layer": null, "name": null, "name:en": null, "name:hi": null, "name:kn": null, "name:ml": null, "plant:source": null, "power": null, "seasonal": null, "waterway": "stream", "wikipedia": null, "osm_id": 654639061, "source": "OPEN_DATA", "tunnel": null }, "geometry": { "type": "LineString", "coordinates": [ [ 78.9426041, 30.7120927 ], [ 78.9422446, 30.7117007 ], [ 78.9419389, 30.7112164 ], [ 78.9414561, 30.7107552 ], [ 78.9412683, 30.7102802 ], [ 78.9411664, 30.7095007 ], [ 78.941161, 30.7092056 ], [ 78.9407533, 30.7089657 ], [ 78.9405924, 30.7087674 ], [ 78.9404368, 30.7084584 ], [ 78.9400268, 30.7082169 ] ] } },
{ "type": "Feature", "properties": { "alt_name": null, "area": null, "boat": null, "destination": null, "int_name": null, "intermittent": null, "layer": null, "name": null, "name:en": null, "name:hi": null, "name:kn": null, "name:ml": null, "plant:source": null, "power": null, "seasonal": null, "waterway": "stream", "wikipedia": null, "osm_id": 654639065, "source": "OPEN_DATA", "tunnel": null }, "geometry": { "type": "LineString", "coordinates": [ [ 78.9685678, 30.7230595 ], [ 78.9699411, 30.72151 ], [ 78.9700269, 30.7206615 ], [ 78.9704776, 30.7194625 ], [ 78.9706278, 30.7188906 ], [ 78.9713895, 30.7172857 ], [ 78.9712608, 30.7167508 ], [ 78.971529, 30.715976 ], [ 78.9719689, 30.7156993 ], [ 78.9726663, 30.7146939 ], [ 78.9734387, 30.7138914 ], [ 78.9741254, 30.7126462 ], [ 78.9746833, 30.7110135 ], [ 78.9749622, 30.7108014 ], [ 78.9752734, 30.710663 ], [ 78.9757776, 30.7103309 ], [ 78.9763999, 30.7092332 ], [ 78.9767754, 30.7090395 ], [ 78.9771187, 30.7086798 ], [ 78.9774513, 30.7082554 ], [ 78.9780307, 30.7077758 ], [ 78.9787602, 30.7068072 ], [ 78.9794898, 30.7061523 ], [ 78.9799619, 30.7054973 ], [ 78.9800155, 30.7051652 ], [ 78.980155, 30.7050268 ] ] } },
{ "type": "Feature", "properties": { "alt_name": null, "area": null, "boat": null, "destination": null, "int_name": null, "intermittent": null, "layer": null, "name": null, "name:en": null, "name:hi": null, "name:kn": null, "name:ml": null, "plant:source": null, "power": null, "seasonal": null, "waterway": "stream", "wikipedia": null, "osm_id": 654639070, "source": "OPEN_DATA", "tunnel": null }, "geometry": { "type": "LineString", "coordinates": [ [ 78.9896401, 30.7209337 ], [ 78.9878583, 30.7197945 ], [ 78.9861631, 30.7188906 ], [ 78.9856696, 30.7179314 ], [ 78.984557, 30.716859 ] ] } },
{ "type": "Feature", "properties": { "alt_name": null, "area": null, "boat": null, "destination": null, "int_name": null, "intermittent": null, "layer": null, "name": null, "name:en": null, "name:hi": null, "name:kn": null, "name:ml": null, "plant:source": null, "power": null, "seasonal": null, "waterway": "stream", "wikipedia": null, "osm_id": 654639063, "source": "OPEN_DATA", "tunnel": null }, "geometry": { "type": "LineString", "coordinates": [ [ 78.9745545, 30.7221188 ], [ 78.9738464, 30.7214178 ], [ 78.9733368, 30.72062 ], [ 78.9728647, 30.7202096 ], [ 78.9721137, 30.7192503 ], [ 78.9717757, 30.718577 ], [ 78.9717006, 30.717876 ], [ 78.9716792, 30.7174887 ], [ 78.9713895, 30.7172857 ] ] } },
{ "type": "Feature", "properties": { "alt_name": null, "area": null, "boat": null, "destination": null, "int_name": null, "intermittent": null, "layer": null, "name": null, "name:en": null, "name:hi": null, "name:kn": null, "name:ml": null, "plant:source": null, "power": null, "seasonal": null, "waterway": "stream", "wikipedia": null, "osm_id": 654639064, "source": "OPEN_DATA", "tunnel": null }, "geometry": { "type": "LineString", "coordinates": [ [ 78.9709067, 30.7210304 ], [ 78.9706278, 30.7201081 ], [ 78.9704776, 30.7194625 ] ] } },
{ "type": "Feature", "properties": { "alt_name": null, "area": null, "boat": null, "destination": null, "int_name": null, "intermittent": null, "layer": null, "name": null, "name:en": null, "name:hi": null, "name:kn": null, "name:ml": null, "plant:source": null, "power": null, "seasonal": null, "waterway": "stream", "wikipedia": null, "osm_id": 654639062, "source": "OPEN_DATA", "tunnel": null }, "geometry": { "type": "LineString", "coordinates": [ [ 78.9732456, 30.7220265 ], [ 78.9721727, 30.7211596 ], [ 78.9719796, 30.7205693 ], [ 78.9718723, 30.719979 ], [ 78.971867, 30.7194809 ], [ 78.9716417, 30.7192964 ], [ 78.9715826, 30.7191581 ], [ 78.9717007, 30.7187246 ], [ 78.9717757, 30.718577 ] ] } },
{ "type": "Feature", "properties": { "alt_name": null, "area": null, "boat": null, "destination": null, "int_name": null, "intermittent": null, "layer": null, "name": null, "name:en": null, "name:hi": null, "name:kn": null, "name:ml": null, "plant:source": null, "power": null, "seasonal": null, "waterway": "stream", "wikipedia": null, "osm_id": 654639066, "source": "OPEN_DATA", "tunnel": null }, "geometry": { "type": "LineString", "coordinates": [ [ 78.9869678, 30.7220911 ], [ 78.9867532, 30.721261 ], [ 78.9864528, 30.7206707 ], [ 78.9861953, 30.7200804 ], [ 78.9861846, 30.7196469 ], [ 78.9861095, 30.7193887 ], [ 78.9861631, 30.7188906 ] ] } },
{ "type": "Feature", "properties": { "alt_name": null, "area": null, "boat": null, "destination": null, "int_name": null, "intermittent": null, "layer": null, "name": null, "name:en": null, "name:hi": null, "name:kn": null, "name:ml": null, "plant:source": null, "power": null, "seasonal": null, "waterway": "stream", "wikipedia": null, "osm_id": 654639067, "source": "OPEN_DATA", "tunnel": null }, "geometry": { "type": "LineString", "coordinates": [ [ 78.9874077, 30.7249225 ], [ 78.9869785, 30.724692 ], [ 78.9868176, 30.7242308 ], [ 78.9864421, 30.7238435 ], [ 78.9858735, 30.7228474 ], [ 78.9854228, 30.7224416 ], [ 78.9851117, 30.7217406 ], [ 78.9850366, 30.7215285 ] ] } },
{ "type": "Feature", "properties": { "alt_name": null, "area": null, "boat": null, "destination": null, "int_name": null, "intermittent": null, "layer": null, "name": null, "name:en": null, "name:hi": null, "name:kn": null, "name:ml": null, "plant:source": null, "power": null, "seasonal": null, "waterway": "stream", "wikipedia": null, "osm_id": 1071328268, "source": "OPEN_DATA", "tunnel": null }, "geometry": { "type": "MultiLineString", "coordinates": [ [ [ 78.9901971, 30.7290728 ], [ 78.992505465690272, 30.728727698861583 ] ], [ [ 78.994722428836084, 30.728396262422081 ], [ 78.9961195, 30.7281874 ], [ 78.9978361, 30.7269331 ], [ 79.0011406, 30.7240556 ], [ 79.0031576, 30.7235391 ], [ 79.0048313, 30.7228013 ], [ 79.0074998, 30.7215443 ] ] ] } },
{ "type": "Feature", "properties": { "alt_name": null, "area": null, "boat": null, "destination": null, "int_name": null, "intermittent": null, "layer": null, "name": null, "name:en": null, "name:hi": null, "name:kn": null, "name:ml": null, "plant:source": null, "power": null, "seasonal": null, "waterway": "stream", "wikipedia": null, "osm_id": 654639068, "source": "OPEN_DATA", "tunnel": null }, "geometry": { "type": "LineString", "coordinates": [ [ 78.988899, 30.726887 ], [ 78.9872897, 30.726306 ], [ 78.9860451, 30.7258356 ], [ 78.9856481, 30.7255036 ], [ 78.9854121, 30.7250055 ], [ 78.9852512, 30.7248856 ] ] } },
{ "type": "Feature", "properties": { "alt_name": null, "area": null, "boat": null, "destination": null, "int_name": null, "intermittent": null, "layer": null, "name": "Bhanaj Gad", "name:en": null, "name:hi": null, "name:kn": null, "name:ml": null, "plant:source": null, "power": null, "seasonal": null, "waterway": "stream", "wikipedia": null, "osm_id": 227477542, "source": "OPEN_DATA", "tunnel": null }, "geometry": { "type": "LineString", "coordinates": [ [ 79.1503143, 30.4320053 ], [ 79.1490698, 30.4319683 ], [ 79.1472244, 30.4316908 ], [ 79.1459799, 30.4314503 ], [ 79.1451645, 30.4311357 ], [ 79.1437483, 30.4309137 ], [ 79.1422891, 30.4302661 ], [ 79.141345, 30.4297296 ], [ 79.1388559, 30.4295816 ], [ 79.1370534, 30.4298776 ], [ 79.1343927, 30.42923 ], [ 79.1327619, 30.428823 ], [ 79.1315818, 30.4281199 ], [ 79.1304016, 30.4266582 ], [ 79.1303587, 30.4255481 ], [ 79.1304874, 30.425215 ], [ 79.1292858, 30.4241604 ], [ 79.1276614, 30.4227771 ], [ 79.1267403, 30.4223096 ], [ 79.125848, 30.4219952 ], [ 79.1238979, 30.4217987 ], [ 79.1224973, 30.4217668 ] ] } },
{ "type": "Feature", "properties": { "alt_name": null, "area": null, "boat": null, "destination": null, "int_name": null, "intermittent": null, "layer": null, "name": null, "name:en": null, "name:hi": null, "name:kn": null, "name:ml": null, "plant:source": null, "power": null, "seasonal": null, "waterway": "stream", "wikipedia": null, "osm_id": 227303577, "source": "OPEN_DATA", "tunnel": null }, "geometry": { "type": "LineString", "coordinates": [ [ 79.1669118, 30.4446872 ], [ 79.1670513, 30.4443635 ], [ 79.1672122, 30.4436235 ], [ 79.1678345, 30.443013 ], [ 79.168679545726505, 30.442837443055133 ] ] } },
{ "type": "Feature", "properties": { "alt_name": null, "area": null, "boat": null, "destination": null, "int_name": null, "intermittent": null, "layer": null, "name": null, "name:en": null, "name:hi": null, "name:kn": null, "name:ml": null, "plant:source": null, "power": null, "seasonal": null, "waterway": "stream", "wikipedia": null, "osm_id": 227477540, "source": "OPEN_DATA", "tunnel": null }, "geometry": { "type": "LineString", "coordinates": [ [ 79.1111646, 30.4357416 ], [ 79.1108708, 30.4354703 ], [ 79.1107344, 30.4351814 ], [ 79.1106081, 30.4345255 ], [ 79.1106513, 30.4340953 ], [ 79.1105937, 30.4334997 ], [ 79.1106033, 30.4329579 ], [ 79.1105602, 30.4325277 ], [ 79.1104066, 30.4318576 ], [ 79.1092889, 30.4305919 ], [ 79.1086077, 30.4290573 ], [ 79.1079792, 30.4286767 ], [ 79.1072836, 30.4280438 ], [ 79.1067463, 30.4274399 ], [ 79.1061179, 30.4269725 ], [ 79.1054856, 30.426678 ] ] } },
{ "type": "Feature", "properties": { "alt_name": null, "area": null, "boat": null, "destination": null, "int_name": null, "intermittent": null, "layer": null, "name": "Ragsi Gad", "name:en": null, "name:hi": null, "name:kn": null, "name:ml": null, "plant:source": null, "power": null, "seasonal": null, "waterway": "stream", "wikipedia": null, "osm_id": 913515357, "source": "OPEN_DATA", "tunnel": null }, "geometry": { "type": "LineString", "coordinates": [ [ 79.1852075, 30.4649961 ], [ 79.1844954, 30.4655331 ], [ 79.1832494, 30.4655441 ], [ 79.1814057, 30.4658729 ], [ 79.1802486, 30.466388 ], [ 79.1780489, 30.4662893 ], [ 79.1771588, 30.4662017 ], [ 79.1769554, 30.4669031 ], [ 79.1760526, 30.4670894 ], [ 79.1750354, 30.4676483 ], [ 79.1745141, 30.4685141 ], [ 79.173446, 30.4680976 ], [ 79.171526, 30.4683168 ], [ 79.1701528, 30.4681086 ], [ 79.168957, 30.4679655 ], [ 79.1684852, 30.4689322 ], [ 79.1680675, 30.4693322 ], [ 79.1672786, 30.4694655 ], [ 79.1663813, 30.4693655 ], [ 79.1643471, 30.4695922 ], [ 79.1632595, 30.4700014 ], [ 79.1626902, 30.4706884 ], [ 79.161937, 30.4722585 ], [ 79.1611137, 30.4729454 ], [ 79.1600627, 30.4733983 ], [ 79.1585738, 30.4737304 ], [ 79.1575841, 30.4748929 ], [ 79.155631, 30.4744475 ], [ 79.1547114, 30.4743645 ], [ 79.1541859, 30.4746589 ], [ 79.1536166, 30.4741229 ], [ 79.152951, 30.4735342 ], [ 79.1519263, 30.4732247 ], [ 79.1514796, 30.4734436 ], [ 79.1509347, 30.4748523 ], [ 79.1505775, 30.4748929 ], [ 79.1499732, 30.4756854 ], [ 79.1497543, 30.4765535 ], [ 79.1497845, 30.477071 ], [ 79.1499382, 30.4773989 ], [ 79.1496199, 30.4775109 ], [ 79.1494215, 30.4778065 ], [ 79.149229, 30.4783048 ], [ 79.1485544, 30.4788934 ], [ 79.1482973, 30.4797921 ], [ 79.1475122, 30.4801388 ], [ 79.1466451, 30.4803199 ], [ 79.1452175, 30.4802369 ], [ 79.144184, 30.4800784 ], [ 79.1424324, 30.4803577 ], [ 79.1419244, 30.4809992 ], [ 79.1418719, 30.4817918 ], [ 79.14118, 30.482154 ], [ 79.1408909, 30.4828409 ], [ 79.140418, 30.4830296 ], [ 79.1405143, 30.4837692 ], [ 79.1402516, 30.4840032 ], [ 79.1397436, 30.4848712 ], [ 79.1386401, 30.4853693 ], [ 79.1382897, 30.4863731 ], [ 79.1376592, 30.4869996 ], [ 79.1375365, 30.4872335 ], [ 79.137773, 30.4877996 ], [ 79.1373526, 30.4886524 ], [ 79.1368709, 30.4892034 ], [ 79.1366957, 30.489792 ], [ 79.1353733, 30.4903203 ], [ 79.1342785, 30.4910826 ], [ 79.1338581, 30.4911883 ], [ 79.1329034, 30.4917241 ], [ 79.1327283, 30.4918826 ], [ 79.1322378, 30.4919958 ], [ 79.1311781, 30.4934599 ], [ 79.1308978, 30.4943429 ], [ 79.1301971, 30.4943806 ], [ 79.1292162, 30.4956485 ], [ 79.1285681, 30.4958673 ], [ 79.1271405, 30.4958069 ], [ 79.126649, 30.4961258 ] ] } },
{ "type": "Feature", "properties": { "alt_name": null, "area": null, "boat": null, "destination": null, "int_name": null, "intermittent": null, "layer": null, "name": "Sigot Gad", "name:en": null, "name:hi": null, "name:kn": null, "name:ml": null, "plant:source": null, "power": null, "seasonal": null, "waterway": "stream", "wikipedia": null, "osm_id": 1072032137, "source": "OPEN_DATA", "tunnel": null }, "geometry": { "type": "LineString", "coordinates": [ [ 79.2079979, 30.5081553 ], [ 79.2072469, 30.5083587 ], [ 79.2064422, 30.5088578 ], [ 79.204216, 30.5092553 ], [ 79.2020702, 30.5092368 ], [ 79.2000317, 30.5092553 ], [ 79.1990018, 30.5090519 ], [ 79.1982937, 30.5088116 ], [ 79.1975641, 30.5081831 ], [ 79.1956758, 30.5065284 ], [ 79.1953218, 30.5061772 ], [ 79.193927, 30.5057335 ], [ 79.1922963, 30.5061587 ], [ 79.1913199, 30.5052436 ], [ 79.19029, 30.5046335 ], [ 79.1898608, 30.5035982 ], [ 79.1886377, 30.503136 ], [ 79.187715, 30.5018973 ], [ 79.1867065, 30.5016384 ], [ 79.1853976, 30.50162 ], [ 79.1846037, 30.5018048 ], [ 79.1834664, 30.5018973 ], [ 79.1827154, 30.5025259 ], [ 79.1816854, 30.5024519 ], [ 79.18087, 30.5022855 ], [ 79.1782951, 30.5018788 ], [ 79.1770694, 30.5012848 ], [ 79.1759348, 30.5013611 ], [ 79.1749692, 30.5014166 ], [ 79.1736925, 30.5018141 ], [ 79.17189, 30.5021653 ], [ 79.1707206, 30.502378 ], [ 79.1696262, 30.5033209 ], [ 79.1684675, 30.5037646 ], [ 79.1684675, 30.5052621 ], [ 79.1683602, 30.5061495 ], [ 79.1675663, 30.506815 ], [ 79.1657478, 30.5066463 ], [ 79.1651067, 30.5069213 ], [ 79.1645783, 30.5075753 ], [ 79.1634733, 30.5074181 ], [ 79.1627374, 30.5076386 ], [ 79.161259, 30.50755 ], [ 79.1597772, 30.5085343 ], [ 79.1589296, 30.5091351 ], [ 79.1580176, 30.5099485 ], [ 79.1562474, 30.5108267 ], [ 79.1553783, 30.5110762 ], [ 79.1543484, 30.5110993 ], [ 79.1537475, 30.5108359 ], [ 79.1520953, 30.5104015 ], [ 79.1512048, 30.5104199 ], [ 79.1501427, 30.5101334 ], [ 79.1494775, 30.5103645 ], [ 79.1487265, 30.5109838 ], [ 79.1481391, 30.5116539 ] ] } },
{ "type": "Feature", "properties": { "alt_name": null, "area": null, "boat": null, "destination": null, "int_name": null, "intermittent": null, "layer": null, "name": "Hergarh Gadhera", "name:en": null, "name:hi": null, "name:kn": null, "name:ml": null, "plant:source": null, "power": null, "seasonal": null, "waterway": "stream", "wikipedia": null, "osm_id": 1072032136, "source": "OPEN_DATA", "tunnel": null }, "geometry": { "type": "LineString", "coordinates": [ [ 79.1603565, 30.5232303 ], [ 79.1596699, 30.5227128 ], [ 79.158833, 30.5218255 ], [ 79.1583395, 30.5207164 ], [ 79.1582322, 30.5198477 ], [ 79.1578245, 30.5195334 ], [ 79.156816, 30.5191452 ], [ 79.1561508, 30.518831 ], [ 79.1544986, 30.5177773 ], [ 79.1521704, 30.5174076 ], [ 79.1517842, 30.516622 ], [ 79.1509473, 30.5153465 ], [ 79.1506898, 30.5144315 ], [ 79.150368, 30.5137521 ], [ 79.1494587, 30.5135696 ], [ 79.1488043, 30.5123634 ], [ 79.148351, 30.5119174 ], [ 79.1481391, 30.5116539 ], [ 79.1466665, 30.5112703 ], [ 79.1459584, 30.510309 ], [ 79.1455293, 30.5097082 ], [ 79.1448426, 30.5091351 ], [ 79.1433835, 30.5090057 ], [ 79.1423321, 30.5084419 ], [ 79.1410017, 30.508257 ], [ 79.1397786, 30.5069999 ], [ 79.1390705, 30.5065192 ], [ 79.1387057, 30.5059461 ], [ 79.1380834, 30.5049108 ], [ 79.1372466, 30.5048923 ], [ 79.1366029, 30.5050032 ], [ 79.1362166, 30.504541 ], [ 79.1361522, 30.5038015 ], [ 79.1350579, 30.5025628 ], [ 79.1344142, 30.5022855 ], [ 79.1335559, 30.5016569 ], [ 79.1316461, 30.5013426 ], [ 79.1311419, 30.5005199 ], [ 79.1305518, 30.4996139 ], [ 79.1293609, 30.4985416 ], [ 79.1287493, 30.4972936 ], [ 79.127891, 30.4968499 ], [ 79.126649, 30.4961258 ] ] } },
{ "type": "Feature", "properties": { "alt_name": null, "area": null, "boat": null, "destination": null, "int_name": null, "intermittent": null, "layer": null, "name": null, "name:en": null, "name:hi": null, "name:kn": null, "name:ml": null, "plant:source": null, "power": null, "seasonal": null, "waterway": "stream", "wikipedia": null, "osm_id": 1098680972, "source": "OPEN_DATA", "tunnel": null }, "geometry": { "type": "LineString", "coordinates": [ [ 79.1506025, 30.5365793 ], [ 79.1499861, 30.5373154 ], [ 79.1491595, 30.5379308 ], [ 79.1491455, 30.5383652 ], [ 79.1489213, 30.5388076 ], [ 79.1484357, 30.5391736 ], [ 79.1484777, 30.5395517 ], [ 79.1485957, 30.5397372 ], [ 79.1485197, 30.53997 ], [ 79.1486505, 30.540143 ], [ 79.1484076, 30.5404607 ], [ 79.1482255, 30.5404768 ], [ 79.1481508, 30.5409313 ], [ 79.1480014, 30.5411043 ], [ 79.1481073, 30.5413227 ], [ 79.1479905, 30.5417569 ], [ 79.1477959, 30.542512 ], [ 79.1478379, 30.543063 ], [ 79.1481181, 30.5435778 ], [ 79.1480574, 30.543799 ], [ 79.1481041, 30.543972 ], [ 79.1482629, 30.5440806 ], [ 79.1485664, 30.5439961 ], [ 79.1488933, 30.5440444 ], [ 79.1490428, 30.5444023 ], [ 79.1492856, 30.5446396 ], [ 79.1497526, 30.544519 ], [ 79.1500141, 30.5445471 ], [ 79.1500982, 30.5450861 ], [ 79.1499347, 30.5453113 ], [ 79.1499908, 30.5455084 ], [ 79.1502383, 30.5455848 ], [ 79.1504578, 30.5454923 ], [ 79.1508921, 30.5455164 ], [ 79.151205, 30.5456693 ], [ 79.1513264, 30.545814 ], [ 79.1514852, 30.5460674 ], [ 79.1518681, 30.5462042 ], [ 79.1519101, 30.5463128 ], [ 79.1520376, 30.5464189 ], [ 79.1520032, 30.5465672 ] ] } },
{ "type": "Feature", "properties": { "alt_name": null, "area": null, "boat": null, "destination": null, "int_name": null, "intermittent": null, "layer": null, "name": "Kyar Gad", "name:en": null, "name:hi": null, "name:kn": null, "name:ml": null, "plant:source": null, "power": null, "seasonal": null, "waterway": "stream", "wikipedia": null, "osm_id": 226848784, "source": "OPEN_DATA", "tunnel": null }, "geometry": { "type": "LineString", "coordinates": [ [ 79.2298827, 30.5433973 ], [ 79.2289138, 30.5429601 ], [ 79.2287207, 30.5425997 ], [ 79.228152, 30.5425166 ], [ 79.2273366, 30.5421655 ], [ 79.2251158, 30.5406038 ], [ 79.2229593, 30.539763 ], [ 79.2225623, 30.5397537 ], [ 79.2195582, 30.5383307 ], [ 79.2190754, 30.5381366 ], [ 79.2185283, 30.5380627 ], [ 79.217788, 30.5377762 ], [ 79.2174554, 30.5372495 ], [ 79.2159104, 30.5364271 ], [ 79.2154705, 30.5364086 ], [ 79.2146873, 30.536732 ], [ 79.2139363, 30.5364271 ], [ 79.2134321, 30.5359281 ], [ 79.212842, 30.5351888 ], [ 79.2120373, 30.5349023 ], [ 79.2108464, 30.5349578 ], [ 79.210428, 30.5345881 ], [ 79.2094195, 30.534468 ], [ 79.20795, 30.5336604 ], [ 79.2063413, 30.5333371 ], [ 79.2054391, 30.5331558 ], [ 79.2041087, 30.5323056 ], [ 79.2023384, 30.5318066 ], [ 79.200815, 30.5317604 ], [ 79.1990661, 30.5314369 ], [ 79.1973603, 30.532361 ], [ 79.1961072, 30.5335426 ], [ 79.1946673, 30.5338211 ], [ 79.1933584, 30.5335531 ], [ 79.192425, 30.5338211 ], [ 79.1921031, 30.5342647 ], [ 79.1898823, 30.5345881 ], [ 79.1886914, 30.5344218 ], [ 79.1883266, 30.534505 ], [ 79.1879725, 30.5350317 ], [ 79.1867816, 30.5361221 ], [ 79.185977, 30.5364733 ], [ 79.1837025, 30.5360112 ], [ 79.1828441, 30.5362053 ], [ 79.1811275, 30.537998 ], [ 79.1756773, 30.5388666 ], [ 79.1709459, 30.5410751 ], [ 79.168607, 30.5422486 ], [ 79.1673593, 30.5419685 ], [ 79.1660857, 30.5422209 ], [ 79.1649806, 30.5429278 ], [ 79.1644549, 30.5432928 ], [ 79.1640902, 30.5433436 ], [ 79.1628885, 30.5428585 ], [ 79.1602278, 30.5426922 ], [ 79.1591549, 30.5428723 ], [ 79.1587526, 30.5433805 ], [ 79.1581464, 30.5436439 ], [ 79.1568938, 30.5434054 ], [ 79.1561401, 30.5436901 ], [ 79.1566872, 30.5440967 ], [ 79.156698, 30.5443923 ], [ 79.1561937, 30.5444847 ], [ 79.1549955, 30.5438904 ], [ 79.1533398, 30.5441151 ], [ 79.1532218, 30.5446197 ], [ 79.1536, 30.5452963 ], [ 79.1534619, 30.5460147 ], [ 79.1525014, 30.5460905 ], [ 79.1520032, 30.5465672 ], [ 79.1508124, 30.5479547 ], [ 79.149456, 30.5479405 ], [ 79.1483187, 30.5471274 ], [ 79.1471279, 30.5476448 ], [ 79.1467845, 30.5480051 ], [ 79.1444027, 30.5479497 ], [ 79.1431045, 30.548347 ], [ 79.1415167, 30.5480144 ], [ 79.1408086, 30.5481807 ], [ 79.1403365, 30.5479127 ], [ 79.140315, 30.5474323 ], [ 79.1407871, 30.5469056 ], [ 79.1407871, 30.5466469 ], [ 79.1401112, 30.5464436 ], [ 79.139328, 30.5470073 ], [ 79.137665, 30.547266 ], [ 79.1363882, 30.5471921 ], [ 79.1361147, 30.5476448 ], [ 79.1361791, 30.5485641 ], [ 79.1359377, 30.5489753 ], [ 79.13553, 30.5491185 ], [ 79.1350794, 30.5489383 ], [ 79.1347307, 30.548541 ], [ 79.1343445, 30.5482269 ], [ 79.1337275, 30.5481992 ], [ 79.1328907, 30.5489753 ], [ 79.1304445, 30.5504167 ], [ 79.1302246, 30.5508971 ], [ 79.1304552, 30.5515069 ], [ 79.1305733, 30.5522091 ], [ 79.1300583, 30.5531146 ], [ 79.1282129, 30.5533086 ], [ 79.1277301, 30.5537428 ], [ 79.1277194, 30.5540847 ], [ 79.1285884, 30.5551194 ], [ 79.1284275, 30.5555537 ], [ 79.1276979, 30.5559048 ], [ 79.1264748, 30.5568933 ], [ 79.1265499, 30.5578542 ], [ 79.1262388, 30.5580205 ], [ 79.1258311, 30.5578911 ], [ 79.1250801, 30.5585471 ], [ 79.1246402, 30.5591568 ] ] } },
{ "type": "Feature", "properties": { "alt_name": null, "area": null, "boat": null, "destination": null, "int_name": null, "intermittent": null, "layer": null, "name": "Vishyanpanga Gad", "name:en": null, "name:hi": null, "name:kn": null, "name:ml": null, "plant:source": null, "power": null, "seasonal": null, "waterway": "stream", "wikipedia": null, "osm_id": 1072032155, "source": "OPEN_DATA", "tunnel": null }, "geometry": { "type": "LineString", "coordinates": [ [ 79.2804336, 30.5751569 ], [ 79.2815923, 30.5776693 ], [ 79.2820644, 30.5789994 ], [ 79.2815494, 30.5809207 ], [ 79.2800474, 30.5828419 ], [ 79.2791032, 30.5842458 ], [ 79.279232, 30.585465 ], [ 79.278202, 30.5869058 ], [ 79.2765712, 30.5877924 ], [ 79.2754125, 30.5882358 ], [ 79.2740822, 30.5895288 ], [ 79.2726445, 30.5902676 ], [ 79.2709923, 30.591339 ], [ 79.2701554, 30.591967 ], [ 79.2692113, 30.5923918 ], [ 79.267838, 30.5923179 ], [ 79.2658639, 30.5925396 ], [ 79.2639541, 30.5943128 ], [ 79.262495, 30.5956426 ], [ 79.2616582, 30.5969356 ], [ 79.2602634, 30.5980068 ], [ 79.2597914, 30.5991889 ], [ 79.2586112, 30.6005556 ], [ 79.2579031, 30.6016084 ], [ 79.2558002, 30.6026426 ], [ 79.2544055, 30.603012 ], [ 79.2526889, 30.603603 ], [ 79.2516589, 30.6052467 ], [ 79.2497277, 30.6070936 ], [ 79.2488962, 30.6080216 ], [ 79.2479789, 30.609282 ], [ 79.246788, 30.6102423 ], [ 79.2461121, 30.6105286 ], [ 79.2454362, 30.6116182 ], [ 79.2451978, 30.6121653 ] ] } },
{ "type": "Feature", "properties": { "alt_name": null, "area": null, "boat": null, "destination": null, "int_name": null, "intermittent": null, "layer": null, "name": null, "name:en": null, "name:hi": null, "name:kn": null, "name:ml": null, "plant:source": null, "power": null, "seasonal": null, "waterway": "stream", "wikipedia": null, "osm_id": 1241771431, "source": "OPEN_DATA", "tunnel": null }, "geometry": { "type": "LineString", "coordinates": [ [ 79.21439708902524, 30.484257892822189 ], [ 79.2138298, 30.4842407 ], [ 79.2128213, 30.4837638 ], [ 79.2125159, 30.4832842 ], [ 79.2119109, 30.4829723 ], [ 79.211671180649503, 30.482531065729713 ] ] } },
{ "type": "Feature", "properties": { "alt_name": null, "area": null, "boat": null, "destination": null, "int_name": null, "intermittent": null, "layer": null, "name": null, "name:en": null, "name:hi": null, "name:kn": null, "name:ml": null, "plant:source": null, "power": null, "seasonal": null, "waterway": "stream", "wikipedia": null, "osm_id": 1072032138, "source": "OPEN_DATA", "tunnel": null }, "geometry": { "type": "LineString", "coordinates": [ [ 79.2171228, 30.514376 ], [ 79.2162001, 30.5147457 ], [ 79.2153311, 30.5151616 ], [ 79.2137861, 30.5154297 ], [ 79.212048, 30.5156977 ], [ 79.2106211, 30.5165296 ], [ 79.2095268, 30.5173891 ], [ 79.2072844, 30.5177773 ], [ 79.2053532, 30.5185722 ], [ 79.2040229, 30.519441 ], [ 79.2029929, 30.5206055 ], [ 79.2019629, 30.5216591 ], [ 79.20192, 30.523027 ], [ 79.2020273, 30.52482 ], [ 79.2013835, 30.5260768 ], [ 79.1997099, 30.527001 ], [ 79.1985941, 30.5279437 ], [ 79.1988945, 30.5300692 ], [ 79.1991305, 30.530827 ], [ 79.1990661, 30.5314369 ] ] } },
{ "type": "Feature", "properties": { "alt_name": null, "area": null, "boat": null, "destination": null, "int_name": null, "intermittent": null, "layer": null, "name": null, "name:en": null, "name:hi": null, "name:kn": null, "name:ml": null, "plant:source": null, "power": null, "seasonal": null, "waterway": "stream", "wikipedia": null, "osm_id": 1072032139, "source": "OPEN_DATA", "tunnel": null }, "geometry": { "type": "LineString", "coordinates": [ [ 79.2220687, 30.5190898 ], [ 79.2206096, 30.520051 ], [ 79.2200088, 30.5223431 ], [ 79.2192792, 30.5240806 ], [ 79.2179918, 30.5257072 ], [ 79.2163181, 30.5268901 ], [ 79.2133998, 30.5279991 ], [ 79.2120695, 30.5282209 ], [ 79.2104387, 30.5297735 ], [ 79.2086362, 30.531326 ], [ 79.2074346, 30.5322502 ], [ 79.2063413, 30.5333371 ] ] } },
{ "type": "Feature", "properties": { "alt_name": null, "area": null, "boat": null, "destination": null, "int_name": null, "intermittent": null, "layer": null, "name": null, "name:en": null, "name:hi": null, "name:kn": null, "name:ml": null, "plant:source": null, "power": null, "seasonal": null, "waterway": "stream", "wikipedia": null, "osm_id": 1072032141, "source": "OPEN_DATA", "tunnel": null }, "geometry": { "type": "LineString", "coordinates": [ [ 79.212563, 30.5544635 ], [ 79.2147517, 30.5555167 ], [ 79.2167687, 30.5574015 ], [ 79.2189789, 30.5592123 ], [ 79.2196333, 30.5605518 ], [ 79.2200088, 30.5617898 ], [ 79.2200947, 30.5639608 ], [ 79.2205882, 30.5661964 ], [ 79.2220473, 30.5674713 ] ] } },
{ "type": "Feature", "properties": { "alt_name": null, "area": null, "boat": null, "destination": null, "int_name": null, "intermittent": null, "layer": null, "name": null, "name:en": null, "name:hi": null, "name:kn": null, "name:ml": null, "plant:source": null, "power": null, "seasonal": null, "waterway": "stream", "wikipedia": null, "osm_id": 1072032157, "source": "OPEN_DATA", "tunnel": null }, "geometry": { "type": "LineString", "coordinates": [ [ 79.2481613, 30.569947 ], [ 79.2461872, 30.5712403 ], [ 79.244771, 30.5729769 ], [ 79.2431831, 30.5740115 ], [ 79.2416811, 30.5754894 ], [ 79.2392778, 30.5757111 ], [ 79.2370462, 30.5761545 ], [ 79.2346, 30.5775954 ], [ 79.2332482, 30.5782974 ], [ 79.2313385, 30.5788147 ], [ 79.2292571, 30.5794613 ], [ 79.2276478, 30.5790733 ], [ 79.2264676, 30.5792765 ], [ 79.2256951, 30.5799046 ], [ 79.2235601, 30.5808098 ], [ 79.222573, 30.5811977 ], [ 79.2218756, 30.5815672 ], [ 79.2205882, 30.5819551 ] ] } },
{ "type": "Feature", "properties": { "alt_name": null, "area": null, "boat": null, "destination": null, "int_name": null, "intermittent": null, "layer": null, "name": null, "name:en": null, "name:hi": null, "name:kn": null, "name:ml": null, "plant:source": null, "power": null, "seasonal": null, "waterway": "stream", "wikipedia": null, "osm_id": 1072032140, "source": "OPEN_DATA", "tunnel": null }, "geometry": { "type": "LineString", "coordinates": [ [ 79.2099666, 30.5709631 ], [ 79.2095375, 30.5729769 ], [ 79.2100096, 30.5746396 ], [ 79.2111682, 30.5763392 ], [ 79.2112112, 30.5773738 ], [ 79.2119407, 30.5788886 ], [ 79.2122411, 30.5822507 ], [ 79.2126274, 30.584098 ], [ 79.2129278, 30.5852063 ], [ 79.2128419, 30.5865363 ], [ 79.2131424, 30.5877924 ], [ 79.2136573, 30.588753 ], [ 79.2137432, 30.5904893 ], [ 79.2137981, 30.5920068 ] ] } },
{ "type": "Feature", "properties": { "alt_name": null, "area": null, "boat": null, "destination": null, "int_name": null, "intermittent": null, "layer": null, "name": "Ghashte Gad", "name:en": null, "name:hi": null, "name:kn": null, "name:ml": null, "plant:source": null, "power": null, "seasonal": null, "waterway": "stream", "wikipedia": null, "osm_id": 1072032158, "source": "OPEN_DATA", "tunnel": null }, "geometry": { "type": "LineString", "coordinates": [ [ 79.231596, 30.5631294 ], [ 79.2289996, 30.563776 ], [ 79.2279696, 30.5641825 ], [ 79.2265534, 30.5642934 ], [ 79.2253303, 30.5649585 ], [ 79.2235279, 30.5654574 ], [ 79.2227554, 30.5668061 ], [ 79.2220473, 30.5674713 ], [ 79.2218542, 30.5685244 ], [ 79.2218864, 30.5695405 ], [ 79.2224979, 30.5709446 ], [ 79.2224121, 30.5723672 ], [ 79.2223692, 30.5746211 ], [ 79.2215538, 30.5786669 ], [ 79.2205882, 30.5819551 ], [ 79.217509, 30.5842366 ], [ 79.2173051, 30.5874969 ], [ 79.2157602, 30.5897135 ], [ 79.2144298, 30.5916715 ], [ 79.2137981, 30.5920068 ], [ 79.2118549, 30.5930383 ], [ 79.2108678, 30.5943682 ], [ 79.2106533, 30.595772 ], [ 79.2083358, 30.5975451 ], [ 79.2080354, 30.6001308 ], [ 79.2076063, 30.6012021 ], [ 79.2053318, 30.6033076 ], [ 79.2030572, 30.6049697 ], [ 79.202671, 30.6069643 ], [ 79.2016518, 30.60786 ], [ 79.1993388, 30.6093247 ] ] } },
{ "type": "Feature", "properties": { "alt_name": null, "area": null, "boat": null, "destination": null, "int_name": null, "intermittent": null, "layer": null, "name": null, "name:en": null, "name:hi": null, "name:kn": null, "name:ml": null, "plant:source": null, "power": null, "seasonal": null, "waterway": "stream", "wikipedia": null, "osm_id": 1072032145, "source": "OPEN_DATA", "tunnel": null }, "geometry": { "type": "LineString", "coordinates": [ [ 79.3016767, 30.5948115 ], [ 79.2994022, 30.5955872 ], [ 79.2983293, 30.5956611 ], [ 79.2960119, 30.5967693 ], [ 79.2949819, 30.5980253 ], [ 79.2926216, 30.5978037 ], [ 79.2896175, 30.5976559 ], [ 79.2867422, 30.5972496 ], [ 79.2839956, 30.5966216 ], [ 79.2813615, 30.5960036 ] ] } },
{ "type": "Feature", "properties": { "alt_name": null, "area": null, "boat": null, "destination": null, "int_name": null, "intermittent": null, "layer": null, "name": null, "name:en": null, "name:hi": null, "name:kn": null, "name:ml": null, "plant:source": null, "power": null, "seasonal": null, "waterway": "stream", "wikipedia": null, "osm_id": 1072032154, "source": "OPEN_DATA", "tunnel": null }, "geometry": { "type": "LineString", "coordinates": [ [ 79.2921495, 30.5851325 ], [ 79.2921495, 30.5871644 ], [ 79.2912912, 30.588051 ], [ 79.289875, 30.588753 ], [ 79.28936, 30.5897504 ], [ 79.2885446, 30.5903785 ], [ 79.2868709, 30.5925581 ], [ 79.2857551, 30.5939249 ], [ 79.2845964, 30.5948854 ], [ 79.2836093, 30.595144 ], [ 79.282279, 30.5954395 ], [ 79.2813615, 30.5960036 ], [ 79.2807769, 30.596363 ], [ 79.2793607, 30.5968802 ], [ 79.2774725, 30.5982839 ], [ 79.2747259, 30.5997984 ], [ 79.272623, 30.6010174 ], [ 79.2706919, 30.6013313 ], [ 79.2683959, 30.6013498 ], [ 79.2659068, 30.6014791 ], [ 79.2640829, 30.602458 ], [ 79.2637825, 30.6027904 ], [ 79.2628491, 30.6036769 ], [ 79.261626, 30.6039262 ], [ 79.2606175, 30.6049143 ], [ 79.2598987, 30.6061979 ], [ 79.2592549, 30.6084972 ], [ 79.2586648, 30.6087695 ], [ 79.2578065, 30.6090835 ], [ 79.2567658, 30.6101592 ], [ 79.2550921, 30.6106025 ], [ 79.2542982, 30.6119321 ], [ 79.2529356, 30.6138527 ], [ 79.2525197, 30.6142873 ] ] } },
{ "type": "Feature", "properties": { "alt_name": null, "area": null, "boat": null, "destination": null, "int_name": null, "intermittent": null, "layer": null, "name": null, "name:en": null, "name:hi": null, "name:kn": null, "name:ml": null, "plant:source": null, "power": null, "seasonal": null, "waterway": "stream", "wikipedia": null, "osm_id": 1072032152, "source": "OPEN_DATA", "tunnel": null }, "geometry": { "type": "LineString", "coordinates": [ [ 79.2991876, 30.6004633 ], [ 79.2982006, 30.6029382 ], [ 79.2991447, 30.6053391 ], [ 79.2985439, 30.6079247 ], [ 79.2988443, 30.6108426 ], [ 79.2992305, 30.6130586 ], [ 79.2975134, 30.6160026 ] ] } },
{ "type": "Feature", "properties": { "alt_name": null, "area": null, "boat": null, "destination": null, "int_name": null, "intermittent": null, "layer": null, "name": null, "name:en": null, "name:hi": null, "name:kn": null, "name:ml": null, "plant:source": null, "power": null, "seasonal": null, "waterway": "stream", "wikipedia": null, "osm_id": 1072032143, "source": "OPEN_DATA", "tunnel": null }, "geometry": { "type": "LineString", "coordinates": [ [ 79.3234563, 30.6058193 ], [ 79.322555, 30.6068904 ], [ 79.3217397, 30.6079985 ], [ 79.3218469, 30.6089958 ], [ 79.3231988, 30.6102331 ], [ 79.322598, 30.6116736 ], [ 79.3218255, 30.6128555 ], [ 79.3212461, 30.6144067 ], [ 79.3199587, 30.6154962 ], [ 79.3192935, 30.6171213 ], [ 79.3188, 30.6183954 ], [ 79.3179846, 30.6193003 ], [ 79.3162129, 30.6204989 ] ] } },
{ "type": "Feature", "properties": { "alt_name": null, "area": null, "boat": null, "destination": null, "int_name": null, "intermittent": null, "layer": null, "name": "Panchani Gad", "name:en": null, "name:hi": null, "name:kn": null, "name:ml": null, "plant:source": null, "power": null, "seasonal": null, "waterway": "stream", "wikipedia": null, "osm_id": 1072032153, "source": "OPEN_DATA", "tunnel": null }, "geometry": { "type": "LineString", "coordinates": [ [ 79.3130278, 30.6036769 ], [ 79.3127489, 30.6061517 ], [ 79.3110323, 30.608294 ], [ 79.3091011, 30.6095868 ], [ 79.307599, 30.6105471 ], [ 79.3056678, 30.612837 ], [ 79.3043804, 30.613982 ], [ 79.3029427, 30.6147391 ], [ 79.3012047, 30.615053 ], [ 79.2994022, 30.6151269 ], [ 79.29775, 30.6158656 ], [ 79.2975134, 30.6160026 ], [ 79.2966342, 30.6165119 ], [ 79.2953253, 30.6169735 ], [ 79.2945313, 30.6176753 ], [ 79.2930722, 30.6183031 ], [ 79.291656, 30.6188571 ], [ 79.2897677, 30.6192079 ], [ 79.2880511, 30.6200943 ], [ 79.2854333, 30.6207406 ], [ 79.2840385, 30.6214423 ], [ 79.282515, 30.6227533 ], [ 79.2810345, 30.6235565 ], [ 79.2799508, 30.6251168 ], [ 79.278599, 30.6265478 ], [ 79.2779016, 30.6273049 ], [ 79.2771183, 30.6279335 ] ] } },
{ "type": "Feature", "properties": { "alt_name": null, "area": null, "boat": null, "destination": null, "int_name": null, "intermittent": null, "layer": null, "name": null, "name:en": null, "name:hi": null, "name:kn": null, "name:ml": null, "plant:source": null, "power": null, "seasonal": null, "waterway": "stream", "wikipedia": null, "osm_id": 1072032144, "source": "OPEN_DATA", "tunnel": null }, "geometry": { "type": "LineString", "coordinates": [ [ 79.2876005, 30.6099192 ], [ 79.2863559, 30.6118398 ], [ 79.2841243, 30.6136865 ], [ 79.2827081, 30.6166042 ], [ 79.2818927, 30.6190048 ], [ 79.2809701, 30.6208329 ], [ 79.2799186, 30.6216085 ], [ 79.2794251, 30.6229934 ], [ 79.2785025, 30.6242767 ], [ 79.2774725, 30.6253661 ], [ 79.2772365, 30.6267509 ], [ 79.2771183, 30.6279335 ] ] } },
{ "type": "Feature", "properties": { "alt_name": null, "area": null, "boat": null, "destination": null, "int_name": null, "intermittent": null, "layer": null, "name": null, "name:en": null, "name:hi": null, "name:kn": null, "name:ml": null, "plant:source": null, "power": null, "seasonal": null, "waterway": "stream", "wikipedia": null, "osm_id": 1072032151, "source": "OPEN_DATA", "tunnel": null }, "geometry": { "type": "LineString", "coordinates": [ [ 79.3321895, 30.6190787 ], [ 79.3296575, 30.6188571 ], [ 79.3270826, 30.6181185 ], [ 79.326353, 30.6180446 ], [ 79.3247222, 30.6184139 ], [ 79.3224048, 30.6203713 ], [ 79.3196153, 30.6207406 ], [ 79.3168258, 30.6206668 ], [ 79.3162129, 30.6204989 ], [ 79.3158817, 30.6204082 ], [ 79.3151092, 30.6213684 ], [ 79.3135214, 30.6226241 ], [ 79.31041, 30.6231596 ], [ 79.3082428, 30.6239351 ], [ 79.305861, 30.6248214 ], [ 79.3029213, 30.6258 ], [ 79.3004751, 30.6262247 ], [ 79.299531, 30.6262801 ], [ 79.2988, 30.626609 ] ] } },
{ "type": "Feature", "properties": { "alt_name": null, "area": null, "boat": null, "destination": null, "int_name": null, "intermittent": null, "layer": null, "name": "Pandokhola Gad", "name:en": null, "name:hi": null, "name:kn": null, "name:ml": null, "plant:source": null, "power": null, "seasonal": null, "waterway": "stream", "wikipedia": null, "osm_id": 1072032150, "source": "OPEN_DATA", "tunnel": null }, "geometry": { "type": "LineString", "coordinates": [ [ 79.322319, 30.6372474 ], [ 79.3202591, 30.6375797 ], [ 79.3179845, 30.6369889 ], [ 79.3165254, 30.6356596 ], [ 79.3153667, 30.6340349 ], [ 79.3149375, 30.6321886 ], [ 79.3142509, 30.6301576 ], [ 79.3138647, 30.6287913 ], [ 79.3125772, 30.6276096 ], [ 79.3108606, 30.6265756 ], [ 79.3089294, 30.6262801 ], [ 79.3069982, 30.6264278 ], [ 79.3059482, 30.6267162 ], [ 79.2988, 30.626609 ], [ 79.2965698, 30.6265756 ], [ 79.2904329, 30.6273141 ], [ 79.283781, 30.6285697 ], [ 79.2771183, 30.6279335 ] ] } },
{ "type": "Feature", "properties": { "alt_name": null, "area": null, "boat": null, "destination": null, "int_name": null, "intermittent": null, "layer": null, "name": "Dwari Gad", "name:en": null, "name:hi": null, "name:kn": null, "name:ml": null, "plant:source": null, "power": null, "seasonal": null, "waterway": "stream", "wikipedia": null, "osm_id": 1072032146, "source": "OPEN_DATA", "tunnel": null }, "geometry": { "type": "LineString", "coordinates": [ [ 79.3009901, 30.6454444 ], [ 79.297986, 30.6452229 ], [ 79.2953252, 30.6443737 ], [ 79.2931795, 30.6434506 ], [ 79.2908191, 30.6426383 ], [ 79.2885446, 30.6421952 ], [ 79.2854547, 30.6419737 ], [ 79.2834377, 30.6422321 ], [ 79.2818069, 30.6421214 ], [ 79.2811847, 30.6416413 ], [ 79.2805195, 30.6406444 ], [ 79.2799186, 30.6394075 ], [ 79.2788458, 30.6385213 ], [ 79.2775798, 30.6376351 ], [ 79.2766142, 30.6368228 ], [ 79.276464, 30.6359366 ], [ 79.2763781, 30.6345703 ], [ 79.2759704, 30.6331487 ], [ 79.2753696, 30.6321147 ], [ 79.2748332, 30.6315608 ], [ 79.2743611, 30.6304068 ], [ 79.2742324, 30.6297514 ], [ 79.2739248, 30.6289406 ] ] } },
{ "type": "Feature", "properties": { "alt_name": null, "area": null, "boat": null, "destination": null, "int_name": null, "intermittent": null, "layer": null, "name": null, "name:en": null, "name:hi": null, "name:kn": null, "name:ml": null, "plant:source": null, "power": null, "seasonal": null, "waterway": "stream", "wikipedia": null, "osm_id": 1072032147, "source": "OPEN_DATA", "tunnel": null }, "geometry": { "type": "LineString", "coordinates": [ [ 79.2573022, 30.6460351 ], [ 79.2577314, 30.6444844 ], [ 79.2586326, 30.6422321 ], [ 79.259448, 30.6403121 ], [ 79.2601347, 30.6389459 ], [ 79.260993, 30.6376351 ], [ 79.2614436, 30.6362874 ], [ 79.2616582, 30.6348103 ], [ 79.2621517, 30.6335733 ], [ 79.2622161, 30.6328348 ], [ 79.2619371, 30.6311915 ] ] } },
{ "type": "Feature", "properties": { "alt_name": null, "area": null, "boat": null, "destination": null, "int_name": null, "intermittent": null, "layer": null, "name": null, "name:en": null, "name:hi": null, "name:kn": null, "name:ml": null, "plant:source": null, "power": null, "seasonal": null, "waterway": "stream", "wikipedia": null, "osm_id": 1072032148, "source": "OPEN_DATA", "tunnel": null }, "geometry": { "type": "LineString", "coordinates": [ [ 79.2716038, 30.6556711 ], [ 79.2712068, 30.654619 ], [ 79.2704344, 30.6539452 ], [ 79.2702842, 30.6529576 ], [ 79.2707562, 30.6519608 ], [ 79.2707348, 30.6505763 ], [ 79.2702842, 30.6491365 ], [ 79.2706489, 30.6476596 ], [ 79.2709064, 30.6460536 ], [ 79.2708206, 30.6454444 ], [ 79.2696404, 30.6444475 ], [ 79.2686748, 30.643469 ], [ 79.2676019, 30.641789 ], [ 79.2666793, 30.6399429 ], [ 79.2651557, 30.6380228 ], [ 79.2636108, 30.6350319 ], [ 79.2627311, 30.6330379 ], [ 79.2619371, 30.6311915 ], [ 79.2619586, 30.6300837 ], [ 79.2624307, 30.6294005 ], [ 79.262656, 30.628505 ], [ 79.263128, 30.6273695 ], [ 79.2634606, 30.6265017 ], [ 79.263289, 30.6256431 ], [ 79.263314, 30.6251755 ] ] } },
{ "type": "Feature", "properties": { "alt_name": null, "area": null, "boat": null, "destination": null, "int_name": null, "intermittent": null, "layer": null, "name": null, "name:en": null, "name:hi": null, "name:kn": null, "name:ml": null, "plant:source": null, "power": null, "seasonal": null, "waterway": "stream", "wikipedia": null, "osm_id": 1072032156, "source": "OPEN_DATA", "tunnel": null }, "geometry": { "type": "LineString", "coordinates": [ [ 79.2580747, 30.5748982 ], [ 79.2574739, 30.5761545 ], [ 79.2575597, 30.5780758 ], [ 79.2564439, 30.5801078 ], [ 79.254899, 30.5823985 ], [ 79.253869, 30.5832113 ], [ 79.2532682, 30.5844674 ], [ 79.2525816, 30.5858529 ], [ 79.2517233, 30.586758 ], [ 79.2512083, 30.5883466 ], [ 79.2499637, 30.5897504 ], [ 79.2489767, 30.5905632 ], [ 79.2465305, 30.591302 ], [ 79.2461443, 30.5929275 ], [ 79.24564, 30.5937032 ], [ 79.2448997, 30.594165 ], [ 79.2426145, 30.5954718 ], [ 79.241724, 30.5963168 ], [ 79.2416811, 30.5968894 ], [ 79.2398465, 30.5992166 ], [ 79.239825, 30.5998076 ], [ 79.2387843, 30.6020978 ], [ 79.237926, 30.6033075 ], [ 79.2360377, 30.6051359 ], [ 79.2350507, 30.6071675 ], [ 79.2352974, 30.6080262 ], [ 79.2351043, 30.6090235 ], [ 79.2346215, 30.6097437 ], [ 79.2336237, 30.6107317 ], [ 79.2333448, 30.6119413 ], [ 79.2332278, 30.6134017 ] ] } },
{ "type": "Feature", "properties": { "alt_name": null, "area": null, "boat": null, "destination": null, "int_name": null, "intermittent": null, "layer": null, "name": "Bantoli Gad", "name:en": null, "name:hi": null, "name:kn": null, "name:ml": null, "plant:source": null, "power": null, "seasonal": null, "waterway": "river", "wikipedia": null, "osm_id": 226839302, "source": "OPEN_DATA", "tunnel": null }, "geometry": { "type": "LineString", "coordinates": [ [ 79.2264676, 30.6175091 ], [ 79.2249548, 30.6173613 ], [ 79.2239571, 30.6176106 ], [ 79.2226589, 30.617426 ], [ 79.2218327, 30.617112 ], [ 79.2210603, 30.6170843 ], [ 79.220792, 30.616872 ], [ 79.2206955, 30.6164011 ], [ 79.2201054, 30.6161703 ], [ 79.2195153, 30.6161795 ], [ 79.219054, 30.6160225 ], [ 79.2184424, 30.615607 ], [ 79.2185068, 30.61521 ], [ 79.2127837, 30.6126169 ], [ 79.2071557, 30.6122645 ], [ 79.2065334, 30.6113596 ], [ 79.2053318, 30.6111934 ], [ 79.2047524, 30.6103809 ], [ 79.2032718, 30.6099746 ], [ 79.2030787, 30.6092543 ], [ 79.2017054, 30.6087003 ], [ 79.1995811, 30.6093836 ], [ 79.1993388, 30.6093247 ], [ 79.1985941, 30.6091435 ], [ 79.1981005, 30.6083679 ], [ 79.1973281, 30.6051913 ], [ 79.1954398, 30.6042125 ], [ 79.1913199, 30.6049143 ], [ 79.1908264, 30.6061148 ], [ 79.1892171, 30.6065765 ], [ 79.187687, 30.6065462 ] ] } },
{ "type": "Feature", "properties": { "alt_name": null, "area": null, "boat": null, "destination": null, "int_name": null, "intermittent": null, "layer": null, "name": "Madhya Maheshwar Nadi", "name:en": null, "name:hi": null, "name:kn": null, "name:ml": null, "plant:source": null, "power": null, "seasonal": null, "waterway": "river", "wikipedia": null, "osm_id": 1072032149, "source": "OPEN_DATA", "tunnel": null }, "geometry": { "type": "LineString", "coordinates": [ [ 79.2771183, 30.6279335 ], [ 79.2739248, 30.6289406 ], [ 79.2733704, 30.6291154 ], [ 79.2689582, 30.6291981 ], [ 79.263314, 30.6251755 ], [ 79.262476, 30.6245782 ], [ 79.2621384, 30.6219941 ], [ 79.2572759, 30.6158172 ], [ 79.2525197, 30.6142873 ], [ 79.2457504, 30.6121098 ], [ 79.2451978, 30.6121653 ], [ 79.2333555, 30.6133541 ], [ 79.2332278, 30.6134017 ], [ 79.2326367, 30.6136218 ], [ 79.2320895, 30.6133356 ], [ 79.2316925, 30.6134372 ], [ 79.2308557, 30.614259 ], [ 79.2298794, 30.6151269 ], [ 79.2294931, 30.6159764 ], [ 79.2296219, 30.6167242 ], [ 79.2298257, 30.6170105 ], [ 79.2296648, 30.6179061 ], [ 79.2292356, 30.6180353 ], [ 79.2286134, 30.6178137 ], [ 79.2279374, 30.6177399 ], [ 79.2275941, 30.617426 ], [ 79.227047, 30.6175829 ], [ 79.2264676, 30.6175091 ] ] } },
{ "type": "Feature", "properties": { "alt_name": null, "area": null, "boat": null, "destination": null, "int_name": null, "intermittent": null, "layer": null, "name": null, "name:en": null, "name:hi": null, "name:kn": null, "name:ml": null, "plant:source": null, "power": null, "seasonal": null, "waterway": "stream", "wikipedia": null, "osm_id": 649026470, "source": "OPEN_DATA", "tunnel": null }, "geometry": { "type": "LineString", "coordinates": [ [ 79.2400932, 30.6251168 ], [ 79.2393637, 30.6249783 ], [ 79.2387414, 30.6244706 ], [ 79.2374647, 30.6241013 ], [ 79.2364561, 30.6240366 ], [ 79.2362308, 30.6238704 ], [ 79.2356944, 30.6232611 ], [ 79.2350614, 30.6228456 ], [ 79.2340743, 30.6224763 ], [ 79.2334199, 30.6223009 ], [ 79.2324865, 30.6223378 ], [ 79.2316174, 30.6222086 ], [ 79.2302012, 30.6223655 ], [ 79.2299759, 30.6222917 ], [ 79.2293429, 30.6215808 ], [ 79.2284095, 30.6211284 ], [ 79.2279008, 30.620965 ] ] } },
{ "type": "Feature", "properties": { "alt_name": null, "area": null, "boat": null, "destination": null, "int_name": null, "intermittent": null, "layer": null, "name": null, "name:en": null, "name:hi": null, "name:kn": null, "name:ml": null, "plant:source": null, "power": null, "seasonal": null, "waterway": "stream", "wikipedia": null, "osm_id": 649026475, "source": "OPEN_DATA", "tunnel": null }, "geometry": { "type": "LineString", "coordinates": [ [ 79.2380226, 30.6280619 ], [ 79.2378509, 30.6271202 ], [ 79.2365634, 30.6256338 ], [ 79.2359948, 30.6247198 ], [ 79.2358339, 30.624369 ], [ 79.2356944, 30.6232611 ] ] } },
{ "type": "Feature", "properties": { "alt_name": null, "area": null, "boat": null, "destination": null, "int_name": null, "intermittent": null, "layer": null, "name": null, "name:en": null, "name:hi": null, "name:kn": null, "name:ml": null, "plant:source": null, "power": null, "seasonal": null, "waterway": "stream", "wikipedia": null, "osm_id": 649026479, "source": "OPEN_DATA", "tunnel": null }, "geometry": { "type": "LineString", "coordinates": [ [ 79.2164791, 30.630813 ], [ 79.2177021, 30.6298991 ], [ 79.2178884, 30.6298498 ], [ 79.2192364, 30.6294929 ], [ 79.2209637, 30.6283204 ], [ 79.2217791, 30.6283943 ], [ 79.2228627, 30.6282835 ], [ 79.2235386, 30.6277942 ], [ 79.2243326, 30.6275357 ], [ 79.2250836, 30.6268802 ], [ 79.2257059, 30.6264647 ], [ 79.225738, 30.6257446 ] ] } },
{ "type": "Feature", "properties": { "alt_name": null, "area": null, "boat": null, "destination": null, "int_name": null, "intermittent": null, "layer": null, "name": "Madhmaheshwar Nala", "name:en": null, "name:hi": null, "name:kn": null, "name:ml": null, "plant:source": null, "power": null, "seasonal": null, "waterway": "stream", "wikipedia": null, "osm_id": 229649993, "source": "OPEN_DATA", "tunnel": null }, "geometry": { "type": "LineString", "coordinates": [ [ 79.2482686, 30.6496718 ], [ 79.2462086, 30.6493211 ], [ 79.2446852, 30.6479181 ], [ 79.2439985, 30.646792 ], [ 79.2422604, 30.6447429 ], [ 79.2407369, 30.6435798 ], [ 79.2389989, 30.642066 ], [ 79.2372393, 30.6407737 ], [ 79.2358231, 30.6396659 ], [ 79.2342567, 30.6387428 ], [ 79.2324757, 30.6379305 ], [ 79.2310166, 30.6376997 ], [ 79.2300081, 30.6376443 ], [ 79.2282718, 30.6374456 ], [ 79.2279796, 30.6367906 ], [ 79.2281648, 30.6364294 ], [ 79.228066, 30.6355123 ], [ 79.2278767, 30.6343864 ], [ 79.2276874, 30.6339296 ], [ 79.2271854, 30.6332214 ], [ 79.2274529, 30.6326584 ], [ 79.2273171, 30.6320494 ], [ 79.2275722, 30.631405 ], [ 79.2276792, 30.6308207 ], [ 79.2283788, 30.6302754 ], [ 79.2285845, 30.6298292 ], [ 79.2285187, 30.6296309 ], [ 79.2284076, 30.6290856 ], [ 79.2285886, 30.6287634 ], [ 79.2287099, 30.6281542 ], [ 79.2274761, 30.6271941 ], [ 79.2272615, 30.6266032 ], [ 79.2266178, 30.6258923 ], [ 79.225738, 30.6257446 ], [ 79.2254269, 30.6254307 ], [ 79.2253518, 30.6249229 ], [ 79.2246437, 30.6246183 ], [ 79.2245579, 30.6243505 ], [ 79.2250192, 30.6239351 ], [ 79.2259848, 30.6236396 ], [ 79.2262316, 30.6232149 ], [ 79.2271972, 30.6226795 ], [ 79.2283344, 30.6220147 ], [ 79.2282379, 30.6216269 ], [ 79.2279008, 30.620965 ], [ 79.2278194, 30.6208052 ], [ 79.2278087, 30.6203805 ], [ 79.2275083, 30.6200204 ], [ 79.2272401, 30.6197527 ], [ 79.2266929, 30.6195219 ], [ 79.2266607, 30.6192449 ], [ 79.2267251, 30.6185432 ], [ 79.2269826, 30.6182108 ], [ 79.2270255, 30.6180907 ], [ 79.226532, 30.6178045 ], [ 79.2264676, 30.6175091 ] ] } },
{ "type": "Feature", "properties": { "alt_name": null, "area": null, "boat": null, "destination": null, "int_name": null, "intermittent": null, "layer": null, "name": "Gundarpongi Gad", "name:en": null, "name:hi": null, "name:kn": null, "name:ml": null, "plant:source": null, "power": null, "seasonal": null, "waterway": "waterfall", "wikipedia": null, "osm_id": 226839292, "source": "OPEN_DATA", "tunnel": null }, "geometry": { "type": "LineString", "coordinates": [ [ 79.2857551, 30.6914379 ], [ 79.284811, 30.6907736 ], [ 79.2838239, 30.6885224 ], [ 79.2816138, 30.6869355 ], [ 79.2785883, 30.685939 ], [ 79.2755198, 30.6852193 ], [ 79.2710566, 30.6838722 ], [ 79.2679024, 30.6847395 ], [ 79.2644187, 30.6846426 ], [ 79.2551984, 30.6815687 ], [ 79.2408321, 30.6788513 ], [ 79.2393422, 30.6779577 ], [ 79.2373037, 30.6781607 ], [ 79.2361987, 30.6779392 ], [ 79.2334306, 30.678622 ], [ 79.2327332, 30.6781884 ], [ 79.2321171, 30.6782103 ], [ 79.2312312, 30.6779392 ], [ 79.2304329, 30.6771785 ], [ 79.2296541, 30.6770442 ], [ 79.2291894, 30.6766616 ], [ 79.2268738, 30.6755737 ], [ 79.2248597, 30.6759186 ], [ 79.2239034, 30.6757246 ], [ 79.2232597, 30.6752171 ], [ 79.2226589, 30.6751894 ], [ 79.2223716, 30.6753965 ], [ 79.2219138, 30.6753947 ], [ 79.2208886, 30.6750418 ], [ 79.2202234, 30.6744328 ], [ 79.2185719, 30.6744131 ] ] } },
{ "type": "Feature", "properties": { "alt_name": null, "area": null, "boat": null, "destination": null, "int_name": null, "intermittent": null, "layer": null, "name": "Dankuli Chotwar Gad", "name:en": null, "name:hi": null, "name:kn": null, "name:ml": null, "plant:source": null, "power": null, "seasonal": null, "waterway": "stream", "wikipedia": null, "osm_id": 297374735, "source": "OPEN_DATA", "tunnel": null }, "geometry": { "type": "LineString", "coordinates": [ [ 79.2193601, 30.7096158 ], [ 79.2177021, 30.7081355 ], [ 79.2166936, 30.7056726 ], [ 79.2165649, 30.705322 ], [ 79.2165971, 30.7047778 ], [ 79.2168867, 30.7045564 ], [ 79.2170799, 30.7041966 ], [ 79.2170262, 30.7039361 ], [ 79.2166507, 30.7033572 ], [ 79.2165756, 30.7029144 ], [ 79.2162859, 30.7027022 ], [ 79.2163288, 30.7019457 ], [ 79.2169404, 30.7014568 ], [ 79.2170155, 30.7002575 ], [ 79.2165649, 30.699538 ], [ 79.2169833, 30.6985509 ], [ 79.2168331, 30.6979789 ], [ 79.2172408, 30.6975637 ], [ 79.2168066, 30.695316 ], [ 79.2162645, 30.6948237 ], [ 79.2161786, 30.694058 ], [ 79.2154598, 30.693772 ], [ 79.2141326, 30.6903115 ], [ 79.2140329, 30.6870923 ], [ 79.2148912, 30.68533 ], [ 79.2157895, 30.6849198 ], [ 79.2171442, 30.6834939 ], [ 79.2176378, 30.6806612 ], [ 79.2183029, 30.678753 ], [ 79.2175841, 30.6776532 ], [ 79.2177129, 30.6763982 ], [ 79.2183673, 30.6759461 ], [ 79.2185719, 30.6744131 ] ] } },
{ "type": "Feature", "properties": { "alt_name": null, "area": null, "boat": null, "destination": null, "int_name": null, "intermittent": null, "layer": null, "name": null, "name:en": null, "name:hi": null, "name:kn": null, "name:ml": null, "plant:source": null, "power": null, "seasonal": null, "waterway": "stream", "wikipedia": null, "osm_id": 226844386, "source": "OPEN_DATA", "tunnel": null }, "geometry": { "type": "LineString", "coordinates": [ [ 79.2241897, 30.7118104 ], [ 79.2222966, 30.7111941 ], [ 79.220674, 30.7105062 ], [ 79.2200947, 30.7099712 ], [ 79.2193601, 30.7096158 ] ] } },
{ "type": "Feature", "properties": { "alt_name": null, "area": null, "boat": null, "destination": null, "int_name": null, "intermittent": null, "layer": null, "name": null, "name:en": null, "name:hi": null, "name:kn": null, "name:ml": null, "plant:source": null, "power": null, "seasonal": null, "waterway": "stream", "wikipedia": null, "osm_id": 652950683, "source": "OPEN_DATA", "tunnel": null }, "geometry": { "type": "LineString", "coordinates": [ [ 79.2204487, 30.7168338 ], [ 79.2204702, 30.7163541 ], [ 79.2204702, 30.7160037 ], [ 79.2204487, 30.7156993 ], [ 79.2205453, 30.7151643 ], [ 79.2200947, 30.713421 ], [ 79.2196548, 30.7109305 ], [ 79.2195797, 30.7103125 ], [ 79.2195797, 30.7101418 ], [ 79.2193276, 30.709819 ], [ 79.2193601, 30.7096158 ] ] } },
{ "type": "Feature", "properties": { "alt_name": null, "area": null, "boat": null, "destination": null, "int_name": null, "intermittent": null, "layer": null, "name": null, "name:en": null, "name:hi": null, "name:kn": null, "name:ml": null, "plant:source": null, "power": null, "seasonal": null, "waterway": "stream", "wikipedia": null, "osm_id": 228881362, "source": "OPEN_DATA", "tunnel": null }, "geometry": { "type": "LineString", "coordinates": [ [ 79.1637638, 30.7219806 ], [ 79.1632439, 30.7201034 ], [ 79.162984, 30.7189413 ], [ 79.1622561, 30.7179356 ], [ 79.1621302, 30.7174644 ] ] } }
]
}
